A0A010RVF7	unreviewed	nitrate reductase (quinone)	taxID:1042209
A0A011TFK8	unreviewed	4Fe-4S Mo/W bis-MGD-type domain-containing protein	taxID:69279
A0A011UGZ8	unreviewed	nitrate reductase (quinone)	taxID:529
A0A011V430	unreviewed	nitrate reductase (quinone)	taxID:69279
A0A021VQM6	unreviewed	Nitrate reductase alpha subunit	taxID:948458
A0A021W1N6	unreviewed	nitrate reductase (quinone)	taxID:948458
A0A022FWY1	unreviewed	nitrate reductase (quinone)	taxID:574750
A0A022MDX7	unreviewed	nitrate reductase (quinone)	taxID:1470557
A0A022MIT0	unreviewed	Nitrate reductase alpha subunit	taxID:1470557
A0A023DDB3	unreviewed	nitrate reductase (quinone)	taxID:1220594
A0A023DIW1	unreviewed	nitrate reductase (quinone)	taxID:1220594
A0A023WND6	unreviewed	nitrate reductase (quinone)	taxID:316
A0A023X0W0	unreviewed	Nitrate reductase alpha subunit	taxID:42256
A0A024E4J3	unreviewed	nitrate reductase (quinone)	taxID:1147786
A0A024HBU1	unreviewed	nitrate reductase (quinone)	taxID:1301098
A0A024HMD9	unreviewed	nitrate reductase (quinone)	taxID:1301098
A0A024K2S3	unreviewed	Nitrate reductase alpha subunit	taxID:47839
A0A024L3N6	unreviewed	nitrate reductase (quinone)	taxID:562
A0A024L4G7	unreviewed	nitrate reductase (quinone)	taxID:562
A0A037Y3N9	unreviewed	nitrate reductase (quinone)	taxID:562
A0A045JWZ8	unreviewed	Nitrate reductase alpha subunit	taxID:1773
A0A051TQ60	unreviewed	Nitrate reductase alpha subunit	taxID:1324261
A0A059DP50	unreviewed	nitrate reductase (quinone)	taxID:1280944
A0A059FIH5	unreviewed	nitrate reductase (quinone)	taxID:1280952
A0A059FQU2	unreviewed	nitrate reductase (quinone)	taxID:1280951
A0A059G3D9	unreviewed	nitrate reductase (quinone)	taxID:1280953
A0A059L092	unreviewed	nitrate reductase (quinone)	taxID:1419583
A0A059XJS7	unreviewed	nitrate reductase (quinone)	taxID:77133
A0A059XJT1	unreviewed	4Fe-4S Mo/W bis-MGD-type domain-containing protein	taxID:77133
A0A059XPM0	unreviewed	4Fe-4S Mo/W bis-MGD-type domain-containing protein	taxID:77133
A0A059ZVY6	unreviewed	nitrate reductase (quinone)	taxID:637389
A0A060NTW2	unreviewed	nitrate reductase (quinone)	taxID:1458426
A0A061JQX2	unreviewed	nitrate reductase (quinone)	taxID:1218352
A0A061QDJ9	unreviewed	nitrate reductase (quinone)	taxID:1492281
A0A061SSQ6	unreviewed	nitrate reductase (quinone)	taxID:83219
A0A063BGI6	unreviewed	nitrate reductase (quinone)	taxID:1192124
A0A063YWH9	unreviewed	nitrate reductase (quinone)	taxID:1482739
A0A066PXI7	unreviewed	nitrate reductase (quinone)	taxID:1464546
A0A066QBV3	unreviewed	nitrate reductase (quinone)	taxID:562
A0A066SRB4	unreviewed	nitrate reductase (quinone)	taxID:562
A0A066UMG0	unreviewed	nitrate reductase (quinone)	taxID:743974
A0A069IFK6	unreviewed	nitrate reductase (quinone)	taxID:1470558
A0A069IIA8	unreviewed	nitrate reductase (quinone)	taxID:1470558
A0A069NNI9	unreviewed	nitrate reductase (quinone)	taxID:1071679
A0A069PNT3	unreviewed	nitrate reductase (quinone)	taxID:60547
A0A072N2A4	unreviewed	nitrate reductase (quinone)	taxID:1137280
A0A072NEI4	unreviewed	nitrate reductase (quinone)	taxID:1348973
A0A072NK79	unreviewed	nitrate reductase (quinone)	taxID:1348973
A0A072NTX9	unreviewed	nitrate reductase (quinone)	taxID:1348973
A0A073JPB4	unreviewed	nitrate reductase (quinone)	taxID:1598
A0A074JLT6	unreviewed	nitrate reductase (quinone)	taxID:1353528
A0A074M4S3	unreviewed	nitrate reductase (quinone)	taxID:1044
A0A075JP32	unreviewed	nitrate reductase (quinone)	taxID:403957
A0A075KBQ4	unreviewed	nitrate reductase (quinone)	taxID:484770
A0A076LP14	unreviewed	4Fe-4S Mo/W bis-MGD-type domain-containing protein	taxID:667120
A0A077DFC1	unreviewed	nitrate reductase (quinone)	taxID:1072685
A0A077FBY6	unreviewed	nitrate reductase (quinone)	taxID:237609
A0A077LJS3	unreviewed	nitrate reductase (quinone)	taxID:1028989
A0A077M5D3	unreviewed	nitrate reductase (quinone)	taxID:1194083
A0A077MH02	unreviewed	Nitrate reductase (Alpha subunit)	taxID:1193518
A0A077UGY6	unreviewed	nitrate reductase (quinone)	taxID:1654388
A0A078BI47	unreviewed	nitrate reductase (quinone)	taxID:554131
A0A078L9J5	unreviewed	nitrate reductase (quinone)	taxID:545
A0A078LGM7	unreviewed	nitrate reductase (quinone)	taxID:545
A0A078MRZ0	unreviewed	nitrate reductase (quinone)	taxID:1461584
A0A080MDY9	unreviewed	nitrate reductase (quinone)	taxID:2954383
A0A081HNM2	unreviewed	nitrate reductase (quinone)	taxID:287
A0A081I0H2	unreviewed	Nitrate reductase alpha subunit	taxID:1324269
A0A081LXU2	unreviewed	nitrate reductase (quinone)	taxID:573
A0A081XND2	unreviewed	Nitrate reductase alpha subunit	taxID:55952
A0A081XNE1	unreviewed	Nitrate reductase alpha subunit	taxID:55952
A0A084IIP9	unreviewed	nitrate reductase (quinone)	taxID:1304275
A0A084Y3Z7	unreviewed	nitrate reductase (quinone)	taxID:2954382
A0A085APE1	unreviewed	nitrate reductase (quinone)	taxID:1005994
A0A085FTZ6	unreviewed	nitrate reductase (quinone)	taxID:1502852
A0A085GEK4	unreviewed	nitrate reductase (quinone)	taxID:910964
A0A085GEN4	unreviewed	nitrate reductase (quinone)	taxID:1006004
A0A085J974	unreviewed	nitrate reductase (quinone)	taxID:1005995
A0A085U0H7	unreviewed	nitrate reductase (quinone)	taxID:1317124
A0A085VKQ9	unreviewed	nitrate reductase (quinone)	taxID:317
A0A089I230	unreviewed	nitrate reductase (quinone)	taxID:1536774
A0A089JV73	unreviewed	nitrate reductase (quinone)	taxID:1536771
A0A089KFN0	unreviewed	nitrate reductase (quinone)	taxID:1536772
A0A089M746	unreviewed	nitrate reductase (quinone)	taxID:189425
A0A089M7R3	unreviewed	nitrate reductase (quinone)	taxID:1536773
A0A089NY56	unreviewed	nitrate reductase (quinone)	taxID:693986
A0A089QA23	unreviewed	nitrate reductase (quinone)	taxID:158822
A0A090G743	unreviewed	nitrate reductase (quinone)	taxID:69974
A0A090IZZ8	unreviewed	nitrate reductase (quinone)	taxID:35841
A0A090KNG0	unreviewed	nitrate reductase (quinone)	taxID:35841
A0A090N6L5	unreviewed	nitrate reductase (quinone)	taxID:1035
A0A090NWQ2	unreviewed	nitrate reductase (quinone)	taxID:1401327
A0A090VZ23	unreviewed	nitrate reductase (quinone)	taxID:1115515
A0A090Y4C4	unreviewed	nitrate reductase (quinone)	taxID:44252
A0A090YMF0	unreviewed	nitrate reductase (quinone)	taxID:2338372
A0A090ZK88	unreviewed	nitrate reductase (quinone)	taxID:44252
A0A093SBX9	unreviewed	nitrate reductase (quinone)	taxID:55207
A0A094J9X9	unreviewed	nitrate reductase (quinone)	taxID:1517416
A0A094L7J5	unreviewed	nitrate reductase (quinone)	taxID:435908
A0A094QAT6	unreviewed	nitrate reductase (quinone)	taxID:449393
A0A094QPH9	unreviewed	nitrate reductase (quinone)	taxID:449393
A0A094RZ33	unreviewed	Nitrate reductase alpha subunit	taxID:1504322
A0A095TDV4	unreviewed	nitrate reductase (quinone)	taxID:642227
A0A095UD28	unreviewed	nitrate reductase (quinone)	taxID:1532557
A0A095Z2R1	unreviewed	nitrate reductase (quinone)	taxID:1219581
A0A096AJ78	unreviewed	4Fe-4S Mo/W bis-MGD-type domain-containing protein	taxID:1401067
A0A097IFC4	unreviewed	nitrate reductase (quinone)	taxID:558173
A0A097R4W6	unreviewed	nitrate reductase (quinone)	taxID:1453496
A0A098AXI5	unreviewed	nitrate reductase (quinone)	taxID:49338
A0A098BJ54	unreviewed	Nitrate reductase alpha subunit	taxID:1830
A0A098M5F7	unreviewed	nitrate reductase (quinone)	taxID:268407
A0A098T7W6	unreviewed	nitrate reductase (quinone)	taxID:1547437
A0A098Y5W9	unreviewed	Nitrate reductase alpha subunit	taxID:1522368
A0A099JGC7	unreviewed	nitrate reductase (quinone)	taxID:1001240
A0A099LX36	unreviewed	nitrate reductase (quinone)	taxID:29495
A0A099W0W8	unreviewed	nitrate reductase (quinone)	taxID:1497679
A0A099W7J6	unreviewed	nitrate reductase (quinone)	taxID:1552123
A0A0A0BCK4	unreviewed	Nitrate reductase alpha subunit	taxID:1408250
A0A0A0BSZ5	unreviewed	Nitrate reductase alpha subunit	taxID:947969
A0A0A0DS89	unreviewed	nitrate reductase (quinone)	taxID:1538295
A0A0A0EQ71	unreviewed	nitrate reductase (quinone)	taxID:1122185
A0A0A0ETB4	unreviewed	nitrate reductase (quinone)	taxID:1385517
A0A0A0JF20	unreviewed	nitrate reductase (quinone)	taxID:1385520
A0A0A0JP21	unreviewed	nitrate reductase (quinone)	taxID:1385521
A0A0A0JWI2	unreviewed	nitrate reductase (quinone)	taxID:1385519
A0A0A1A4M1	unreviewed	nitrate reductase (quinone)	taxID:562
A0A0A1A4S9	unreviewed	nitrate reductase (quinone)	taxID:562
A0A0A1D4I7	unreviewed	nitrate reductase (quinone)	taxID:1494608
A0A0A1M6Q2	unreviewed	nitrate reductase (quinone)	taxID:545501
A0A0A1VIK0	unreviewed	nitrate reductase (quinone)	taxID:1268622
A0A0A1WA97	unreviewed	nitrate reductase (quinone)	taxID:1219049
A0A0A3Z2P4	unreviewed	nitrate reductase (quinone)	taxID:371042
A0A0A6PF80	unreviewed	4Fe-4S Mo/W bis-MGD-type domain-containing protein	taxID:1003181
A0A0A6SN47	unreviewed	nitrate reductase (quinone)	taxID:562
A0A0A6XB72	unreviewed	nitrate reductase (quinone)	taxID:1869
A0A0A6XBH1	unreviewed	nitrate reductase (quinone)	taxID:1869
A0A0A6XYQ6	unreviewed	nitrate reductase (quinone)	taxID:363870
A0A0A6YCL2	unreviewed	nitrate reductase (quinone)	taxID:136273
A0A0A6ZR13	unreviewed	nitrate reductase (quinone)	taxID:754093
A0A0A8JG42	unreviewed	nitrate reductase (quinone)	taxID:98228
A0A0A8K226	unreviewed	nitrate reductase (quinone)	taxID:1384459
A0A0B0D753	unreviewed	nitrate reductase (quinone)	taxID:223184
A0A0B0S9G0	unreviewed	nitrate reductase (quinone)	taxID:1577051
A0A0B0VSA4	unreviewed	nitrate reductase (quinone)	taxID:562
A0A0B1K438	unreviewed	nitrate reductase (quinone)	taxID:562
A0A0B1Z5Y9	unreviewed	nitrate reductase (quinone)	taxID:104087
A0A0B2BF42	unreviewed	nitrate reductase (quinone)	taxID:1348852
A0A0B2DBN8	unreviewed	nitrate reductase (quinone)	taxID:706570
A0A0B3C4E7	unreviewed	nitrate reductase (quinone)	taxID:706570
A0A0B3SK58	unreviewed	nitrate reductase (quinone)	taxID:561184
A0A0B5DFS8	unreviewed	Nitrate reductase alpha subunit	taxID:40318
A0A0B5DSV8	unreviewed	Nitrate reductase alpha subunit	taxID:40318
A0A0B5NW06	unreviewed	nitrate reductase (quinone)	taxID:1428
A0A0B6RYH5	unreviewed	nitrate reductase (quinone)	taxID:41899
A0A0B6TSN5	unreviewed	nitrate reductase (quinone)	taxID:1224162
A0A0B7NZS6	unreviewed	4Fe-4S Mo/W bis-MGD-type domain-containing protein	taxID:66712
A0A0B8NAN9	unreviewed	Nitrate reductase alpha subunit	taxID:37332
A0A0B9A7E9	unreviewed	nitrate reductase (quinone)	taxID:1703
A0A0C1EKF5	unreviewed	nitrate reductase (quinone)	taxID:1056807
A0A0C2HJ13	unreviewed	nitrate reductase (quinone)	taxID:45670
A0A0C2W5C6	unreviewed	nitrate reductase (quinone)	taxID:135826
A0A0C3EKF9	unreviewed	nitrate reductase (quinone)	taxID:866350
A0A0C3I3D4	unreviewed	nitrate reductase (quinone)	taxID:1572758
A0A0C3IS80	unreviewed	nitrate reductase (quinone)	taxID:1572758
A0A0C4Y8B8	unreviewed	nitrate reductase (quinone)	taxID:68895
A0A0C4YAA4	unreviewed	nitrate reductase (quinone)	taxID:68895
A0A0C5GJM7	unreviewed	Nitrate reductase alpha subunit	taxID:477245
A0A0C7KMV9	unreviewed	nitrate reductase (quinone)	taxID:573
A0A0D0HL06	unreviewed	nitrate reductase (quinone)	taxID:1542965
A0A0D0P3T3	unreviewed	nitrate reductase (quinone)	taxID:294
A0A0D0RIB6	unreviewed	nitrate reductase (quinone)	taxID:294
A0A0D1ADN7	unreviewed	nitrate reductase (quinone)	taxID:1610703
A0A0D1LL61	unreviewed	Nitrate reductase alpha subunit	taxID:280871
A0A0D5LP35	unreviewed	nitrate reductase (quinone)	taxID:1486262
A0A0D5M3R1	unreviewed	nitrate reductase (quinone)	taxID:1504981
A0A0D6E957	unreviewed	nitrate reductase (quinone)	taxID:1610576
A0A0D6FVV7	unreviewed	nitrate reductase (quinone)	taxID:90371
A0A0D6G2G9	unreviewed	nitrate reductase (quinone)	taxID:90371
A0A0D6GZM2	unreviewed	nitrate reductase (quinone)	taxID:1280
A0A0D6JK72	unreviewed	nitrate reductase (quinone)	taxID:1608628
A0A0D6PIT1	unreviewed	nitrate reductase (quinone)	taxID:1120923
A0A0D6QFL6	unreviewed	nitrate reductase (quinone)	taxID:1300915
A0A0D6XU62	unreviewed	nitrate reductase (quinone)	taxID:569857
A0A0D7E5S1	unreviewed	nitrate reductase (quinone)	taxID:316
A0A0D7KCI9	unreviewed	nitrate reductase (quinone)	taxID:80878
A0A0D7LWW2	unreviewed	nitrate reductase (quinone)	taxID:546
A0A0D7WWY9	unreviewed	nitrate reductase (quinone)	taxID:159743
A0A0D8BRV0	unreviewed	nitrate reductase (quinone)	taxID:1462
A0A0D8CJL3	unreviewed	nitrate reductase (quinone)	taxID:1616823
A0A0D8HXR0	unreviewed	Nitrate reductase alpha subunit	taxID:103808
A0A0D8WDJ6	unreviewed	nitrate reductase (quinone)	taxID:562
A0A0E0TCK3	unreviewed	nitrate reductase (quinone)	taxID:550542
A0A0E0XZB5	unreviewed	nitrate reductase (quinone)	taxID:1133852
A0A0E0Y1J9	unreviewed	nitrate reductase (quinone)	taxID:1133852
A0A0E1W379	unreviewed	nitrate reductase (quinone)	taxID:320371
A0A0E1W9H5	unreviewed	nitrate reductase (quinone)	taxID:320371
A0A0E1X7X8	unreviewed	nitrate reductase (quinone)	taxID:520462
A0A0E1XDR8	unreviewed	nitrate reductase (quinone)	taxID:548470
A0A0E2L634	unreviewed	nitrate reductase (quinone)	taxID:1281200
A0A0E2L6Z2	unreviewed	nitrate reductase (quinone)	taxID:1281200
A0A0E4HC03	unreviewed	nitrate reductase (quinone)	taxID:1073571
A0A0E9ZQQ3	unreviewed	nitrate reductase (quinone)	taxID:1546029
A0A0F0FK43	unreviewed	nitrate reductase (quinone)	taxID:1619952
A0A0F1AR05	unreviewed	nitrate reductase (quinone)	taxID:2071710
A0A0F2NSN0	unreviewed	nitrate reductase (quinone)	taxID:1629721
A0A0F2Q277	unreviewed	nitrate reductase (quinone)	taxID:1629712
A0A0F2QDZ3	unreviewed	nitrate reductase (quinone)	taxID:1629720
A0A0F2QZ37	unreviewed	nitrate reductase (quinone)	taxID:1629708
A0A0F2RFV1	unreviewed	nitrate reductase (quinone)	taxID:1629710
A0A0F3WQK3	unreviewed	nitrate reductase (quinone)	taxID:562
A0A0F4J0C3	unreviewed	nitrate reductase (quinone)	taxID:68223
A0A0F4TGH7	unreviewed	nitrate reductase (quinone)	taxID:294
A0A0F4VEZ3	unreviewed	nitrate reductase (quinone)	taxID:294
A0A0F4XTZ4	unreviewed	nitrate reductase (quinone)	taxID:132476
A0A0F5J6N7	unreviewed	nitrate reductase (quinone)	taxID:1078087
A0A0F5NI02	unreviewed	Nitrate reductase alpha subunit	taxID:244292
A0A0F5W1J2	unreviewed	Nitrate reductase alpha subunit	taxID:1415558
A0A0F6AVE4	unreviewed	nitrate reductase (quinone)	taxID:430066
A0A0F6B1J1	unreviewed	nitrate reductase (quinone)	taxID:588858
A0A0F6B257	unreviewed	nitrate reductase (quinone)	taxID:588858
A0A0F6PL11	unreviewed	nitrate reductase (quinone)	taxID:1526735
A0A0F6QVP9	unreviewed	nitrate reductase (quinone)	taxID:161896
A0A0F6Z5J8	unreviewed	nitrate reductase (quinone)	taxID:92706
A0A0F7HHP6	unreviewed	nitrate reductase (quinone)	taxID:407035
A0A0F7HI85	unreviewed	nitrate reductase (quinone)	taxID:407035
A0A0F7JZ97	unreviewed	nitrate reductase (quinone)	taxID:1543721
A0A0F7NIK4	unreviewed	Nitrate reductase alpha subunit	taxID:444103
A0A0F7PJ30	unreviewed	nitrate reductase (quinone)	taxID:1620421
A0A0F7VMS4	unreviewed	Nitrate reductase alpha subunit	taxID:1437453
A0A0F9PE74	unreviewed	nitrate reductase (quinone)	taxID:412755
A0A0F9VHW9	unreviewed	4Fe-4S Mo/W bis-MGD-type domain-containing protein	taxID:412755
A0A0F9VPW4	unreviewed	nitrate reductase (quinone)	taxID:412755
A0A0G1NGV5	unreviewed	4Fe-4S Mo/W bis-MGD-type domain-containing protein	taxID:1619069
A0A0G3EXN5	unreviewed	nitrate reductase (quinone)	taxID:445709
A0A0G3GH84	unreviewed	nitrate reductase (quinone)	taxID:587753
A0A0G3H503	unreviewed	nitrate reductase (quinone)	taxID:136857
A0A0G3HC53	unreviewed	nitrate reductase (quinone)	taxID:1072256
A0A0G4Q8U9	unreviewed	nitrate reductase (quinone)	taxID:102862
A0A0G8FAV1	unreviewed	nitrate reductase (quinone)	taxID:1396
A0A0H0RAF6	unreviewed	nitrate reductase (quinone)	taxID:562
A0A0H0RGI8	unreviewed	nitrate reductase (quinone)	taxID:562
A0A0H2KIP6	unreviewed	nitrate reductase (quinone)	taxID:264251
A0A0H2LSH3	unreviewed	nitrate reductase (quinone)	taxID:34073
A0A0H2UYV7	unreviewed	nitrate reductase (quinone)	taxID:623
A0A0H2V839	unreviewed	nitrate reductase (quinone)	taxID:199310
A0A0H2V8K3	unreviewed	nitrate reductase (quinone)	taxID:199310
A0A0H2VHP1	unreviewed	nitrate reductase (quinone)	taxID:176280
A0A0H2WH95	unreviewed	nitrate reductase (quinone)	taxID:243160
A0A0H2WPM1	unreviewed	nitrate reductase (quinone)	taxID:295319
A0A0H2WPQ7	unreviewed	nitrate reductase (quinone)	taxID:295319
A0A0H2WWY0	unreviewed	nitrate reductase (quinone)	taxID:93062
A0A0H2XEE7	unreviewed	nitrate reductase (quinone)	taxID:367830
A0A0H2YY47	unreviewed	nitrate reductase (quinone)	taxID:405955
A0A0H2YZI7	unreviewed	nitrate reductase (quinone)	taxID:405955
A0A0H2ZFJ3	unreviewed	nitrate reductase (quinone)	taxID:208963
A0A0H2ZSI1	unreviewed	Nitrate reductase alpha subunit	taxID:243243
A0A0H3AUX8	unreviewed	nitrate reductase (quinone)	taxID:444178
A0A0H3BRF7	unreviewed	nitrate reductase (quinone)	taxID:423368
A0A0H3BUK4	unreviewed	nitrate reductase (quinone)	taxID:423368
A0A0H3CHR0	unreviewed	nitrate reductase (quinone)	taxID:716541
A0A0H3CJV7	unreviewed	nitrate reductase (quinone)	taxID:716541
A0A0H3DQN1	unreviewed	4Fe-4S Mo/W bis-MGD-type domain-containing protein	taxID:718251
A0A0H3EI35	unreviewed	nitrate reductase (quinone)	taxID:685038
A0A0H3EIW9	unreviewed	nitrate reductase (quinone)	taxID:685038
A0A0H3EZ60	unreviewed	nitrate reductase (quinone)	taxID:566546
A0A0H3FAX2	unreviewed	nitrate reductase (quinone)	taxID:2703885
A0A0H3FZH8	unreviewed	nitrate reductase (quinone)	taxID:1028307
A0A0H3G145	unreviewed	nitrate reductase (quinone)	taxID:1028307
A0A0H3G6Q9	unreviewed	nitrate reductase (quinone)	taxID:204722
A0A0H3GQD5	unreviewed	nitrate reductase (quinone)	taxID:1125630
A0A0H3GUA4	unreviewed	nitrate reductase (quinone)	taxID:1125630
A0A0H3HCZ8	unreviewed	nitrate reductase (quinone)	taxID:1006551
A0A0H3HGR5	unreviewed	nitrate reductase (quinone)	taxID:1006551
A0A0H3HGY9	unreviewed	nitrate reductase (quinone)	taxID:884204
A0A0H3HXE3	unreviewed	nitrate reductase (quinone)	taxID:884204
A0A0H3I3M3	unreviewed	nitrate reductase (quinone)	taxID:1905730
A0A0H3JX43	unreviewed	nitrate reductase (quinone)	taxID:158878
A0A0H3KIK4	unreviewed	nitrate reductase (quinone)	taxID:426430
A0A0H3KW48	unreviewed	nitrate reductase (quinone)	taxID:395019
A0A0H3M9P5	unreviewed	Nitrate reductase alpha subunit	taxID:410289
A0A0H3MH56	unreviewed	nitrate reductase (quinone)	taxID:585057
A0A0H3ML40	unreviewed	nitrate reductase (quinone)	taxID:585057
A0A0H3NBQ5	unreviewed	nitrate reductase (quinone)	taxID:216597
A0A0H3NC01	unreviewed	nitrate reductase (quinone)	taxID:216597
A0A0H3PNL5	unreviewed	nitrate reductase (quinone)	taxID:478008
A0A0H3PPW8	unreviewed	nitrate reductase (quinone)	taxID:478008
A0A0H4I712	unreviewed	nitrate reductase (quinone)	taxID:330734
A0A0H4QMA0	unreviewed	nitrate reductase (quinone)	taxID:1007676
A0A0H5AH85	unreviewed	nitrate reductase (quinone)	taxID:200450
A0A0H5P6E4	unreviewed	nitrate reductase (quinone)	taxID:37329
A0A0H5RXF4	unreviewed	Nitrate reductase alpha subunit	taxID:146018
A0A0H5SC49	unreviewed	Nitrate reductase alpha subunit	taxID:146018
A0A0H8C4P6	unreviewed	nitrate reductase (quinone)	taxID:624
A0A0I0FF75	unreviewed	nitrate reductase (quinone)	taxID:624
A0A0I9SHQ7	unreviewed	nitrate reductase (quinone)	taxID:1619235
A0A0I9VH49	unreviewed	Nitrate reductase alpha subunit	taxID:29311
A0A0J0UMB5	unreviewed	nitrate reductase (quinone)	taxID:680496
A0A0J0YT99	unreviewed	nitrate reductase (quinone)	taxID:1470200
A0A0J1FN44	unreviewed	nitrate reductase (quinone)	taxID:476652
A0A0J1I134	unreviewed	nitrate reductase (quinone)	taxID:1392
A0A0J1LFB3	unreviewed	nitrate reductase (quinone)	taxID:1397
A0A0J1LWZ6	unreviewed	nitrate reductase (quinone)	taxID:1686381
A0A0J1LXJ5	unreviewed	nitrate reductase (quinone)	taxID:1686381
A0A0J1R6P4	unreviewed	nitrate reductase (quinone)	taxID:1686382
A0A0J2BIL7	unreviewed	nitrate reductase (quinone)	taxID:562
A0A0J2C1J8	unreviewed	nitrate reductase (quinone)	taxID:562
A0A0J2EMJ8	unreviewed	nitrate reductase (quinone)	taxID:562
A0A0J2HN41	unreviewed	nitrate reductase (quinone)	taxID:1134687
A0A0J2J9N9	unreviewed	nitrate reductase (quinone)	taxID:573
A0A0J5LXM1	unreviewed	nitrate reductase (quinone)	taxID:61647
A0A0J5M497	unreviewed	nitrate reductase (quinone)	taxID:61647
A0A0J5WCI9	unreviewed	nitrate reductase (quinone)	taxID:292
A0A0J6HBS5	unreviewed	nitrate reductase (quinone)	taxID:1664069
A0A0J6HM21	unreviewed	nitrate reductase (quinone)	taxID:163011
A0A0J6K9C2	unreviewed	nitrate reductase (quinone)	taxID:1628193
A0A0J6L7U7	unreviewed	nitrate reductase (quinone)	taxID:1628206
A0A0J6NS99	unreviewed	nitrate reductase (quinone)	taxID:1628212
A0A0J6WMM7	unreviewed	Nitrate reductase alpha subunit	taxID:1800
A0A0J7JDG4	unreviewed	nitrate reductase (quinone)	taxID:1658765
A0A0J7ZNS5	unreviewed	Nitrate reductase alpha subunit	taxID:1938
A0A0J8GFC6	unreviewed	nitrate reductase (quinone)	taxID:1430899
A0A0J8IM72	unreviewed	nitrate reductase (quinone)	taxID:1674920
A0A0J8U666	unreviewed	Nitrate reductase alpha subunit	taxID:451644
A0A0J8UDK2	unreviewed	Nitrate reductase alpha subunit	taxID:451644
A0A0J8VGP0	unreviewed	nitrate reductase (quinone)	taxID:435910
A0A0K0G7L7	unreviewed	nitrate reductase (quinone)	taxID:1637974
A0A0K0G808	unreviewed	nitrate reductase (quinone)	taxID:1637974
A0A0K0HAI1	unreviewed	nitrate reductase (quinone)	taxID:218493
A0A0K0HB41	unreviewed	nitrate reductase (quinone)	taxID:218493
A0A0K0X6C1	unreviewed	Nitrate reductase alpha subunit	taxID:134601
A0A0K1F9E6	unreviewed	nitrate reductase (quinone)	taxID:1658671
A0A0K1FHH2	unreviewed	nitrate reductase (quinone)	taxID:712538
A0A0K1JTV6	unreviewed	nitrate reductase (quinone)	taxID:1678028
A0A0K1QSW0	unreviewed	nitrate reductase (quinone)	taxID:1221522
A0A0K1UFP8	unreviewed	nitrate reductase (quinone)	taxID:1671721
A0A0K2B1M3	unreviewed	Nitrate reductase alpha subunit	taxID:278992
A0A0K2RZZ5	unreviewed	nitrate reductase (quinone)	taxID:43675
A0A0K2YDN8	unreviewed	Nitrate reductase alpha subunit	taxID:260936
A0A0K2YNV0	unreviewed	Nitrate reductase alpha subunit	taxID:260936
A0A0K3BHH5	unreviewed	Nitrate reductase alpha subunit	taxID:703222
A0A0K4FMC7	unreviewed	nitrate reductase (quinone)	taxID:562
A0A0K6GV41	unreviewed	nitrate reductase (quinone)	taxID:375574
A0A0K6I8G5	unreviewed	nitrate reductase (quinone)	taxID:339866
A0A0K6ISK0	unreviewed	nitrate reductase (quinone)	taxID:876478
A0A0K8QQ74	unreviewed	nitrate reductase (quinone)	taxID:1475481
A0A0K9HXQ9	unreviewed	nitrate reductase (quinone)	taxID:1422
A0A0L0AP31	unreviewed	nitrate reductase (quinone)	taxID:1681196
A0A0L0GPV2	unreviewed	4Fe-4S Mo/W bis-MGD-type domain-containing protein	taxID:379893
A0A0L0GQE1	unreviewed	nitrate reductase (quinone)	taxID:379893
A0A0L0GVQ1	unreviewed	Nitrate reductase	taxID:379893
A0A0L0QVW5	unreviewed	nitrate reductase (quinone)	taxID:1473
A0A0L1MIR9	unreviewed	nitrate reductase (quinone)	taxID:317
A0A0L6XVE4	unreviewed	nitrate reductase (quinone)	taxID:562
A0A0L7AAI0	unreviewed	nitrate reductase (quinone)	taxID:562
A0A0L7T8A2	unreviewed	nitrate reductase (quinone)	taxID:1560201
A0A0L7TGI5	unreviewed	nitrate reductase (quinone)	taxID:1560201
A0A0L8ACC8	unreviewed	nitrate reductase (quinone)	taxID:1167641
A0A0M0F620	unreviewed	nitrate reductase (quinone)	taxID:1350482
A0A0M0KE22	unreviewed	nitrate reductase (quinone)	taxID:86665
A0A0M0QSN4	unreviewed	nitrate reductase (quinone)	taxID:28901
A0A0M1P4Y3	unreviewed	nitrate reductase (quinone)	taxID:1705565
A0A0M2EZM9	unreviewed	nitrate reductase (quinone)	taxID:180957
A0A0M2GWU7	unreviewed	Nitrate reductase alpha subunit	taxID:69369
A0A0M2H974	unreviewed	nitrate reductase (quinone)	taxID:69370
A0A0M2LYM3	unreviewed	nitrate reductase (quinone)	taxID:1642949
A0A0M2S852	unreviewed	Nitrate reductase alpha subunit	taxID:1538294
A0A0M2SGN3	unreviewed	nitrate reductase (quinone)	taxID:1432562
A0A0M2SID5	unreviewed	nitrate reductase (quinone)	taxID:1432562
A0A0M2VCA8	unreviewed	nitrate reductase (quinone)	taxID:336831
A0A0M2VGV2	unreviewed	nitrate reductase (quinone)	taxID:1632859
A0A0M2WJM0	unreviewed	nitrate reductase (quinone)	taxID:1649647
A0A0M3TUH3	unreviewed	nitrate reductase (quinone)	taxID:1705394
A0A0M4MR84	unreviewed	nitrate reductase (quinone)	taxID:361183
A0A0M4QRE2	unreviewed	nitrate reductase (quinone)	taxID:656366
A0A0M6XW73	unreviewed	nitrate reductase (quinone)	taxID:282197
A0A0M7BNY0	unreviewed	nitrate reductase (quinone)	taxID:550
A0A0M7FS74	unreviewed	nitrate reductase (quinone)	taxID:550
A0A0M7GRN1	unreviewed	nitrate reductase (quinone)	taxID:134375
A0A0M8PF30	unreviewed	Nitrate reductase alpha subunit	taxID:1441923
A0A0M8RFX3	unreviewed	Nitrate reductase alpha subunit	taxID:1519475
A0A0M8RJ26	unreviewed	Nitrate reductase alpha subunit	taxID:1519475
A0A0M8SI66	unreviewed	Nitrate reductase alpha subunit	taxID:1415557
A0A0M8TRS2	unreviewed	Nitrate reductase alpha subunit	taxID:1415546
A0A0M8TU18	unreviewed	Nitrate reductase alpha subunit	taxID:1415546
A0A0M8WL86	unreviewed	Nitrate reductase alpha subunit	taxID:1519492
A0A0M9UKQ2	unreviewed	nitrate reductase (quinone)	taxID:1704590
A0A0M9XA83	unreviewed	Nitrate reductase alpha subunit	taxID:36816
A0A0N0IB10	unreviewed	nitrate reductase (quinone)	taxID:1354267
A0A0N0J6T4	unreviewed	nitrate reductase (quinone)	taxID:1523424
A0A0N0MB29	unreviewed	nitrate reductase (quinone)	taxID:1526658
A0A0N0TPW1	unreviewed	Nitrate reductase alpha subunit	taxID:1415542
A0A0N0TWU0	unreviewed	Nitrate reductase alpha subunit	taxID:1519498
A0A0N0XK55	unreviewed	nitrate reductase (quinone)	taxID:857265
A0A0N0ZPZ3	unreviewed	nitrate reductase (quinone)	taxID:37636
A0A0N1A8Y8	unreviewed	nitrate reductase (quinone)	taxID:1523421
A0A0N1QWB5	unreviewed	nitrate reductase (quinone)	taxID:439843
A0A0N1TV33	unreviewed	nitrate reductase (quinone)	taxID:439843
A0A0N6ZFW0	unreviewed	Nitrate reductase alpha subunit	taxID:1561022
A0A0N6ZLC2	unreviewed	nitrate reductase (quinone)	taxID:1561022
A0A0N7H9I4	unreviewed	Nitrate reductase alpha subunit	taxID:1766
A0A0N7JA80	unreviewed	nitrate reductase (quinone)	taxID:1678129
A0A0N9IIL1	unreviewed	4Fe-4S Mo/W bis-MGD-type domain-containing protein	taxID:860235
A0A0N9NJ57	unreviewed	nitrate reductase (quinone)	taxID:1136941
A0A0N9VQU4	unreviewed	nitrate reductase (quinone)	taxID:1324350
A0A0N9WNB2	unreviewed	nitrate reductase (quinone)	taxID:294
A0A0N9WNV2	unreviewed	nitrate reductase (quinone)	taxID:294
A0A0N9Y5B3	unreviewed	Nitrate reductase alpha subunit	taxID:1766
A0A0P0UQE4	unreviewed	nitrate reductase (quinone)	taxID:1303921
A0A0P1F8Z1	unreviewed	nitrate reductase (quinone)	taxID:53501
A0A0P1H3K1	unreviewed	nitrate reductase (quinone)	taxID:1712645
A0A0P6RLY6	unreviewed	nitrate reductase (quinone)	taxID:1225647
A0A0P7GSE7	unreviewed	nitrate reductase (quinone)	taxID:1732020
A0A0P7KAA2	unreviewed	nitrate reductase (quinone)	taxID:1692264
A0A0P7WUZ7	unreviewed	nitrate reductase (quinone)	taxID:1666913
A0A0P7X1B2	unreviewed	nitrate reductase (quinone)	taxID:1666916
A0A0P7ZAJ2	unreviewed	nitrate reductase (quinone)	taxID:1479237
A0A0P7ZK23	unreviewed	nitrate reductase (quinone)	taxID:1392998
A0A0P8IC84	unreviewed	nitrate reductase (quinone)	taxID:546
A0A0P9C8C5	unreviewed	nitrate reductase (quinone)	taxID:381306
A0A0P9CE93	unreviewed	nitrate reductase (quinone)	taxID:381306
A0A0P9CF67	unreviewed	nitrate reductase (quinone)	taxID:471514
A0A0Q0UIP8	unreviewed	nitrate reductase (quinone)	taxID:1699078
A0A0Q1B3P4	unreviewed	nitrate reductase (quinone)	taxID:1699078
A0A0Q1CPA3	unreviewed	nitrate reductase (quinone)	taxID:1737624
A0A0Q2Y229	unreviewed	nitrate reductase (quinone)	taxID:29494
A0A0Q3QQA2	unreviewed	nitrate reductase (quinone)	taxID:1637975
A0A0Q4H712	unreviewed	nitrate reductase (quinone)	taxID:1735688
A0A0Q4N2M9	unreviewed	nitrate reductase (quinone)	taxID:1736226
A0A0Q5ITX7	unreviewed	Nitrate reductase alpha subunit	taxID:1736339
A0A0Q5NL37	unreviewed	nitrate reductase (quinone)	taxID:1736342
A0A0Q5NY21	unreviewed	nitrate reductase (quinone)	taxID:1736287
A0A0Q5ZII7	unreviewed	nitrate reductase (quinone)	taxID:1736363
A0A0Q6G1I2	unreviewed	nitrate reductase (quinone)	taxID:1736209
A0A0Q6KIA6	unreviewed	nitrate reductase (quinone)	taxID:1736346
A0A0Q6P9V2	unreviewed	nitrate reductase (quinone)	taxID:1736422
A0A0Q6QZA6	unreviewed	nitrate reductase (quinone)	taxID:1736515
A0A0Q6UIJ2	unreviewed	nitrate reductase (quinone)	taxID:1736430
A0A0Q6VAF3	unreviewed	nitrate reductase (quinone)	taxID:1736431
A0A0Q6WGQ9	unreviewed	nitrate reductase (quinone)	taxID:1736522
A0A0Q6WPQ7	unreviewed	nitrate reductase (quinone)	taxID:1736434
A0A0Q6YE09	unreviewed	nitrate reductase (quinone)	taxID:1736526
A0A0Q7ARC6	unreviewed	nitrate reductase (quinone)	taxID:1736528
A0A0Q7F9D2	unreviewed	nitrate reductase (quinone)	taxID:1736532
A0A0Q7HR84	unreviewed	nitrate reductase (quinone)	taxID:1736536
A0A0Q7JLX2	unreviewed	Nitrate reductase alpha subunit	taxID:1736539
A0A0Q7MI97	unreviewed	nitrate reductase (quinone)	taxID:1736546
A0A0Q7MUB8	unreviewed	Nitrate reductase alpha subunit	taxID:1736546
A0A0Q7NT07	unreviewed	Nitrate reductase alpha subunit	taxID:1736458
A0A0Q7R2B1	unreviewed	Nitrate reductase alpha subunit	taxID:1736460
A0A0Q7SVG6	unreviewed	nitrate reductase (quinone)	taxID:1736465
A0A0Q7TXA9	unreviewed	nitrate reductase (quinone)	taxID:1736466
A0A0Q7ZQR2	unreviewed	Nitrate reductase alpha subunit	taxID:1736475
A0A0Q8D8X4	unreviewed	nitrate reductase (quinone)	taxID:1736566
A0A0Q8EGT5	unreviewed	Nitrate reductase alpha subunit	taxID:1736571
A0A0Q8HZ69	unreviewed	Nitrate reductase alpha subunit	taxID:1736586
A0A0Q8L3T5	unreviewed	nitrate reductase (quinone)	taxID:1736481
A0A0Q8PSS2	unreviewed	Nitrate reductase alpha subunit	taxID:1736488
A0A0Q8SB56	unreviewed	nitrate reductase (quinone)	taxID:1736493
A0A0Q8SMY9	unreviewed	nitrate reductase (quinone)	taxID:1736492
A0A0Q8WNN0	unreviewed	nitrate reductase (quinone)	taxID:1736602
A0A0Q9CLR9	unreviewed	nitrate reductase (quinone)	taxID:1736508
A0A0Q9CVY3	unreviewed	nitrate reductase (quinone)	taxID:1736607
A0A0Q9D3H2	unreviewed	nitrate reductase (quinone)	taxID:1736607
A0A0Q9KDG0	unreviewed	nitrate reductase (quinone)	taxID:1736393
A0A0Q9KUL2	unreviewed	nitrate reductase (quinone)	taxID:1736394
A0A0Q9M4J4	unreviewed	nitrate reductase (quinone)	taxID:1736397
A0A0Q9NT96	unreviewed	nitrate reductase (quinone)	taxID:1736402
A0A0Q9P729	unreviewed	nitrate reductase (quinone)	taxID:1736403
A0A0Q9Q763	unreviewed	nitrate reductase (quinone)	taxID:1736408
A0A0Q9QJ30	unreviewed	nitrate reductase (quinone)	taxID:1736409
A0A0Q9R216	unreviewed	Nitrate reductase alpha subunit	taxID:1736410
A0A0Q9RTC1	unreviewed	Nitrate reductase alpha subunit	taxID:1736412
A0A0Q9SHY6	unreviewed	Nitrate reductase alpha subunit	taxID:1736415
A0A0Q9SIV6	unreviewed	Nitrate reductase alpha subunit	taxID:1736414
A0A0Q9TIP6	unreviewed	nitrate reductase (quinone)	taxID:1736416
A0A0Q9TZ68	unreviewed	nitrate reductase (quinone)	taxID:1736418
A0A0Q9U6U6	unreviewed	nitrate reductase (quinone)	taxID:1736419
A0A0Q9ZGA1	unreviewed	nitrate reductase (quinone)	taxID:1699621
A0A0R0ATL1	unreviewed	nitrate reductase (quinone)	taxID:1236960
A0A0R0CIJ4	unreviewed	nitrate reductase (quinone)	taxID:405444
A0A0R0CZM8	unreviewed	nitrate reductase (quinone)	taxID:405446
A0A0R0E2E4	unreviewed	nitrate reductase (quinone)	taxID:659018
A0A0R0MAC0	unreviewed	nitrate reductase (quinone)	taxID:1714344
A0A0R1FBB0	unreviewed	nitrate reductase (quinone)	taxID:913848
A0A0R1H9J7	unreviewed	nitrate reductase (quinone)	taxID:1423726
A0A0R1I042	unreviewed	Nitrate reductase, alpha subunit	taxID:1302272
A0A0R1JCC6	unreviewed	nitrate reductase (quinone)	taxID:1423811
A0A0R1K8Z9	unreviewed	nitrate reductase (quinone)	taxID:1423775
A0A0R1LVX6	unreviewed	nitrate reductase (quinone)	taxID:1423776
A0A0R1SE43	unreviewed	nitrate reductase (quinone)	taxID:1423815
A0A0R1VNP3	unreviewed	nitrate reductase (quinone)	taxID:1423743
A0A0R1WHI9	unreviewed	nitrate reductase (quinone)	taxID:1423779
A0A0R1XJS9	unreviewed	nitrate reductase (quinone)	taxID:1423782
A0A0R1XS80	unreviewed	nitrate reductase (quinone)	taxID:1423734
A0A0R2CUV1	unreviewed	nitrate reductase (quinone)	taxID:1423796
A0A0R2YBL1	unreviewed	nitrate reductase (quinone)	taxID:75588
A0A0R9N7F1	unreviewed	nitrate reductase (quinone)	taxID:108619
A0A0R9QA33	unreviewed	nitrate reductase (quinone)	taxID:108619
A0A0S1B4G6	unreviewed	nitrate reductase (quinone)	taxID:128780
A0A0S2LVK0	unreviewed	nitrate reductase (quinone)	taxID:656366
A0A0S2S8Y4	unreviewed	nitrate reductase (quinone)	taxID:867076
A0A0S4NMX6	unreviewed	nitrate reductase (quinone)	taxID:927703
A0A0S4TXE2	unreviewed	nitrate reductase (quinone)	taxID:305
A0A0S4UQL4	unreviewed	nitrate reductase (quinone)	taxID:305
A0A0S4UYB4	unreviewed	nitrate reductase (quinone)	taxID:305
A0A0S4WTA0	unreviewed	nitrate reductase (quinone)	taxID:305
A0A0S7YKK8	unreviewed	nitrate reductase (quinone)	taxID:1703398
A0A0S8DE33	unreviewed	nitrate reductase (quinone)	taxID:1703389
A0A0S9C6E5	unreviewed	nitrate reductase (quinone)	taxID:1736232
A0A0S9QKV4	unreviewed	nitrate reductase (quinone)	taxID:1736323
A0A0T0MDH4	unreviewed	nitrate reductase (quinone)	taxID:1736362
A0A0T0MHV3	unreviewed	Nitrate reductase alpha subunit	taxID:1736362
A0A0T2ICJ4	unreviewed	Nitrate reductase alpha subunit	taxID:1736562
A0A0T2ZL64	unreviewed	nitrate reductase (quinone)	taxID:1736490
A0A0T5PJY7	unreviewed	nitrate reductase (quinone)	taxID:1651088
A0A0T5YU76	unreviewed	nitrate reductase (quinone)	taxID:54398
A0A0T6AJ19	unreviewed	nitrate reductase (quinone)	taxID:1640514
A0A0T6LYI0	unreviewed	Nitrate reductase alpha subunit	taxID:76728
A0A0T9LRJ1	unreviewed	nitrate reductase (quinone)	taxID:631
A0A0T9PQM0	unreviewed	nitrate reductase (quinone)	taxID:1288385
A0A0T9RF64	unreviewed	nitrate reductase (quinone)	taxID:367190
A0A0U0W6E1	unreviewed	Nitrate reductase alpha subunit	taxID:1236609
A0A0U1DDD0	unreviewed	Nitrate reductase alpha subunit	taxID:761804
A0A0U1DL63	unreviewed	Nitrate reductase alpha subunit	taxID:451644
A0A0U1DYC7	unreviewed	Nitrate reductase alpha subunit	taxID:451644
A0A0U1HSU7	unreviewed	nitrate reductase (quinone)	taxID:29485
A0A0U1KKN5	unreviewed	nitrate reductase (quinone)	taxID:1462524
A0A0U1MSG8	unreviewed	nitrate reductase (quinone)	taxID:1280
A0A0U1NW15	unreviewed	nitrate reductase (quinone)	taxID:1499688
A0A0U1P4D6	unreviewed	nitrate reductase (quinone)	taxID:1499688
A0A0U1XU02	unreviewed	Nitrate reductase alpha subunit	taxID:1400207
A0A0U2WQW9	unreviewed	nitrate reductase (quinone)	taxID:446860
A0A0U2Z6B7	unreviewed	nitrate reductase (quinone)	taxID:1526571
A0A0U3HWP3	unreviewed	nitrate reductase (quinone)	taxID:446860
A0A0U3NDF4	unreviewed	nitrate reductase (quinone)	taxID:121719
A0A0U3NID3	unreviewed	Nitrate reductase alpha subunit	taxID:1725411
A0A0U4FGY7	unreviewed	nitrate reductase (quinone)	taxID:1472767
A0A0U5IQ41	unreviewed	nitrate reductase (quinone)	taxID:610332
A0A0U5JRM7	unreviewed	nitrate reductase (quinone)	taxID:1598
A0A0U5KLB7	unreviewed	nitrate reductase (quinone)	taxID:1598
A0A0U5LAM7	unreviewed	nitrate reductase (quinone)	taxID:1619313
A0A0V0Q1Q9	unreviewed	nitrate reductase (quinone)	taxID:1745182
A0A0V8RZE0	unreviewed	nitrate reductase (quinone)	taxID:1660
A0A0V8TA29	unreviewed	nitrate reductase (quinone)	taxID:1295626
A0A0V9HDE2	unreviewed	nitrate reductase (quinone)	taxID:562
A0A0V9LFH9	unreviewed	nitrate reductase (quinone)	taxID:562
A0A0V9UNL3	unreviewed	Nitrate reductase alpha subunit	taxID:1441730
A0A0W1B0K5	unreviewed	nitrate reductase (quinone)	taxID:1306852
A0A0W1JJC6	unreviewed	nitrate reductase (quinone)	taxID:49338
A0A0W3WTH5	unreviewed	nitrate reductase (quinone)	taxID:28901
A0A0W7X4W1	unreviewed	Nitrate reductase alpha subunit	taxID:1765722
A0A0W7X5G5	unreviewed	nitrate reductase (quinone)	taxID:1765722
A0A0W8G1P5	unreviewed	nitrate reductase (quinone)	taxID:938273
A0A0W8IEA9	unreviewed	Nitrate reductase alpha subunit	taxID:767452
A0A0W8JHC3	unreviewed	nitrate reductase (quinone)	taxID:1761910
A0A0X3U015	unreviewed	nitrate reductase (quinone)	taxID:1685378
A0A0X3UCJ4	unreviewed	nitrate reductase (quinone)	taxID:1685379
A0A0X3UP68	unreviewed	Nitrate reductase alpha subunit	taxID:1609095
A0A0X3VAH3	unreviewed	Nitrate reductase alpha subunit	taxID:135947
A0A0X3VKZ4	unreviewed	Nitrate reductase alpha subunit	taxID:68280
A0A0X3VMU3	unreviewed	nitrate reductase (quinone)	taxID:1609095
A0A0X3W1U0	unreviewed	Nitrate reductase alpha subunit	taxID:1609100
A0A0X3W8M5	unreviewed	Nitrate reductase alpha subunit	taxID:1609100
A0A0X3WMR5	unreviewed	nitrate reductase (quinone)	taxID:68280
A0A0X4EMI8	unreviewed	nitrate reductase (quinone)	taxID:2364150
A0A0X4EXI8	unreviewed	nitrate reductase (quinone)	taxID:2364150
A0A0X8HE26	unreviewed	nitrate reductase (quinone)	taxID:507626
A0A0X8L8A2	unreviewed	nitrate reductase (quinone)	taxID:1795043
A0A0Z0VH08	unreviewed	nitrate reductase (quinone)	taxID:1280
A0A100JJ13	unreviewed	Nitrate reductase alpha subunit	taxID:1930
A0A100VME5	unreviewed	nitrate reductase (quinone)	taxID:1451
A0A100WQE0	unreviewed	Nitrate reductase alpha subunit	taxID:144550
A0A100XG93	unreviewed	Nitrate reductase alpha subunit	taxID:1797
A0A101A0X6	unreviewed	Nitrate reductase alpha subunit	taxID:2048550
A0A101ACA3	unreviewed	Nitrate reductase alpha subunit	taxID:1772282
A0A101BEG1	unreviewed	Nitrate reductase alpha subunit	taxID:1772283
A0A101JAE4	unreviewed	Nitrate reductase alpha subunit	taxID:68262
A0A101LFE9	unreviewed	nitrate reductase (quinone)	taxID:1745378
A0A101SQH1	unreviewed	Nitrate reductase alpha subunit	taxID:1943
A0A101T9Q0	unreviewed	Nitrate reductase alpha subunit	taxID:285568
A0A101U7Z0	unreviewed	Nitrate reductase alpha subunit	taxID:661399
A0A101UVN8	unreviewed	Nitrate reductase alpha subunit	taxID:909626
A0A101V6Y6	unreviewed	nitrate reductase (quinone)	taxID:1734408
A0A101VG20	unreviewed	nitrate reductase (quinone)	taxID:1734407
A0A101Y0S8	unreviewed	nitrate reductase (quinone)	taxID:1780103
A0A102NPE7	unreviewed	nitrate reductase (quinone)	taxID:101571
A0A103PLT4	unreviewed	nitrate reductase (quinone)	taxID:101571
A0A103RRD4	unreviewed	nitrate reductase (quinone)	taxID:101571
A0A106C3H5	unreviewed	nitrate reductase (quinone)	taxID:56812
A0A108EVR4	unreviewed	nitrate reductase (quinone)	taxID:1503055
A0A109GES9	unreviewed	nitrate reductase (quinone)	taxID:1405
A0A109QJ03	unreviewed	nitrate reductase (quinone)	taxID:456163
A0A109W4Q4	unreviewed	nitrate reductase (quinone)	taxID:44742
A0A117MKE6	unreviewed	Nitrate reductase alpha subunit	taxID:68262
A0A117PER4	unreviewed	Nitrate reductase	taxID:146536
A0A117RFU6	unreviewed	Nitrate reductase alpha subunit	taxID:285568
A0A117RY90	unreviewed	Nitrate reductase alpha subunit	taxID:909626
A0A119UPK1	unreviewed	nitrate reductase (quinone)	taxID:101571
A0A120KL88	unreviewed	nitrate reductase (quinone)	taxID:111015
A0A120KRM5	unreviewed	nitrate reductase (quinone)	taxID:713030
A0A124E4Y3	unreviewed	Nitrate reductase alpha subunit	taxID:144550
A0A124IW61	unreviewed	nitrate reductase (quinone)	taxID:1765683
A0A125A8Q9	unreviewed	nitrate reductase (quinone)	taxID:1503055
A0A125BCM9	unreviewed	nitrate reductase (quinone)	taxID:36861
A0A127A3L7	unreviewed	nitrate reductase (quinone)	taxID:37927
A0A127CEE3	unreviewed	nitrate reductase (quinone)	taxID:686597
A0A127ETD6	unreviewed	nitrate reductase (quinone)	taxID:674703
A0A127FDB7	unreviewed	nitrate reductase (quinone)	taxID:465721
A0A127JXR3	unreviewed	4Fe-4S Mo/W bis-MGD-type domain-containing protein	taxID:94132
A0A132C732	unreviewed	nitrate reductase (quinone)	taxID:1637860
A0A132C795	unreviewed	nitrate reductase (quinone)	taxID:1637860
A0A132EI85	unreviewed	nitrate reductase (quinone)	taxID:1207504
A0A132F7V2	unreviewed	nitrate reductase (quinone)	taxID:1207504
A0A132MKE5	unreviewed	Nitrate reductase alpha subunit	taxID:1469144
A0A132MT50	unreviewed	Nitrate reductase alpha subunit	taxID:1469144
A0A132NHZ4	unreviewed	Nitrate reductase	taxID:1469144
A0A132PKY3	unreviewed	Nitrate reductase alpha subunit	taxID:59750
A0A132U4T5	unreviewed	nitrate reductase (quinone)	taxID:483937
A0A133KH10	unreviewed	4Fe-4S Mo/W bis-MGD-type domain-containing protein	taxID:1398
A0A133S409	unreviewed	nitrate reductase (quinone)	taxID:39777
A0A133ZFU7	unreviewed	nitrate reductase (quinone)	taxID:1384076
A0A134C694	unreviewed	nitrate reductase (quinone)	taxID:1384081
A0A135HNQ4	unreviewed	nitrate reductase (quinone)	taxID:1494590
A0A135L4C7	unreviewed	nitrate reductase (quinone)	taxID:1413211
A0A135L4K4	unreviewed	nitrate reductase (quinone)	taxID:1413211
A0A135WG09	unreviewed	nitrate reductase (quinone)	taxID:1759557
A0A136KN50	unreviewed	nitrate reductase (quinone)	taxID:1617415
A0A136MCW8	unreviewed	nitrate reductase (quinone)	taxID:1617433
A0A137S8E1	unreviewed	nitrate reductase (quinone)	taxID:1306954
A0A140E4Z0	unreviewed	nitrate reductase (quinone)	taxID:1538553
A0A140IKA2	unreviewed	nitrate reductase (quinone)	taxID:2743
A0A140NIU8	unreviewed	nitrate reductase (quinone)	taxID:1157951
A0A142FPJ4	unreviewed	nitrate reductase (quinone)	taxID:1749259
A0A142JUW5	unreviewed	nitrate reductase (quinone)	taxID:1796606
A0A143B9J1	unreviewed	nitrate reductase (quinone)	taxID:1823759
A0A143HJF0	unreviewed	nitrate reductase (quinone)	taxID:252514
A0A143PF22	unreviewed	nitrate reductase (quinone)	taxID:70255
A0A144I4K5	unreviewed	nitrate reductase (quinone)	taxID:550
A0A144MZ65	unreviewed	nitrate reductase (quinone)	taxID:1703
A0A148HY27	unreviewed	nitrate reductase (quinone)	taxID:562
A0A148NBX8	unreviewed	nitrate reductase (quinone)	taxID:1798802
A0A149R147	unreviewed	4Fe-4S Mo/W bis-MGD-type domain-containing protein	taxID:2724927
A0A149UR44	unreviewed	4Fe-4S Mo/W bis-MGD-type domain-containing protein	taxID:178900
A0A149V6R9	unreviewed	4Fe-4S Mo/W bis-MGD-type domain-containing protein	taxID:178900
A0A149VG74	unreviewed	4Fe-4S Mo/W bis-MGD-type domain-containing protein	taxID:178901
A0A150B212	unreviewed	nitrate reductase (quinone)	taxID:1396
A0A150JP60	unreviewed	nitrate reductase (quinone)	taxID:1398
A0A150KI46	unreviewed	nitrate reductase (quinone)	taxID:1398
A0A150LE01	unreviewed	nitrate reductase (quinone)	taxID:81408
A0A150LX13	unreviewed	4Fe-4S Mo/W bis-MGD-type domain-containing protein	taxID:81408
A0A150N0R2	unreviewed	nitrate reductase (quinone)	taxID:153151
A0A150N0T5	unreviewed	nitrate reductase (quinone)	taxID:1422
A0A150N3V7	unreviewed	nitrate reductase (quinone)	taxID:153151
A0A150N5H3	unreviewed	nitrate reductase (quinone)	taxID:1422
A0A150ND09	unreviewed	nitrate reductase (quinone)	taxID:1422
A0A151BVV7	unreviewed	nitrate reductase (quinone)	taxID:1807500
A0A151KWX6	unreviewed	nitrate reductase (quinone)	taxID:1763883
A0A154M545	unreviewed	Nitrate reductase alpha subunit	taxID:546365
A0A154QMG3	unreviewed	nitrate reductase (quinone)	taxID:416169
A0A154R3F9	unreviewed	nitrate reductase (quinone)	taxID:1524462
A0A154VCQ2	unreviewed	nitrate reductase (quinone)	taxID:501868
A0A157SF65	unreviewed	nitrate reductase (quinone)	taxID:123899
A0A158BVN7	unreviewed	nitrate reductase (quinone)	taxID:1777136
A0A158CAP0	unreviewed	nitrate reductase (quinone)	taxID:1777141
A0A158CE53	unreviewed	nitrate reductase (quinone)	taxID:1777143
A0A158CGU3	unreviewed	nitrate reductase (quinone)	taxID:1777140
A0A158DN44	unreviewed	nitrate reductase (quinone)	taxID:1777139
A0A158F3F0	unreviewed	nitrate reductase (quinone)	taxID:326475
A0A158FTY9	unreviewed	nitrate reductase (quinone)	taxID:196367
A0A158HIY9	unreviewed	nitrate reductase (quinone)	taxID:1232866
A0A158ITM5	unreviewed	nitrate reductase (quinone)	taxID:1777135
A0A158JGM0	unreviewed	nitrate reductase (quinone)	taxID:1353886
A0A158KR99	unreviewed	nitrate reductase (quinone)	taxID:326476
A0A158RRB7	unreviewed	nitrate reductase (quinone)	taxID:572264
A0A159ZU34	unreviewed	nitrate reductase (quinone)	taxID:294
A0A160P4K8	unreviewed	Nitrate reductase alpha subunit	taxID:39478
A0A160PR79	unreviewed	nitrate reductase (quinone)	taxID:2506452
A0A161YEB0	unreviewed	nitrate reductase (quinone)	taxID:43678
A0A161Z335	unreviewed	nitrate reductase (quinone)	taxID:455432
A0A162KVA2	unreviewed	nitrate reductase (quinone)	taxID:1763538
A0A162L3R2	unreviewed	nitrate reductase (quinone)	taxID:171437
A0A162N1C0	unreviewed	nitrate reductase (quinone)	taxID:1396
A0A163PVX8	unreviewed	nitrate reductase (quinone)	taxID:43678
A0A163VGV3	unreviewed	Nitrate reductase alpha subunit	taxID:2738409
A0A163VM74	unreviewed	Nitrate reductase alpha subunit	taxID:2738409
A0A164BNG8	unreviewed	Nitrate reductase alpha subunit	taxID:2738409
A0A164N9H4	unreviewed	nitrate reductase (quinone)	taxID:1396
A0A164PZT6	unreviewed	nitrate reductase (quinone)	taxID:1393139
A0A165LMP4	unreviewed	nitrate reductase (quinone)	taxID:1813946
A0A165QU75	unreviewed	nitrate reductase (quinone)	taxID:1735584
A0A165QYA1	unreviewed	nitrate reductase (quinone)	taxID:1590
A0A165W5Q7	unreviewed	nitrate reductase (quinone)	taxID:989410
A0A165YXD0	unreviewed	nitrate reductase (quinone)	taxID:989403
A0A166EGN5	unreviewed	nitrate reductase (quinone)	taxID:1735585
A0A166QXE1	unreviewed	nitrate reductase (quinone)	taxID:294
A0A167DWR7	unreviewed	nitrate reductase (quinone)	taxID:1763538
A0A167GJG8	unreviewed	nitrate reductase (quinone)	taxID:1763535
A0A168G368	unreviewed	nitrate reductase (quinone)	taxID:1300344
A0A168N1U4	unreviewed	nitrate reductase (quinone)	taxID:494026
A0A170L0U6	unreviewed	nitrate reductase (quinone)	taxID:573
A0A170V4A9	unreviewed	Nitrate reductase alpha subunit	taxID:1840095
A0A171AGG7	unreviewed	Nitrate reductase alpha subunit	taxID:1840095
A0A171DPU1	unreviewed	Nitrate reductase alpha subunit	taxID:161355
A0A172QST5	unreviewed	nitrate reductase (quinone)	taxID:1652495
A0A172UR97	unreviewed	Nitrate reductase alpha subunit	taxID:1682113
A0A172WQG6	unreviewed	nitrate reductase (quinone)	taxID:316
A0A172ZHK2	unreviewed	nitrate reductase (quinone)	taxID:1616788
A0A174A3U0	unreviewed	4Fe-4S Mo/W bis-MGD-type domain-containing protein	taxID:187979
A0A176QDR0	unreviewed	nitrate reductase (quinone)	taxID:262209
A0A177HU54	unreviewed	Nitrate reductase alpha subunit	taxID:1716141
A0A177IX75	unreviewed	nitrate reductase (quinone)	taxID:1705
A0A177ZMM8	unreviewed	nitrate reductase (quinone)	taxID:217031
A0A178A2K2	unreviewed	nitrate reductase (quinone)	taxID:217031
A0A178TEL2	unreviewed	nitrate reductase (quinone)	taxID:33934
A0A179B4I4	unreviewed	nitrate reductase (quinone)	taxID:2741497
A0A179BLR2	unreviewed	nitrate reductase (quinone)	taxID:920
A0A179IRB7	unreviewed	nitrate reductase (quinone)	taxID:1484
A0A191V5Z7	unreviewed	Nitrate reductase alpha subunit	taxID:146923
A0A191YUP2	unreviewed	nitrate reductase (quinone)	taxID:1853130
A0A192C6C0	unreviewed	nitrate reductase (quinone)	taxID:941280
A0A192CLR4	unreviewed	nitrate reductase (quinone)	taxID:941280
A0A192H1C6	unreviewed	nitrate reductase (quinone)	taxID:375175
A0A196QQL0	unreviewed	nitrate reductase (quinone)	taxID:1849167
A0A198FP57	unreviewed	nitrate reductase (quinone)	taxID:1354337
A0A199AY05	unreviewed	nitrate reductase (quinone)	taxID:1785156
A0A1A0F965	unreviewed	nitrate reductase (quinone)	taxID:1684425
A0A1A0IW23	unreviewed	Nitrate reductase alpha subunit	taxID:1834087
A0A1A0J4B5	unreviewed	nitrate reductase (quinone)	taxID:1834101
A0A1A0JIX9	unreviewed	Nitrate reductase alpha subunit	taxID:1834087
A0A1A0K898	unreviewed	nitrate reductase (quinone)	taxID:1834153
A0A1A0KYD3	unreviewed	Nitrate reductase alpha subunit	taxID:1834087
A0A1A0LPV1	unreviewed	Nitrate reductase alpha subunit	taxID:56689
A0A1A0MG16	unreviewed	Nitrate reductase alpha subunit	taxID:1856861
A0A1A0N395	unreviewed	Nitrate reductase alpha subunit	taxID:56689
A0A1A0Q2J5	unreviewed	Nitrate reductase alpha subunit	taxID:451644
A0A1A0R8C3	unreviewed	Nitrate reductase alpha subunit	taxID:43304
A0A1A0TTN7	unreviewed	Nitrate reductase alpha subunit	taxID:1834111
A0A1A0TV92	unreviewed	Nitrate reductase alpha subunit	taxID:1834112
A0A1A0UZC4	unreviewed	Nitrate reductase alpha subunit	taxID:1834115
A0A1A0VGZ7	unreviewed	Nitrate reductase alpha subunit	taxID:339268
A0A1A0VZW0	unreviewed	Nitrate reductase alpha subunit	taxID:43304
A0A1A0WU57	unreviewed	nitrate reductase (quinone)	taxID:1834091
A0A1A1VDJ8	unreviewed	Nitrate reductase alpha subunit	taxID:1834083
A0A1A1VFK0	unreviewed	Nitrate reductase alpha subunit	taxID:451644
A0A1A1YSY4	unreviewed	Nitrate reductase alpha subunit	taxID:43304
A0A1A2AHN9	unreviewed	Nitrate reductase alpha subunit	taxID:1834092
A0A1A2BJ28	unreviewed	Nitrate reductase alpha subunit	taxID:1834106
A0A1A2CX51	unreviewed	Nitrate reductase alpha subunit	taxID:1834097
A0A1A2DE88	unreviewed	Nitrate reductase alpha subunit	taxID:1834116
A0A1A2DED8	unreviewed	Nitrate reductase alpha subunit	taxID:1834096
A0A1A2ETJ2	unreviewed	Nitrate reductase alpha subunit	taxID:875328
A0A1A2GIC7	unreviewed	Nitrate reductase alpha subunit	taxID:1834143
A0A1A2J4E6	unreviewed	Nitrate reductase alpha subunit	taxID:1834146
A0A1A2KQX3	unreviewed	Nitrate reductase alpha subunit	taxID:1834152
A0A1A2L2W4	unreviewed	Nitrate reductase alpha subunit	taxID:1834152
A0A1A2M745	unreviewed	Nitrate reductase alpha subunit	taxID:1834144
A0A1A2MQV5	unreviewed	Nitrate reductase alpha subunit	taxID:1834128
A0A1A2NCJ7	unreviewed	Nitrate reductase alpha subunit	taxID:1856864
A0A1A2P656	unreviewed	Nitrate reductase alpha subunit	taxID:1856863
A0A1A2Q0Q3	unreviewed	Nitrate reductase alpha subunit	taxID:1834147
A0A1A2RVV8	unreviewed	Nitrate reductase alpha subunit	taxID:1834134
A0A1A2S4Q2	unreviewed	Nitrate reductase alpha subunit	taxID:339268
A0A1A2TML5	unreviewed	Nitrate reductase alpha subunit	taxID:560555
A0A1A2UWK0	unreviewed	Nitrate reductase alpha subunit	taxID:1834138
A0A1A2UY53	unreviewed	Nitrate reductase alpha subunit	taxID:1783
A0A1A2X6Z4	unreviewed	Nitrate reductase alpha subunit	taxID:1834132
A0A1A2Y1K4	unreviewed	Nitrate reductase alpha subunit	taxID:875328
A0A1A2Y7Z9	unreviewed	Nitrate reductase alpha subunit	taxID:875328
A0A1A2YA41	unreviewed	Nitrate reductase alpha subunit	taxID:339268
A0A1A2YHV9	unreviewed	Nitrate reductase alpha subunit	taxID:1834126
A0A1A2Z5B6	unreviewed	Nitrate reductase alpha subunit	taxID:487514
A0A1A2ZEL4	unreviewed	Nitrate reductase alpha subunit	taxID:487514
A0A1A3A0Q3	unreviewed	Nitrate reductase alpha subunit	taxID:1834150
A0A1A3BPE0	unreviewed	Nitrate reductase alpha subunit	taxID:1834149
A0A1A3CFY9	unreviewed	Nitrate reductase alpha subunit	taxID:1790
A0A1A3DSR3	unreviewed	Nitrate reductase alpha subunit	taxID:1834078
A0A1A3FE76	unreviewed	Nitrate reductase alpha subunit	taxID:1834075
A0A1A3H6V6	unreviewed	Nitrate reductase alpha subunit	taxID:56689
A0A1A3IC85	unreviewed	Nitrate reductase alpha subunit	taxID:1856859
A0A1A3KNE7	unreviewed	Nitrate reductase alpha subunit	taxID:1790
A0A1A3MXP7	unreviewed	Nitrate reductase alpha subunit	taxID:1790
A0A1A3NSC5	unreviewed	Nitrate reductase alpha subunit	taxID:1790
A0A1A3NXD5	unreviewed	Nitrate reductase alpha subunit	taxID:1790
A0A1A3QKF5	unreviewed	Nitrate reductase alpha subunit	taxID:1834066
A0A1A3QMH6	unreviewed	Nitrate reductase alpha subunit	taxID:1834066
A0A1A3TNW0	unreviewed	Nitrate reductase alpha subunit	taxID:875328
A0A1A3U252	unreviewed	Nitrate reductase alpha subunit	taxID:1834070
A0A1A3U4S3	unreviewed	Nitrate reductase alpha subunit	taxID:875328
A0A1A5D1N9	unreviewed	nitrate reductase (quinone)	taxID:1524461
A0A1A5DA89	unreviewed	nitrate reductase (quinone)	taxID:1524461
A0A1A5PC41	unreviewed	Nitrate reductase alpha subunit	taxID:1727216
A0A1A5PEN0	unreviewed	Nitrate reductase alpha subunit	taxID:1727216
A0A1A5YAF8	unreviewed	nitrate reductase (quinone)	taxID:1844972
A0A1A6DW00	unreviewed	nitrate reductase (quinone)	taxID:1101373
A0A1A7BWF7	unreviewed	nitrate reductase (quinone)	taxID:1747903
A0A1A8XUQ5	unreviewed	nitrate reductase (quinone)	taxID:1860102
A0A1A8XY49	unreviewed	Nitrate reductase 2 (NRZ), alpha subunit	taxID:1860101
A0A1A9BWK1	unreviewed	Nitrate reductase alpha subunit	taxID:1839783
A0A1A9BX71	unreviewed	Nitrate reductase alpha subunit	taxID:1839783
A0A1A9GNY1	unreviewed	Nitrate reductase alpha subunit	taxID:1300347
A0A1A9IZK1	unreviewed	nitrate reductase (quinone)	taxID:1849967
A0A1A9J793	unreviewed	Nitrate reductase alpha subunit	taxID:1849967
A0A1A9KFU6	unreviewed	nitrate reductase (quinone)	taxID:53408
A0A1A9KHZ5	unreviewed	nitrate reductase (quinone)	taxID:53408
A0A1A9NPB5	unreviewed	nitrate reductase (quinone)	taxID:1848039
A0A1A9PYV0	unreviewed	nitrate reductase (quinone)	taxID:1890302
A0A1A9R936	unreviewed	nitrate reductase (quinone)	taxID:1805819
A0A1A9RHB3	unreviewed	nitrate reductase (quinone)	taxID:539
A0A1A9RHX7	unreviewed	nitrate reductase (quinone)	taxID:539
A0A1A9RS97	unreviewed	nitrate reductase (quinone)	taxID:539
A0A1A9S122	unreviewed	nitrate reductase (quinone)	taxID:1795827
A0A1B1AHI1	unreviewed	nitrate reductase (quinone)	taxID:1759059
A0A1B1AVN9	unreviewed	Nitrate reductase alpha subunit	taxID:68214
A0A1B1BKW0	unreviewed	nitrate reductase (quinone)	taxID:670052
A0A1B1I2B7	unreviewed	nitrate reductase (quinone)	taxID:712528
A0A1B1K4U5	unreviewed	Nitrate reductase alpha subunit	taxID:37919
A0A1B1PGH2	unreviewed	NarG nitrate reductase alpha subunit	taxID:1763009
A0A1B1S4C4	unreviewed	nitrate reductase (quinone)	taxID:1302659
A0A1B2DUW6	unreviewed	nitrate reductase (quinone)	taxID:1870820
A0A1B2FL46	unreviewed	nitrate reductase (quinone)	taxID:309857
A0A1B2FL48	unreviewed	4Fe-4S Mo/W bis-MGD-type domain-containing protein	taxID:309857
A0A1B2IVI7	unreviewed	nitrate reductase (quinone)	taxID:240427
A0A1B3LPQ0	unreviewed	nitrate reductase (quinone)	taxID:1842540
A0A1B3M236	unreviewed	nitrate reductase (quinone)	taxID:1842537
A0A1B3NKS3	unreviewed	nitrate reductase (quinone)	taxID:1842539
A0A1B3PNT7	unreviewed	nitrate reductase (quinone)	taxID:1842533
A0A1B3X6K6	unreviewed	nitrate reductase (quinone)	taxID:1884263
A0A1B4FII4	unreviewed	nitrate reductase (quinone)	taxID:1385591
A0A1B4FM30	unreviewed	nitrate reductase (quinone)	taxID:1385591
A0A1B4FU80	unreviewed	nitrate reductase (quinone)	taxID:1385591
A0A1B4G7D5	unreviewed	nitrate reductase (quinone)	taxID:1385591
A0A1B4LIC2	unreviewed	nitrate reductase (quinone)	taxID:101571
A0A1B6W057	unreviewed	nitrate reductase (quinone)	taxID:1795832
A0A1B7HQ57	unreviewed	nitrate reductase (quinone)	taxID:1354253
A0A1B7HWL5	unreviewed	nitrate reductase (quinone)	taxID:1354255
A0A1B7ISM8	unreviewed	nitrate reductase (quinone)	taxID:1354251
A0A1B7JVZ7	unreviewed	nitrate reductase (quinone)	taxID:1354272
A0A1B7JWY9	unreviewed	nitrate reductase (quinone)	taxID:1354264
A0A1B7K076	unreviewed	nitrate reductase (quinone)	taxID:1354264
A0A1B7KVC9	unreviewed	nitrate reductase (quinone)	taxID:1426
A0A1B7L948	unreviewed	nitrate reductase (quinone)	taxID:1691903
A0A1B7LHU9	unreviewed	nitrate reductase (quinone)	taxID:1838280
A0A1B7M006	unreviewed	nitrate reductase (quinone)	taxID:1837282
A0A1B7U1J9	unreviewed	Nitrate reductase alpha subunit	taxID:1834089
A0A1B8HK10	unreviewed	nitrate reductase (quinone)	taxID:368603
A0A1B8P1J8	unreviewed	nitrate reductase (quinone)	taxID:2746
A0A1B8PVX1	unreviewed	nitrate reductase (quinone)	taxID:477
A0A1B8QJ30	unreviewed	nitrate reductase (quinone)	taxID:478
A0A1B8SHL1	unreviewed	Nitrate reductase alpha subunit	taxID:354243
A0A1B8V3T4	unreviewed	nitrate reductase (quinone)	taxID:1843184
A0A1B9D8G4	unreviewed	Nitrate reductase alpha subunit	taxID:1780
A0A1B9YFZ1	unreviewed	nitrate reductase (quinone)	taxID:189873
A0A1C0AHF4	unreviewed	nitrate reductase (quinone)	taxID:1427523
A0A1C2C7A1	unreviewed	nitrate reductase (quinone)	taxID:1856684
A0A1C2G6E4	unreviewed	nitrate reductase (quinone)	taxID:1598
A0A1C3HF71	unreviewed	nitrate reductase (quinone)	taxID:615
A0A1C3K2W4	unreviewed	nitrate reductase (quinone)	taxID:1851544
A0A1C3Q1Q1	unreviewed	nitrate reductase (quinone)	taxID:1463165
A0A1C4BH60	unreviewed	nitrate reductase (quinone)	taxID:1005665
A0A1C4CTL3	unreviewed	nitrate reductase (quinone)	taxID:1405
A0A1C4CUI9	unreviewed	nitrate reductase (quinone)	taxID:1890302
A0A1C4CWQ1	unreviewed	nitrate reductase (quinone)	taxID:1428
A0A1C4G755	unreviewed	nitrate reductase (quinone)	taxID:1005667
A0A1C4U5I4	unreviewed	Nitrate reductase alpha subunit	taxID:285665
A0A1C5FDQ4	unreviewed	Nitrate reductase alpha subunit	taxID:1839768
A0A1C5G9Z6	unreviewed	Nitrate reductase alpha subunit	taxID:47858
A0A1C5GTW7	unreviewed	Nitrate reductase alpha subunit	taxID:356852
A0A1C5H2M5	unreviewed	nitrate reductase (quinone)	taxID:356852
A0A1C5I6C5	unreviewed	Nitrate reductase alpha subunit	taxID:47864
A0A1C5J851	unreviewed	nitrate reductase (quinone)	taxID:47864
A0A1C6LII5	unreviewed	nitrate reductase (quinone)	taxID:1034889
A0A1C6LXY6	unreviewed	nitrate reductase (quinone)	taxID:1286822
A0A1C6NE60	unreviewed	nitrate reductase (quinone)	taxID:1192162
A0A1C6TQI6	unreviewed	Nitrate reductase alpha subunit	taxID:47855
A0A1C6UXX6	unreviewed	nitrate reductase (quinone)	taxID:227316
A0A1C6Z095	unreviewed	nitrate reductase (quinone)	taxID:569
A0A1C7DGM0	unreviewed	nitrate reductase (quinone)	taxID:1185653
A0A1C7WAS7	unreviewed	nitrate reductase (quinone)	taxID:1841657
A0A1C9WQ89	unreviewed	nitrate reductase (quinone)	taxID:1849032
A0A1D2I7S3	unreviewed	Nitrate reductase alpha subunit	taxID:1737066
A0A1D2I7T1	unreviewed	nitrate reductase (quinone)	taxID:1737066
A0A1D2S254	unreviewed	nitrate reductase (quinone)	taxID:1660087
A0A1D2SE40	unreviewed	nitrate reductase (quinone)	taxID:1660104
A0A1D2TVJ9	unreviewed	nitrate reductase (quinone)	taxID:1660128
A0A1D2U3K7	unreviewed	nitrate reductase (quinone)	taxID:1660096
A0A1D2YWB2	unreviewed	nitrate reductase (quinone)	taxID:337097
A0A1D3JWV4	unreviewed	nitrate reductase (quinone)	taxID:1295141
A0A1D3NZL3	unreviewed	nitrate reductase (quinone)	taxID:1890302
A0A1D4L5S4	unreviewed	nitrate reductase (quinone)	taxID:2201815
A0A1D7QT67	unreviewed	nitrate reductase (quinone)	taxID:632773
A0A1D7ZUR8	unreviewed	nitrate reductase (quinone)	taxID:1613
A0A1D8B3M9	unreviewed	nitrate reductase (quinone)	taxID:178339
A0A1D8G912	unreviewed	Nitrate reductase alpha subunit	taxID:285473
A0A1D8G921	unreviewed	nitrate reductase (quinone)	taxID:285473
A0A1D8ILT8	unreviewed	nitrate reductase (quinone)	taxID:2819280
A0A1D8JJT2	unreviewed	nitrate reductase (quinone)	taxID:298596
A0A1D8QWS6	unreviewed	4Fe-4S Mo/W bis-MGD-type domain-containing protein	taxID:481146
A0A1D8T463	unreviewed	Nitrate reductase alpha subunit	taxID:679318
A0A1D9BCI0	unreviewed	nitrate reductase (quinone)	taxID:1906741
A0A1D9BFS3	unreviewed	nitrate reductase (quinone)	taxID:1906741
A0A1D9GGL4	unreviewed	nitrate reductase (quinone)	taxID:1874317
A0A1D9LD16	unreviewed	nitrate reductase (quinone)	taxID:1108595
A0A1D9ML72	unreviewed	nitrate reductase (quinone)	taxID:1912795
A0A1E2VBG3	unreviewed	nitrate reductase (quinone)	taxID:197479
A0A1E3L2F6	unreviewed	nitrate reductase (quinone)	taxID:1886670
A0A1E3R861	unreviewed	Nitrate reductase alpha subunit	taxID:1776
A0A1E3RV98	unreviewed	Nitrate reductase alpha subunit	taxID:152142
A0A1E3SD73	unreviewed	Nitrate reductase alpha subunit	taxID:28445
A0A1E3SRK5	unreviewed	Nitrate reductase alpha subunit	taxID:243061
A0A1E3VN80	unreviewed	nitrate reductase (quinone)	taxID:1774970
A0A1E4C150	unreviewed	nitrate reductase (quinone)	taxID:1660102
A0A1E4CGP4	unreviewed	nitrate reductase (quinone)	taxID:1660115
A0A1E4E594	unreviewed	nitrate reductase (quinone)	taxID:1660119
A0A1E4EP27	unreviewed	nitrate reductase (quinone)	taxID:1660154
A0A1E4F5D4	unreviewed	nitrate reductase (quinone)	taxID:1660124
A0A1E4IL28	unreviewed	nitrate reductase (quinone)	taxID:1660138
A0A1E4K2Q1	unreviewed	nitrate reductase (quinone)	taxID:1660142
A0A1E4L5D1	unreviewed	4Fe-4S Mo/W bis-MGD-type domain-containing protein	taxID:1660149
A0A1E4M075	unreviewed	nitrate reductase (quinone)	taxID:1660159
A0A1E4NNM6	unreviewed	nitrate reductase (quinone)	taxID:1660135
A0A1E4PUQ2	unreviewed	nitrate reductase (quinone)	taxID:1660139
A0A1E7RME6	unreviewed	nitrate reductase (quinone)	taxID:1904462
A0A1E7Z049	unreviewed	nitrate reductase (quinone)	taxID:33059
A0A1E8B8Y2	unreviewed	nitrate reductase (quinone)	taxID:1405
A0A1E8BPE5	unreviewed	nitrate reductase (quinone)	taxID:1405
A0A1E8CTQ3	unreviewed	nitrate reductase (quinone)	taxID:1869167
A0A1E8D1R9	unreviewed	nitrate reductase (quinone)	taxID:1869167
A0A1E8RRG2	unreviewed	nitrate reductase (quinone)	taxID:1739349
A0A1E9A9C6	unreviewed	nitrate reductase (quinone)	taxID:1739306
A0A1E9GAS4	unreviewed	nitrate reductase (quinone)	taxID:1739269
A0A1E9M2S3	unreviewed	nitrate reductase (quinone)	taxID:1715189
A0A1E9TBD5	unreviewed	nitrate reductase (quinone)	taxID:1715109
A0A1E9ZFS5	unreviewed	nitrate reductase (quinone)	taxID:1715008
A0A1E9ZFT3	unreviewed	nitrate reductase (quinone)	taxID:1715007
A0A1F0KSF8	unreviewed	nitrate reductase (quinone)	taxID:1739503
A0A1F0PJ68	unreviewed	nitrate reductase (quinone)	taxID:1739484
A0A1F0Q8R1	unreviewed	nitrate reductase (quinone)	taxID:1739482
A0A1F0QZX5	unreviewed	nitrate reductase (quinone)	taxID:1739475
A0A1F0VUH8	unreviewed	nitrate reductase (quinone)	taxID:1739446
A0A1F0XVN8	unreviewed	nitrate reductase (quinone)	taxID:1739432
A0A1F1DIM2	unreviewed	nitrate reductase (quinone)	taxID:1739398
A0A1F1FNB7	unreviewed	nitrate reductase (quinone)	taxID:1739387
A0A1F1KZV9	unreviewed	nitrate reductase (quinone)	taxID:1581050
A0A1F1L1P5	unreviewed	nitrate reductase (quinone)	taxID:1581054
A0A1F1UQG6	unreviewed	nitrate reductase (quinone)	taxID:1581138
A0A1F1VLB9	unreviewed	nitrate reductase (quinone)	taxID:1581133
A0A1F1W0H0	unreviewed	nitrate reductase (quinone)	taxID:1581127
A0A1F2F2R9	unreviewed	nitrate reductase (quinone)	taxID:1581089
A0A1F2M8Y3	unreviewed	nitrate reductase (quinone)	taxID:1581110
A0A1F2MCW6	unreviewed	Nitrate reductase subunit alpha	taxID:1581110
A0A1F2RH72	unreviewed	nitrate reductase (quinone)	taxID:1797186
A0A1F2RVC6	unreviewed	nitrate reductase (quinone)	taxID:1797179
A0A1F2SV26	unreviewed	4Fe-4S Mo/W bis-MGD-type domain-containing protein	taxID:1797187
A0A1F2TS48	unreviewed	nitrate reductase (quinone)	taxID:1797191
A0A1F2TVA4	unreviewed	nitrate reductase (quinone)	taxID:1797191
A0A1F2XR48	unreviewed	Nitrate reductase subunit alpha	taxID:1797215
A0A1F2ZK72	unreviewed	nitrate reductase (quinone)	taxID:1797226
A0A1F3AD44	unreviewed	nitrate reductase (quinone)	taxID:1797225
A0A1F3BHU8	unreviewed	nitrate reductase (quinone)	taxID:1797314
A0A1F3E113	unreviewed	nitrate reductase (quinone)	taxID:1797313
A0A1F3GYX0	unreviewed	nitrate reductase (quinone)	taxID:1797330
A0A1F3M781	unreviewed	nitrate reductase (quinone)	taxID:1797348
A0A1F3NZE7	unreviewed	nitrate reductase (quinone)	taxID:1797365
A0A1F3SRG1	unreviewed	nitrate reductase (quinone)	taxID:1797384
A0A1F3ST24	unreviewed	nitrate reductase (quinone)	taxID:1797384
A0A1F4B3H5	unreviewed	nitrate reductase (quinone)	taxID:1797486
A0A1F4B3P1	unreviewed	nitrate reductase (quinone)	taxID:1797486
A0A1F4BDC1	unreviewed	nitrate reductase (quinone)	taxID:1797489
A0A1F4BFI1	unreviewed	nitrate reductase (quinone)	taxID:1797492
A0A1F4CNR0	unreviewed	4Fe-4S Mo/W bis-MGD-type domain-containing protein	taxID:1797495
A0A1F4D5G4	unreviewed	nitrate reductase (quinone)	taxID:1797498
A0A1F4I257	unreviewed	nitrate reductase (quinone)	taxID:1797561
A0A1F4KHA2	unreviewed	nitrate reductase (quinone)	taxID:1797566
A0A1F4ML40	unreviewed	nitrate reductase (quinone)	taxID:1797574
A0A1F4MNE7	unreviewed	nitrate reductase (quinone)	taxID:1797568
A0A1F5YXC9	unreviewed	nitrate reductase (quinone)	taxID:1817867
A0A1F6QDI9	unreviewed	nitrate reductase (quinone)	taxID:1801609
A0A1F6TZV7	unreviewed	nitrate reductase (quinone)	taxID:1817768
A0A1F8L172	unreviewed	nitrate reductase (quinone)	taxID:1797613
A0A1F8QA46	unreviewed	nitrate reductase (quinone)	taxID:1797649
A0A1F8VF19	unreviewed	nitrate reductase (quinone)	taxID:1797746
A0A1F8VTS9	unreviewed	nitrate reductase (quinone)	taxID:1797747
A0A1F8X6Y0	unreviewed	nitrate reductase (quinone)	taxID:1797810
A0A1F8XX50	unreviewed	nitrate reductase (quinone)	taxID:1797814
A0A1F8ZIM8	unreviewed	nitrate reductase (quinone)	taxID:1797824
A0A1F9DK45	unreviewed	nitrate reductase (quinone)	taxID:1797853
A0A1F9FGY3	unreviewed	nitrate reductase (quinone)	taxID:1797858
A0A1F9FRN6	unreviewed	nitrate reductase (quinone)	taxID:1797848
A0A1F9H829	unreviewed	nitrate reductase (quinone)	taxID:1797875
A0A1F9QXL7	unreviewed	nitrate reductase (quinone)	taxID:1797926
A0A1G0ECJ9	unreviewed	nitrate reductase (quinone)	taxID:1798257
A0A1G0IBB8	unreviewed	nitrate reductase (quinone)	taxID:1798290
A0A1G0MB51	unreviewed	nitrate reductase (quinone)	taxID:1798318
A0A1G0NIS6	unreviewed	Nitrate reductase subunit alpha	taxID:1798415
A0A1G0SCT5	unreviewed	nitrate reductase (quinone)	taxID:1798433
A0A1G0T861	unreviewed	4Fe-4S Mo/W bis-MGD-type domain-containing protein	taxID:1798434
A0A1G0X4T0	unreviewed	nitrate reductase (quinone)	taxID:1798454
A0A1G1AQ71	unreviewed	nitrate reductase (quinone)	taxID:1801614
A0A1G1B234	unreviewed	nitrate reductase (quinone)	taxID:1801615
A0A1G1GZB0	unreviewed	nitrate reductase (quinone)	taxID:1801709
A0A1G1I1G5	unreviewed	nitrate reductase (quinone)	taxID:1801722
A0A1G1KT71	unreviewed	nitrate reductase (quinone)	taxID:1801832
A0A1G1M3V3	unreviewed	4Fe-4S Mo/W bis-MGD-type domain-containing protein	taxID:1801835
A0A1G2WD89	unreviewed	nitrate reductase (quinone)	taxID:1801944
A0A1G3CTY9	unreviewed	nitrate reductase (quinone)	taxID:1801989
A0A1G3G575	unreviewed	nitrate reductase (quinone)	taxID:1802014
A0A1G3Y9N9	unreviewed	nitrate reductase (quinone)	taxID:1802374
A0A1G4SH66	unreviewed	nitrate reductase (quinone)	taxID:260084
A0A1G4XRV2	unreviewed	nitrate reductase (quinone)	taxID:1158459
A0A1G5EC88	unreviewed	nitrate reductase (quinone)	taxID:582692
A0A1G5QQ94	unreviewed	nitrate reductase (quinone)	taxID:415747
A0A1G5QYE7	unreviewed	nitrate reductase (quinone)	taxID:415747
A0A1G5TN29	unreviewed	nitrate reductase (quinone)	taxID:1502748
A0A1G5VTM1	unreviewed	nitrate reductase (quinone)	taxID:279824
A0A1G6C9I9	unreviewed	nitrate reductase (quinone)	taxID:665467
A0A1G6GPZ7	unreviewed	nitrate reductase (quinone)	taxID:1814289
A0A1G6GSF0	unreviewed	nitrate reductase (quinone)	taxID:416944
A0A1G6HXI0	unreviewed	nitrate reductase (quinone)	taxID:1577474
A0A1G6JAZ8	unreviewed	nitrate reductase (quinone)	taxID:416944
A0A1G6KWR1	unreviewed	nitrate reductase (quinone)	taxID:1640674
A0A1G6P2N5	unreviewed	nitrate reductase (quinone)	taxID:1855315
A0A1G6PN39	unreviewed	nitrate reductase (quinone)	taxID:1236220
A0A1G6PQD6	unreviewed	nitrate reductase (quinone)	taxID:1236220
A0A1G6R5U4	unreviewed	Nitrate reductase alpha subunit	taxID:530584
A0A1G6R792	unreviewed	4Fe-4S Mo/W bis-MGD-type domain-containing protein	taxID:79269
A0A1G6TEI1	unreviewed	nitrate reductase (quinone)	taxID:361279
A0A1G6WHS7	unreviewed	Nitrate reductase alpha subunit	taxID:1814289
A0A1G6XC45	unreviewed	nitrate reductase (quinone)	taxID:426756
A0A1G7AB55	unreviewed	nitrate reductase (quinone)	taxID:637679
A0A1G7BGI6	unreviewed	nitrate reductase (quinone)	taxID:938405
A0A1G7CML8	unreviewed	nitrate reductase (quinone)	taxID:58114
A0A1G7DBJ9	unreviewed	Nitrate reductase alpha subunit	taxID:235987
A0A1G7DR41	unreviewed	nitrate reductase (quinone)	taxID:1882774
A0A1G7E9D4	unreviewed	nitrate reductase (quinone)	taxID:670482
A0A1G7EAC9	unreviewed	nitrate reductase (quinone)	taxID:670482
A0A1G7GX89	unreviewed	nitrate reductase (quinone)	taxID:482827
A0A1G7NQA1	unreviewed	nitrate reductase (quinone)	taxID:1082479
A0A1G7U4C6	unreviewed	nitrate reductase (quinone)	taxID:1855290
A0A1G8AIU6	unreviewed	nitrate reductase (quinone)	taxID:83767
A0A1G8DDB0	unreviewed	Nitrate reductase alpha subunit	taxID:200378
A0A1G8E061	unreviewed	nitrate reductase (quinone)	taxID:428992
A0A1G8HRB1	unreviewed	nitrate reductase (quinone)	taxID:1881027
A0A1G8I6R5	unreviewed	Nitrate reductase alpha subunit	taxID:335973
A0A1G8KQ03	unreviewed	nitrate reductase (quinone)	taxID:428992
A0A1G8N305	unreviewed	Nitrate reductase alpha subunit	taxID:300028
A0A1G8P0Q2	unreviewed	nitrate reductase (quinone)	taxID:1174501
A0A1G8Q0H1	unreviewed	nitrate reductase (quinone)	taxID:376427
A0A1G8UJI6	unreviewed	Nitrate reductase alpha subunit	taxID:683260
A0A1G8UJK4	unreviewed	Nitrate reductase alpha subunit	taxID:417292
A0A1G8XL64	unreviewed	nitrate reductase (quinone)	taxID:658219
A0A1G9DNA7	unreviewed	nitrate reductase (quinone)	taxID:576118
A0A1G9FH42	unreviewed	nitrate reductase (quinone)	taxID:386301
A0A1G9FUI6	unreviewed	Nitrate reductase alpha subunit	taxID:417292
A0A1G9GW75	unreviewed	nitrate reductase (quinone)	taxID:137658
A0A1G9GXI8	unreviewed	nitrate reductase (quinone)	taxID:380244
A0A1G9JFM3	unreviewed	nitrate reductase (quinone)	taxID:686624
A0A1G9KTY3	unreviewed	nitrate reductase (quinone)	taxID:682956
A0A1G9LWC9	unreviewed	nitrate reductase (quinone)	taxID:144026
A0A1G9QRE1	unreviewed	nitrate reductase (quinone)	taxID:119000
A0A1G9SD17	unreviewed	nitrate reductase (quinone)	taxID:1527607
A0A1G9WA05	unreviewed	nitrate reductase (quinone)	taxID:332524
A0A1G9YE27	unreviewed	nitrate reductase (quinone)	taxID:416873
A0A1H0A7E0	unreviewed	Nitrate reductase alpha subunit	taxID:1761904
A0A1H0A7F9	unreviewed	Nitrate reductase alpha subunit	taxID:1005944
A0A1H0B967	unreviewed	Nitrate reductase alpha subunit	taxID:1196353
A0A1H0F969	unreviewed	nitrate reductase (quinone)	taxID:198616
A0A1H0FB75	unreviewed	nitrate reductase (quinone)	taxID:419597
A0A1H0HFX9	unreviewed	nitrate reductase (quinone)	taxID:198616
A0A1H0KT48	unreviewed	nitrate reductase (quinone)	taxID:1761899
A0A1H0LJD6	unreviewed	Nitrate reductase alpha subunit	taxID:504798
A0A1H0QB23	unreviewed	nitrate reductase (quinone)	taxID:1761746
A0A1H0SZ07	unreviewed	nitrate reductase (quinone)	taxID:971
A0A1H0T014	unreviewed	nitrate reductase (quinone)	taxID:1090615
A0A1H1BW94	unreviewed	nitrate reductase (quinone)	taxID:553311
A0A1H1CT80	unreviewed	Nitrate reductase alpha subunit	taxID:37928
A0A1H1GJI0	unreviewed	nitrate reductase (quinone)	taxID:129847
A0A1H1H125	unreviewed	Nitrate reductase alpha subunit	taxID:35622
A0A1H1HAQ9	unreviewed	nitrate reductase (quinone)	taxID:1798213
A0A1H1KAM2	unreviewed	nitrate reductase (quinone)	taxID:1884352
A0A1H1P3X9	unreviewed	nitrate reductase (quinone)	taxID:1136497
A0A1H1P8F8	unreviewed	nitrate reductase (quinone)	taxID:545619
A0A1H1VV90	unreviewed	nitrate reductase (quinone)	taxID:1798224
A0A1H1WKN1	unreviewed	nitrate reductase (quinone)	taxID:589382
A0A1H2ADZ9	unreviewed	nitrate reductase (quinone)	taxID:630515
A0A1H2DBN4	unreviewed	Nitrate reductase alpha subunit	taxID:113562
A0A1H2DCA2	unreviewed	nitrate reductase (quinone)	taxID:113562
A0A1H2F7G0	unreviewed	nitrate reductase (quinone)	taxID:1434072
A0A1H2FBQ1	unreviewed	nitrate reductase (quinone)	taxID:1881061
A0A1H2I5D3	unreviewed	nitrate reductase (quinone)	taxID:364197
A0A1H2LUJ1	unreviewed	nitrate reductase (quinone)	taxID:158898
A0A1H2MN57	unreviewed	nitrate reductase (quinone)	taxID:46679
A0A1H2PTQ2	unreviewed	nitrate reductase (quinone)	taxID:1770053
A0A1H2R6Q6	unreviewed	nitrate reductase (quinone)	taxID:488533
A0A1H2VHH2	unreviewed	Nitrate reductase alpha subunit	taxID:418495
A0A1H2VN79	unreviewed	nitrate reductase (quinone)	taxID:1058
A0A1H2WXA6	unreviewed	nitrate reductase (quinone)	taxID:574349
A0A1H3A9B8	unreviewed	nitrate reductase (quinone)	taxID:1798195
A0A1H3ER42	unreviewed	nitrate reductase (quinone)	taxID:558537
A0A1H3GRJ8	unreviewed	nitrate reductase (quinone)	taxID:321339
A0A1H3ILU3	unreviewed	nitrate reductase (quinone)	taxID:1566235
A0A1H3L8B3	unreviewed	nitrate reductase (quinone)	taxID:1761753
A0A1H3SED3	unreviewed	Nitrate reductase alpha subunit	taxID:418495
A0A1H3SZA6	unreviewed	nitrate reductase (quinone)	taxID:1503961
A0A1H3WGA1	unreviewed	nitrate reductase (quinone)	taxID:971
A0A1H3XFM0	unreviewed	nitrate reductase (quinone)	taxID:658218
A0A1H3YBQ3	unreviewed	nitrate reductase (quinone)	taxID:592050
A0A1H3ZLV5	unreviewed	nitrate reductase (quinone)	taxID:152573
A0A1H4BPF1	unreviewed	nitrate reductase (quinone)	taxID:658218
A0A1H4DQC7	unreviewed	nitrate reductase (quinone)	taxID:37625
A0A1H4GGA3	unreviewed	nitrate reductase (quinone)	taxID:525918
A0A1H4HE22	unreviewed	nitrate reductase (quinone)	taxID:83784
A0A1H4HQY6	unreviewed	nitrate reductase (quinone)	taxID:1882828
A0A1H4MZ82	unreviewed	Nitrate reductase alpha subunit	taxID:640635
A0A1H4N896	unreviewed	Nitrate reductase alpha subunit	taxID:99653
A0A1H4U7E0	unreviewed	Nitrate reductase alpha subunit	taxID:208445
A0A1H5AYM7	unreviewed	Nitrate reductase alpha subunit	taxID:1855351
A0A1H5DM86	unreviewed	nitrate reductase (quinone)	taxID:104087
A0A1H5GID1	unreviewed	4Fe-4S Mo/W bis-MGD-type domain-containing protein	taxID:1855349
A0A1H5LEG5	unreviewed	nitrate reductase (quinone)	taxID:561176
A0A1H5UUU0	unreviewed	Nitrate reductase alpha subunit	taxID:146035
A0A1H5UX95	unreviewed	nitrate reductase (quinone)	taxID:96773
A0A1H6A8T2	unreviewed	Nitrate reductase alpha subunit	taxID:310779
A0A1H6CY88	unreviewed	Nitrate reductase alpha subunit	taxID:146035
A0A1H6EPA5	unreviewed	nitrate reductase (quinone)	taxID:1144553
A0A1H6EXU2	unreviewed	Nitrate reductase alpha subunit	taxID:1144553
A0A1H6KP42	unreviewed	nitrate reductase (quinone)	taxID:173990
A0A1H6KS29	unreviewed	nitrate reductase (quinone)	taxID:235205
A0A1H6MU12	unreviewed	nitrate reductase (quinone)	taxID:65735
A0A1H6YSA7	unreviewed	nitrate reductase (quinone)	taxID:667676
A0A1H6ZR86	unreviewed	nitrate reductase (quinone)	taxID:426757
A0A1H7GAM2	unreviewed	Nitrate reductase alpha subunit	taxID:183556
A0A1H7JLQ9	unreviewed	nitrate reductase (quinone)	taxID:1287727
A0A1H7JSN0	unreviewed	nitrate reductase (quinone)	taxID:650850
A0A1H7SB98	unreviewed	nitrate reductase (quinone)	taxID:1429083
A0A1H7TR86	unreviewed	Nitrate reductase alpha subunit	taxID:46177
A0A1H7YA40	unreviewed	Nitrate reductase alpha subunit	taxID:183556
A0A1H8D4N2	unreviewed	nitrate reductase (quinone)	taxID:1121117
A0A1H8DG39	unreviewed	nitrate reductase (quinone)	taxID:1424661
A0A1H8ED23	unreviewed	nitrate reductase (quinone)	taxID:77097
A0A1H8EVH9	unreviewed	nitrate reductase (quinone)	taxID:34002
A0A1H8J4U7	unreviewed	nitrate reductase (quinone)	taxID:46177
A0A1H8LQD4	unreviewed	nitrate reductase (quinone)	taxID:933059
A0A1H8PFU4	unreviewed	nitrate reductase (quinone)	taxID:1566195
A0A1H8PVA5	unreviewed	nitrate reductase (quinone)	taxID:406100
A0A1H9KFR8	unreviewed	nitrate reductase (quinone)	taxID:657014
A0A1H9P219	unreviewed	nitrate reductase (quinone)	taxID:531814
A0A1H9QUA9	unreviewed	nitrate reductase (quinone)	taxID:531814
A0A1H9S1E8	unreviewed	nitrate reductase (quinone)	taxID:517425
A0A1H9T847	unreviewed	nitrate reductase (quinone)	taxID:641238
A0A1H9TR16	unreviewed	Nitrate reductase alpha subunit	taxID:587636
A0A1H9U2B1	unreviewed	nitrate reductase (quinone)	taxID:64702
A0A1I0BDT2	unreviewed	nitrate reductase (quinone)	taxID:1566279
A0A1I0CDG3	unreviewed	nitrate reductase (quinone)	taxID:930131
A0A1I0ENX4	unreviewed	Nitrate reductase alpha subunit	taxID:568860
A0A1I0KSG9	unreviewed	nitrate reductase (quinone)	taxID:568860
A0A1I0LM02	unreviewed	nitrate reductase (quinone)	taxID:568860
A0A1I0QUY6	unreviewed	nitrate reductase (quinone)	taxID:364200
A0A1I0SLM7	unreviewed	nitrate reductase (quinone)	taxID:186116
A0A1I0TLJ0	unreviewed	nitrate reductase (quinone)	taxID:150248
A0A1I0W4N1	unreviewed	nitrate reductase (quinone)	taxID:971
A0A1I0YBT1	unreviewed	Nitrate reductase alpha subunit	taxID:988821
A0A1I1AX32	unreviewed	Nitrate reductase alpha subunit	taxID:748909
A0A1I1B969	unreviewed	nitrate reductase (quinone)	taxID:1566280
A0A1I1H9Q8	unreviewed	nitrate reductase (quinone)	taxID:1855300
A0A1I1M362	unreviewed	nitrate reductase (quinone)	taxID:574651
A0A1I1NZM7	unreviewed	nitrate reductase (quinone)	taxID:1855313
A0A1I1R804	unreviewed	nitrate reductase (quinone)	taxID:1761755
A0A1I1VAQ5	unreviewed	nitrate reductase (quinone)	taxID:640948
A0A1I1VFA0	unreviewed	nitrate reductase (quinone)	taxID:32040
A0A1I1ZAT1	unreviewed	Nitrate reductase alpha subunit	taxID:1798228
A0A1I2AJY7	unreviewed	Nitrate reductase alpha subunit	taxID:380248
A0A1I2B7R0	unreviewed	nitrate reductase (quinone)	taxID:1761793
A0A1I2CZ63	unreviewed	Nitrate reductase alpha subunit	taxID:285351
A0A1I2E5B2	unreviewed	nitrate reductase (quinone)	taxID:930128
A0A1I2MP17	unreviewed	nitrate reductase (quinone)	taxID:35752
A0A1I2UM14	unreviewed	nitrate reductase (quinone)	taxID:1045558
A0A1I2YHG3	unreviewed	nitrate reductase (quinone)	taxID:995038
A0A1I2ZU08	unreviewed	Nitrate reductase alpha subunit	taxID:504797
A0A1I2ZWA4	unreviewed	nitrate reductase (quinone)	taxID:34004
A0A1I3DLV6	unreviewed	nitrate reductase (quinone)	taxID:442341
A0A1I3ESJ1	unreviewed	Nitrate reductase alpha subunit	taxID:1005945
A0A1I3H5C8	unreviewed	nitrate reductase (quinone)	taxID:971
A0A1I3HU01	unreviewed	nitrate reductase (quinone)	taxID:324952
A0A1I3HWW7	unreviewed	nitrate reductase (quinone)	taxID:1801620
A0A1I3R695	unreviewed	nitrate reductase (quinone)	taxID:588602
A0A1I3TZN5	unreviewed	nitrate reductase (quinone)	taxID:1855286
A0A1I4A3T7	unreviewed	Nitrate reductase alpha subunit	taxID:1520580
A0A1I4A4W5	unreviewed	Nitrate reductase alpha subunit	taxID:1520580
A0A1I4PY41	unreviewed	nitrate reductase (quinone)	taxID:1720063
A0A1I4SVX1	unreviewed	nitrate reductase (quinone)	taxID:758825
A0A1I4SXU1	unreviewed	nitrate reductase (quinone)	taxID:488535
A0A1I4VAM7	unreviewed	nitrate reductase (quinone)	taxID:1367852
A0A1I4VCU1	unreviewed	nitrate reductase (quinone)	taxID:379482
A0A1I4WSB1	unreviewed	nitrate reductase (quinone)	taxID:1761898
A0A1I5A2W9	unreviewed	Nitrate reductase alpha subunit	taxID:455193
A0A1I5FR06	unreviewed	nitrate reductase (quinone)	taxID:1881036
A0A1I5GC85	unreviewed	Nitrate reductase alpha subunit	taxID:260086
A0A1I5GLU8	unreviewed	Nitrate reductase alpha subunit	taxID:455193
A0A1I5K7A9	unreviewed	nitrate reductase (quinone)	taxID:289003
A0A1I5L4N1	unreviewed	Nitrate reductase alpha subunit	taxID:1993
A0A1I5M9X3	unreviewed	nitrate reductase (quinone)	taxID:655353
A0A1I5QVN3	unreviewed	nitrate reductase (quinone)	taxID:289003
A0A1I5W4H5	unreviewed	nitrate reductase (quinone)	taxID:441119
A0A1I6DNM8	unreviewed	nitrate reductase (quinone)	taxID:1761782
A0A1I6GS10	unreviewed	nitrate reductase (quinone)	taxID:375760
A0A1I6HPG7	unreviewed	nitrate reductase (quinone)	taxID:650891
A0A1I6IV88	unreviewed	nitrate reductase (quinone)	taxID:1881031
A0A1I6TIH2	unreviewed	nitrate reductase (quinone)	taxID:871741
A0A1I6VVM9	unreviewed	nitrate reductase (quinone)	taxID:1761751
A0A1I6XD52	unreviewed	nitrate reductase (quinone)	taxID:416872
A0A1I7B7G6	unreviewed	nitrate reductase (quinone)	taxID:258256
A0A1I7EAK1	unreviewed	nitrate reductase (quinone)	taxID:551989
A0A1I7F5H7	unreviewed	nitrate reductase (quinone)	taxID:392015
A0A1I7GVA4	unreviewed	nitrate reductase (quinone)	taxID:463301
A0A1I7HZ32	unreviewed	nitrate reductase (quinone)	taxID:343013
A0A1I9XY18	unreviewed	nitrate reductase (quinone)	taxID:1644131
A0A1J0ETL7	unreviewed	nitrate reductase (quinone)	taxID:104087
A0A1J0LQT2	unreviewed	nitrate reductase (quinone)	taxID:56956
A0A1J0TMZ4	unreviewed	Nitrate reductase alpha subunit	taxID:1570939
A0A1J0VFB3	unreviewed	nitrate reductase (quinone)	taxID:1897729
A0A1J0W2Y4	unreviewed	Nitrate reductase alpha subunit	taxID:2213200
A0A1J3ZWF6	unreviewed	nitrate reductase (quinone)	taxID:1715059
A0A1J4NTX7	unreviewed	Nitrate reductase alpha subunit	taxID:1428628
A0A1J4NWJ9	unreviewed	Nitrate reductase alpha subunit	taxID:1428628
A0A1J4ZQB2	unreviewed	nitrate reductase (quinone)	taxID:1805005
A0A1J5DUD1	unreviewed	nitrate reductase (quinone)	taxID:1805127
A0A1J5M4C6	unreviewed	nitrate reductase (quinone)	taxID:1860089
A0A1J5PWR0	unreviewed	Respiratory nitrate reductase 2 alpha chain	taxID:410659
A0A1J5QVM2	unreviewed	4Fe-4S Mo/W bis-MGD-type domain-containing protein	taxID:410659
A0A1J5RET9	unreviewed	4Fe-4S Mo/W bis-MGD-type domain-containing protein	taxID:410659
A0A1J5RI89	unreviewed	nitrate reductase (quinone)	taxID:410659
A0A1J5S0W3	unreviewed	nitrate reductase (quinone)	taxID:410659
A0A1J5S2X2	unreviewed	nitrate reductase (quinone)	taxID:410659
A0A1J5SK00	unreviewed	4Fe-4S Mo/W bis-MGD-type domain-containing protein	taxID:410659
A0A1J5U8T5	unreviewed	nitrate reductase (quinone)	taxID:2360
A0A1J5W046	unreviewed	nitrate reductase (quinone)	taxID:1906334
A0A1J5W0M9	unreviewed	nitrate reductase (quinone)	taxID:1906333
A0A1J6HPY4	unreviewed	nitrate reductase (quinone)	taxID:407152
A0A1J6XF32	unreviewed	Nitrate reductase alpha subunit	taxID:1891970
A0A1J7BDP3	unreviewed	Nitrate reductase alpha subunit	taxID:1428644
A0A1J8P6X4	unreviewed	nitrate reductase (quinone)	taxID:1123773
A0A1J9U6I5	unreviewed	nitrate reductase (quinone)	taxID:2026189
A0A1J9UBY3	unreviewed	nitrate reductase (quinone)	taxID:2026194
A0A1K0FAR8	unreviewed	Nitrate reductase alpha subunit	taxID:56427
A0A1K0IYJ8	unreviewed	nitrate reductase (quinone)	taxID:106590
A0A1K1P2X8	unreviewed	nitrate reductase (quinone)	taxID:971
A0A1K1T267	unreviewed	nitrate reductase (quinone)	taxID:1554560
A0A1K1Y845	unreviewed	nitrate reductase (quinone)	taxID:1566199
A0A1K1ZM84	unreviewed	nitrate reductase (quinone)	taxID:1122209
A0A1K2G2H8	unreviewed	nitrate reductase (quinone)	taxID:463642
A0A1K2H9G4	unreviewed	nitrate reductase (quinone)	taxID:1121279
A0A1K2I5J8	unreviewed	nitrate reductase (quinone)	taxID:238013
A0A1L1PC54	unreviewed	nitrate reductase (quinone)	taxID:65786
A0A1L7CYE2	unreviewed	nitrate reductase (quinone)	taxID:1437874
A0A1L7GXX0	unreviewed	nitrate reductase (quinone)	taxID:1613
A0A1L7RFP4	unreviewed	nitrate reductase (quinone)	taxID:1522002
A0A1L8RFB9	unreviewed	nitrate reductase (quinone)	taxID:214095
A0A1M0D034	unreviewed	nitrate reductase (quinone)	taxID:562
A0A1M0WER5	unreviewed	nitrate reductase (quinone)	taxID:562
A0A1M0WTQ9	unreviewed	nitrate reductase (quinone)	taxID:562
A0A1M2EKH5	unreviewed	nitrate reductase (quinone)	taxID:562
A0A1M2YTW4	unreviewed	nitrate reductase (quinone)	taxID:1895815
A0A1M3C915	unreviewed	nitrate reductase (quinone)	taxID:1895798
A0A1M3DSN8	unreviewed	nitrate reductase (quinone)	taxID:1895707
A0A1M3EHQ1	unreviewed	Nitrate reductase alpha subunit	taxID:1895739
A0A1M3ENL6	unreviewed	nitrate reductase (quinone)	taxID:1895739
A0A1M3EW91	unreviewed	nitrate reductase (quinone)	taxID:1895740
A0A1M3JXI6	unreviewed	nitrate reductase (quinone)	taxID:1895927
A0A1M3KIQ7	unreviewed	nitrate reductase (quinone)	taxID:1895753
A0A1M3MLR7	unreviewed	nitrate reductase (quinone)	taxID:1895812
A0A1M3NRG3	unreviewed	nitrate reductase (quinone)	taxID:1895816
A0A1M3NZ81	unreviewed	nitrate reductase (quinone)	taxID:1895823
A0A1M3PV16	unreviewed	nitrate reductase (quinone)	taxID:1895826
A0A1M3QS14	unreviewed	nitrate reductase (quinone)	taxID:1895868
A0A1M4ELS7	unreviewed	nitrate reductase (quinone)	taxID:93944
A0A1M4EPL7	unreviewed	nitrate reductase (quinone)	taxID:93944
A0A1M4LGS4	unreviewed	nitrate reductase (quinone)	taxID:1149953
A0A1M4T140	unreviewed	nitrate reductase (quinone)	taxID:1486859
A0A1M4WD05	unreviewed	nitrate reductase (quinone)	taxID:1121942
A0A1M4YTB9	unreviewed	nitrate reductase (quinone)	taxID:494016
A0A1M5A5C6	unreviewed	nitrate reductase (quinone)	taxID:213588
A0A1M5CJP8	unreviewed	nitrate reductase (quinone)	taxID:930117
A0A1M5F193	unreviewed	Nitrate reductase alpha subunit	taxID:2017
A0A1M5F2K2	unreviewed	Nitrate reductase alpha subunit	taxID:2017
A0A1M5GAD1	unreviewed	nitrate reductase (quinone)	taxID:494016
A0A1M5QA05	unreviewed	nitrate reductase (quinone)	taxID:1403346
A0A1M5VJL6	unreviewed	nitrate reductase (quinone)	taxID:658167
A0A1M5W977	unreviewed	nitrate reductase (quinone)	taxID:658167
A0A1M5XLN1	unreviewed	nitrate reductase (quinone)	taxID:996342
A0A1M6IIQ2	unreviewed	nitrate reductase (quinone)	taxID:1123357
A0A1M6INP3	unreviewed	nitrate reductase (quinone)	taxID:169427
A0A1M6N4V0	unreviewed	nitrate reductase (quinone)	taxID:198092
A0A1M6NHF5	unreviewed	nitrate reductase (quinone)	taxID:1122189
A0A1M6NT44	unreviewed	nitrate reductase (quinone)	taxID:758803
A0A1M6P2M0	unreviewed	Nitrate reductase alpha subunit	taxID:1848
A0A1M6QYH2	unreviewed	nitrate reductase (quinone)	taxID:564117
A0A1M6VL71	unreviewed	nitrate reductase (quinone)	taxID:971
A0A1M7ABG0	unreviewed	nitrate reductase (quinone)	taxID:438744
A0A1M7AGY4	unreviewed	nitrate reductase (quinone)	taxID:44933
A0A1M7DT79	unreviewed	nitrate reductase (quinone)	taxID:44933
A0A1M7EDS6	unreviewed	nitrate reductase (quinone)	taxID:29571
A0A1M7F2X5	unreviewed	nitrate reductase (quinone)	taxID:1123231
A0A1M7HH15	unreviewed	nitrate reductase (quinone)	taxID:53463
A0A1M7KJF3	unreviewed	nitrate reductase (quinone)	taxID:1155722
A0A1M7RLQ0	unreviewed	Nitrate reductase alpha subunit	taxID:134849
A0A1M7S5F5	unreviewed	nitrate reductase (quinone)	taxID:1121395
A0A1M7SDK1	unreviewed	nitrate reductase (quinone)	taxID:1189325
A0A1M7SPQ9	unreviewed	Nitrate reductase alpha subunit	taxID:1861
A0A1N6M705	unreviewed	nitrate reductase (quinone)	taxID:1918945
A0A1N6UET5	unreviewed	nitrate reductase (quinone)	taxID:34006
A0A1N6XQ75	unreviewed	nitrate reductase (quinone)	taxID:34027
A0A1N6YZF9	unreviewed	nitrate reductase (quinone)	taxID:1907311
A0A1N7ASJ5	unreviewed	nitrate reductase (quinone)	taxID:706570
A0A1N7EKT2	unreviewed	Nitrate reductase alpha subunit	taxID:58117
A0A1N7FG87	unreviewed	nitrate reductase (quinone)	taxID:1855331
A0A1N7MU14	unreviewed	nitrate reductase (quinone)	taxID:619304
A0A1N7NUS4	unreviewed	nitrate reductase (quinone)	taxID:633194
A0A1N7R555	unreviewed	nitrate reductase (quinone)	taxID:1881016
A0A1N7SIE0	unreviewed	nitrate reductase (quinone)	taxID:1701573
A0A1N7UAU1	unreviewed	nitrate reductase (quinone)	taxID:321846
A0A1P8ND40	unreviewed	nitrate reductase (quinone)	taxID:1903186
A0A1P8Q489	unreviewed	nitrate reductase (quinone)	taxID:1847728
A0A1P8YGX2	unreviewed	Nitrate reductase alpha subunit	taxID:1805827
A0A1Q2CCD1	unreviewed	nitrate reductase (quinone)	taxID:1610493
A0A1Q2CVP5	unreviewed	nitrate reductase (quinone)	taxID:399497
A0A1Q2M2W6	unreviewed	nitrate reductase (quinone)	taxID:260552
A0A1Q2YS68	unreviewed	nitrate reductase (quinone)	taxID:1926319
A0A1Q3QCH6	unreviewed	nitrate reductase (quinone)	taxID:1895720
A0A1Q3R7Z6	unreviewed	nitrate reductase (quinone)	taxID:1895730
A0A1Q3U6P0	unreviewed	nitrate reductase (quinone)	taxID:1895834
A0A1Q3W2Y5	unreviewed	nitrate reductase (quinone)	taxID:1895701
A0A1Q3YG35	unreviewed	nitrate reductase (quinone)	taxID:1895727
A0A1Q3Z3I8	unreviewed	nitrate reductase (quinone)	taxID:1895754
A0A1Q4DK12	unreviewed	Nitrate reductase alpha subunit	taxID:1895809
A0A1Q4GUX6	unreviewed	nitrate reductase (quinone)	taxID:1895862
A0A1Q4HFS6	unreviewed	Nitrate reductase alpha subunit	taxID:1801
A0A1Q4P1E2	unreviewed	nitrate reductase (quinone)	taxID:615
A0A1Q4VWD1	unreviewed	nitrate reductase (quinone)	taxID:1718985
A0A1Q4VWS2	unreviewed	Nitrate reductase alpha subunit	taxID:1718985
A0A1Q4VX20	unreviewed	nitrate reductase (quinone)	taxID:1718985
A0A1Q4XFK1	unreviewed	Nitrate reductase alpha subunit	taxID:1835005
A0A1Q5CCZ2	unreviewed	Nitrate reductase alpha subunit	taxID:1703922
A0A1Q5L9S7	unreviewed	Nitrate reductase alpha subunit	taxID:1703944
A0A1Q5LMI6	unreviewed	Nitrate reductase alpha subunit	taxID:1703944
A0A1Q5PQ12	unreviewed	nitrate reductase (quinone)	taxID:1921764
A0A1Q5XBU6	unreviewed	nitrate reductase (quinone)	taxID:1349435
A0A1Q5XM64	unreviewed	nitrate reductase (quinone)	taxID:1349436
A0A1Q6BEJ0	unreviewed	nitrate reductase (quinone)	taxID:562
A0A1Q8ENT3	unreviewed	nitrate reductase (quinone)	taxID:587753
A0A1Q8I0D1	unreviewed	nitrate reductase (quinone)	taxID:544580
A0A1Q8IZD1	unreviewed	nitrate reductase (quinone)	taxID:1926878
A0A1Q8TFT8	unreviewed	nitrate reductase (quinone)	taxID:223900
A0A1Q8V6Y4	unreviewed	nitrate reductase (quinone)	taxID:544580
A0A1Q8VBA7	unreviewed	nitrate reductase (quinone)	taxID:544580
A0A1Q8VTC8	unreviewed	nitrate reductase (quinone)	taxID:544580
A0A1Q8VW90	unreviewed	nitrate reductase (quinone)	taxID:544580
A0A1Q8WYG6	unreviewed	nitrate reductase (quinone)	taxID:544580
A0A1Q8XAG5	unreviewed	nitrate reductase (quinone)	taxID:544580
A0A1Q8ZSR8	unreviewed	nitrate reductase (quinone)	taxID:1867956
A0A1Q9NM41	unreviewed	nitrate reductase (quinone)	taxID:1841597
A0A1Q9NYE9	unreviewed	nitrate reductase (quinone)	taxID:1841598
A0A1Q9S599	unreviewed	nitrate reductase (quinone)	taxID:1904964
A0A1Q9UR37	unreviewed	Nitrate reductase alpha subunit	taxID:1904970
A0A1R0FCR2	unreviewed	nitrate reductase (quinone)	taxID:1686310
A0A1R0UTF7	unreviewed	Nitrate reductase alpha subunit	taxID:1834154
A0A1R0V328	unreviewed	Nitrate reductase alpha subunit	taxID:1834154
A0A1R0WXW4	unreviewed	nitrate reductase (quinone)	taxID:189426
A0A1R1B8H5	unreviewed	nitrate reductase (quinone)	taxID:1401
A0A1R1BZA0	unreviewed	nitrate reductase (quinone)	taxID:1451
A0A1R1EZA7	unreviewed	nitrate reductase (quinone)	taxID:297318
A0A1R1FMC8	unreviewed	nitrate reductase (quinone)	taxID:1920425
A0A1R1IF50	unreviewed	nitrate reductase (quinone)	taxID:1906324
A0A1R1JH22	unreviewed	nitrate reductase (quinone)	taxID:101571
A0A1R1JUZ5	unreviewed	nitrate reductase (quinone)	taxID:85698
A0A1R1L6X1	unreviewed	nitrate reductase (quinone)	taxID:554083
A0A1R1MH08	unreviewed	nitrate reductase (quinone)	taxID:1897630
A0A1R1QB03	unreviewed	nitrate reductase (quinone)	taxID:1925020
A0A1R1QBD8	unreviewed	nitrate reductase (quinone)	taxID:1925020
A0A1R1SAA6	unreviewed	Nitrate reductase alpha subunit	taxID:1331668
A0A1R1SHV8	unreviewed	nitrate reductase (quinone)	taxID:1331668
A0A1R3UTP5	unreviewed	Nitrate reductase alpha subunit	taxID:1434837
A0A1R3X0R3	unreviewed	nitrate reductase (quinone)	taxID:515897
A0A1R3XXK6	unreviewed	Nitrate reductase alpha subunit	taxID:233413
A0A1R4B109	unreviewed	nitrate reductase (quinone)	taxID:1918946
A0A1R4ED19	unreviewed	nitrate reductase (quinone)	taxID:1945520
A0A1R4EYT3	unreviewed	nitrate reductase (quinone)	taxID:71253
A0A1R4F580	unreviewed	nitrate reductase (quinone)	taxID:1434822
A0A1R4GE12	unreviewed	nitrate reductase (quinone)	taxID:1945521
A0A1R4H1X6	unreviewed	nitrate reductase (quinone)	taxID:360316
A0A1R4HNG8	unreviewed	nitrate reductase (quinone)	taxID:2742612
A0A1R4LRK7	unreviewed	nitrate reductase (quinone)	taxID:1123498
A0A1S0Z659	unreviewed	nitrate reductase (quinone)	taxID:90105
A0A1S1CD30	unreviewed	nitrate reductase (quinone)	taxID:1715161
A0A1S1CLV7	unreviewed	nitrate reductase (quinone)	taxID:1715153
A0A1S1D2F4	unreviewed	nitrate reductase (quinone)	taxID:1715191
A0A1S1D9R6	unreviewed	nitrate reductase (quinone)	taxID:1715084
A0A1S1GVE1	unreviewed	nitrate reductase (quinone)	taxID:1608883
A0A1S1HSB1	unreviewed	nitrate reductase (quinone)	taxID:588
A0A1S1JTS5	unreviewed	Nitrate reductase alpha subunit	taxID:1908205
A0A1S1K1T3	unreviewed	Nitrate reductase alpha subunit	taxID:1908205
A0A1S1NPM6	unreviewed	Nitrate reductase alpha subunit	taxID:1858794
A0A1S1NQ21	unreviewed	nitrate reductase (quinone)	taxID:657387
A0A1S1NS99	unreviewed	Nitrate reductase alpha subunit	taxID:1858794
A0A1S1U8I2	unreviewed	nitrate reductase (quinone)	taxID:29581
A0A1S1WUW5	unreviewed	nitrate reductase (quinone)	taxID:1903179
A0A1S2CH74	unreviewed	nitrate reductase (quinone)	taxID:1879031
A0A1S2DH73	unreviewed	nitrate reductase (quinone)	taxID:1882734
A0A1S2EWU5	unreviewed	nitrate reductase (quinone)	taxID:1120679
A0A1S2LKP0	unreviewed	nitrate reductase (quinone)	taxID:85682
A0A1S2MZ53	unreviewed	nitrate reductase (quinone)	taxID:37923
A0A1S6J4F6	unreviewed	Nitrate reductase alpha subunit	taxID:68249
A0A1S6LMU8	unreviewed	Nitrate reductase alpha subunit	taxID:1931
A0A1S6LMW2	unreviewed	Nitrate reductase alpha subunit	taxID:1931
A0A1S6LMW8	unreviewed	Nitrate reductase alpha subunit	taxID:1931
A0A1S6LMX6	unreviewed	Nitrate reductase alpha subunit	taxID:1931
A0A1S6LMX7	unreviewed	Nitrate reductase alpha subunit	taxID:1931
A0A1S6LMZ3	unreviewed	Nitrate reductase alpha subunit	taxID:1535768
A0A1S6LMZ5	unreviewed	Nitrate reductase alpha subunit	taxID:1931
A0A1S6LN12	unreviewed	Nitrate reductase alpha subunit	taxID:1931
A0A1S7FYP4	unreviewed	nitrate reductase (quinone)	taxID:1006155
A0A1S8FLK0	unreviewed	nitrate reductase (quinone)	taxID:1944133
A0A1S8YNK8	unreviewed	nitrate reductase (quinone)	taxID:1926881
A0A1S9J6S9	unreviewed	nitrate reductase (quinone)	taxID:621
A0A1S9T3L1	unreviewed	nitrate reductase (quinone)	taxID:1405
A0A1S9TQL4	unreviewed	nitrate reductase (quinone)	taxID:1396
A0A1S9UIN3	unreviewed	nitrate reductase (quinone)	taxID:1396
A0A1S9ZN30	unreviewed	nitrate reductase (quinone)	taxID:90239
A0A1T0A5S9	unreviewed	nitrate reductase (quinone)	taxID:34060
A0A1T0CJB8	unreviewed	nitrate reductase (quinone)	taxID:90241
A0A1T2A0C4	unreviewed	nitrate reductase (quinone)	taxID:1915315
A0A1T2L6N9	unreviewed	nitrate reductase (quinone)	taxID:642797
A0A1T2X0C9	unreviewed	nitrate reductase (quinone)	taxID:1324314
A0A1T2X8G9	unreviewed	nitrate reductase (quinone)	taxID:1324314
A0A1T3NPB6	unreviewed	Nitrate reductase alpha subunit	taxID:159449
A0A1T4Q0H0	unreviewed	nitrate reductase (quinone)	taxID:1365950
A0A1T4SM13	unreviewed	4Fe-4S Mo/W bis-MGD-type domain-containing protein	taxID:1122192
A0A1T4W9S0	unreviewed	nitrate reductase (quinone)	taxID:92487
A0A1T4Y7J9	unreviewed	nitrate reductase (quinone)	taxID:759851
A0A1T4YRS8	unreviewed	Nitrate reductase alpha subunit	taxID:1736691
A0A1T5AAB5	unreviewed	nitrate reductase (quinone)	taxID:1507287
A0A1T5EHU8	unreviewed	nitrate reductase (quinone)	taxID:1037355
A0A1T5I7Q3	unreviewed	nitrate reductase (quinone)	taxID:526729
A0A1U6GKK3	unreviewed	nitrate reductase (quinone)	taxID:1028416
A0A1U7DLG9	unreviewed	nitrate reductase (quinone)	taxID:1267768
A0A1U7FJY4	unreviewed	nitrate reductase (quinone)	taxID:59201
A0A1U9JIX0	unreviewed	nitrate reductase (quinone)	taxID:1938604
A0A1U9JV70	unreviewed	nitrate reductase (quinone)	taxID:1902579
A0A1U9M972	unreviewed	nitrate reductase (quinone)	taxID:1686310
A0A1U9MEY5	unreviewed	nitrate reductase (quinone)	taxID:2750995
A0A1U9T2E0	unreviewed	nitrate reductase (quinone)	taxID:562
A0A1U9T3I3	unreviewed	nitrate reductase (quinone)	taxID:562
A0A1U9V1K5	unreviewed	nitrate reductase (quinone)	taxID:106590
A0A1U9Z754	unreviewed	nitrate reductase (quinone)	taxID:1122214
A0A1U9ZYX3	unreviewed	Nitrate reductase alpha subunit	taxID:1909395
A0A1V0AF50	unreviewed	nitrate reductase (quinone)	taxID:1909395
A0A1V0B8P6	unreviewed	nitrate reductase (quinone)	taxID:1931241
A0A1V0GWX1	unreviewed	4Fe-4S Mo/W bis-MGD-type domain-containing protein	taxID:147645
A0A1V1PKB5	unreviewed	nitrate reductase (quinone)	taxID:1605283
A0A1V1UL92	unreviewed	nitrate reductase (quinone)	taxID:1570360
A0A1V2GD02	unreviewed	nitrate reductase (quinone)	taxID:562
A0A1V2JAJ7	unreviewed	nitrate reductase (quinone)	taxID:47878
A0A1V2KFS0	unreviewed	nitrate reductase (quinone)	taxID:76762
A0A1V2PGZ0	unreviewed	Nitrate reductase alpha subunit	taxID:1933779
A0A1V2R3E5	unreviewed	nitrate reductase (quinone)	taxID:1507808
A0A1V2VR39	unreviewed	nitrate reductase (quinone)	taxID:95486
A0A1V3C9F5	unreviewed	Nitrate reductase alpha subunit	taxID:501010
A0A1V3FT70	unreviewed	nitrate reductase (quinone)	taxID:227476
A0A1V3H5P9	unreviewed	nitrate reductase (quinone)	taxID:1909453
A0A1V3SD70	unreviewed	nitrate reductase (quinone)	taxID:1945864
A0A1V3SI38	unreviewed	nitrate reductase (quinone)	taxID:1945865
A0A1V3WIU4	unreviewed	4Fe-4S Mo/W bis-MGD-type domain-containing protein	taxID:1768
A0A1V3XHL3	unreviewed	Nitrate reductase, alpha subunit	taxID:1768
A0A1V3XPP3	unreviewed	Nitrate reductase alpha subunit	taxID:1768
A0A1V4ACW8	unreviewed	Nitrate reductase alpha subunit	taxID:83656
A0A1V4CJH7	unreviewed	nitrate reductase (quinone)	taxID:1882399
A0A1V4E5X7	unreviewed	Nitrate reductase alpha subunit	taxID:1662404
A0A1V4EIW6	unreviewed	nitrate reductase (quinone)	taxID:1652100
A0A1V4FLS5	unreviewed	nitrate reductase (quinone)	taxID:1598
A0A1V4H2F4	unreviewed	nitrate reductase (quinone)	taxID:477
A0A1V4HVC1	unreviewed	nitrate reductase (quinone)	taxID:29421
A0A1V4I163	unreviewed	nitrate reductase (quinone)	taxID:29421
A0A1V4LR15	unreviewed	nitrate reductase (quinone)	taxID:1941346
A0A1V4MP30	unreviewed	nitrate reductase (quinone)	taxID:1775672
A0A1V4NJH1	unreviewed	nitrate reductase (quinone)	taxID:149539
A0A1V4NMW5	unreviewed	nitrate reductase (quinone)	taxID:149539
A0A1V5IR84	unreviewed	nitrate reductase (quinone)	taxID:1852790
A0A1V5RU31	unreviewed	nitrate reductase (quinone)	taxID:1852859
A0A1V5TSY5	unreviewed	nitrate reductase (quinone)	taxID:1852898
A0A1V8M2I9	unreviewed	nitrate reductase (quinone)	taxID:1420851
A0A1V8NW43	unreviewed	nitrate reductase (quinone)	taxID:57706
A0A1V8P5S6	unreviewed	nitrate reductase (quinone)	taxID:57706
A0A1V9BCT6	unreviewed	nitrate reductase (quinone)	taxID:1963025
A0A1V9DQU9	unreviewed	nitrate reductase (quinone)	taxID:1964541
A0A1W0CH54	unreviewed	nitrate reductase (quinone)	taxID:394935
A0A1W1DTU4	unreviewed	nitrate reductase (quinone)	taxID:652676
A0A1W1XX84	unreviewed	nitrate reductase (quinone)	taxID:1121001
A0A1W2DDT7	unreviewed	nitrate reductase (quinone)	taxID:1387277
A0A1W2LWP9	unreviewed	Nitrate reductase alpha subunit	taxID:227715
A0A1W2M223	unreviewed	nitrate reductase (quinone)	taxID:227715
A0A1W6A7W6	unreviewed	nitrate reductase (quinone)	taxID:1405
A0A1W6B6X5	unreviewed	nitrate reductase (quinone)	taxID:1891675
A0A1W6WLM4	unreviewed	nitrate reductase (quinone)	taxID:1428
A0A1W7A952	unreviewed	nitrate reductase (quinone)	taxID:1855823
A0A1W9WYW1	unreviewed	4Fe-4S Mo/W bis-MGD-type domain-containing protein	taxID:1972449
A0A1W9ZEQ9	unreviewed	Nitrate reductase alpha subunit	taxID:470074
A0A1W9ZF41	unreviewed	Nitrate reductase alpha subunit	taxID:1265311
A0A1W9ZV57	unreviewed	Nitrate reductase alpha subunit	taxID:470074
A0A1X0A451	unreviewed	Nitrate reductase alpha subunit	taxID:470074
A0A1X0BR48	unreviewed	Nitrate reductase alpha subunit	taxID:1249101
A0A1X0CR30	unreviewed	Nitrate reductase alpha subunit	taxID:81858
A0A1X0DRD7	unreviewed	Nitrate reductase alpha subunit	taxID:53376
A0A1X0E9C2	unreviewed	Nitrate reductase alpha subunit	taxID:354243
A0A1X0FVC7	unreviewed	Nitrate reductase alpha subunit	taxID:560555
A0A1X0IA79	unreviewed	Nitrate reductase alpha subunit	taxID:590652
A0A1X0JQF3	unreviewed	Nitrate reductase alpha subunit	taxID:75922
A0A1X0KG98	unreviewed	Nitrate reductase alpha subunit	taxID:1783
A0A1X0L6S1	unreviewed	Nitrate reductase alpha subunit	taxID:1487726
A0A1X0UH91	unreviewed	Nitrate reductase alpha subunit	taxID:1905289
A0A1X0URJ3	unreviewed	Nitrate reductase alpha subunit	taxID:2018041
A0A1X0WGQ6	unreviewed	nitrate reductase (quinone)	taxID:1646377
A0A1X0XN71	unreviewed	nitrate reductase (quinone)	taxID:1969733
A0A1X1BUZ6	unreviewed	nitrate reductase (quinone)	taxID:472705
A0A1X1CVP2	unreviewed	nitrate reductase (quinone)	taxID:1076551
A0A1X1CWZ0	unreviewed	nitrate reductase (quinone)	taxID:1076550
A0A1X1EG80	unreviewed	nitrate reductase (quinone)	taxID:55209
A0A1X1R6Z5	unreviewed	Nitrate reductase alpha subunit	taxID:56425
A0A1X1RGL8	unreviewed	nitrate reductase (quinone)	taxID:1793
A0A1X1RHI7	unreviewed	Nitrate reductase alpha subunit	taxID:28045
A0A1X1RV08	unreviewed	Nitrate reductase alpha subunit	taxID:28045
A0A1X1TBX1	unreviewed	Nitrate reductase alpha subunit	taxID:126673
A0A1X1TI23	unreviewed	Nitrate reductase alpha subunit	taxID:44010
A0A1X1TRT1	unreviewed	Nitrate reductase alpha subunit	taxID:188915
A0A1X1UF62	unreviewed	Nitrate reductase alpha subunit	taxID:292462
A0A1X1UQ35	unreviewed	Nitrate reductase alpha subunit	taxID:1777
A0A1X1UZ49	unreviewed	Nitrate reductase alpha subunit	taxID:1260918
A0A1X1V6D3	unreviewed	Nitrate reductase alpha subunit	taxID:1260918
A0A1X1V8Z2	unreviewed	Nitrate reductase alpha subunit	taxID:1777
A0A1X1XV17	unreviewed	Nitrate reductase alpha subunit	taxID:169765
A0A1X1Y0L7	unreviewed	Nitrate reductase alpha subunit	taxID:487514
A0A1X1Y162	unreviewed	Nitrate reductase alpha subunit	taxID:487514
A0A1X1YDR1	unreviewed	Nitrate reductase alpha subunit	taxID:1108812
A0A1X1YUE5	unreviewed	Nitrate reductase alpha subunit	taxID:169765
A0A1X1Z479	unreviewed	Nitrate reductase alpha subunit	taxID:1782
A0A1X1ZKF5	unreviewed	Nitrate reductase alpha subunit	taxID:153971
A0A1X1ZXD0	unreviewed	Nitrate reductase alpha subunit	taxID:244292
A0A1X2AK91	unreviewed	Nitrate reductase alpha subunit	taxID:767916
A0A1X2BGU9	unreviewed	Nitrate reductase alpha subunit	taxID:486698
A0A1X2CWS2	unreviewed	Nitrate reductase alpha subunit	taxID:486698
A0A1X2DHE8	unreviewed	Nitrate reductase alpha subunit	taxID:486698
A0A1X2DV20	unreviewed	Nitrate reductase alpha subunit	taxID:1787
A0A1X2EKS0	unreviewed	Nitrate reductase alpha subunit	taxID:1798
A0A1X2ENU3	unreviewed	Nitrate reductase alpha subunit	taxID:1787
A0A1X2F486	unreviewed	Nitrate reductase alpha subunit	taxID:59750
A0A1X2FLC1	unreviewed	Nitrate reductase alpha subunit	taxID:1787
A0A1X2LTF9	unreviewed	Nitrate reductase alpha subunit	taxID:1430326
A0A1X3D062	unreviewed	nitrate reductase (quinone)	taxID:493
A0A1X3DEM8	unreviewed	nitrate reductase (quinone)	taxID:194197
A0A1X3DID1	unreviewed	nitrate reductase (quinone)	taxID:1931275
A0A1X3J156	unreviewed	nitrate reductase (quinone)	taxID:656447
A0A1X3J1T2	unreviewed	nitrate reductase (quinone)	taxID:656447
A0A1X3JHI5	unreviewed	nitrate reductase (quinone)	taxID:656397
A0A1X3JJD6	unreviewed	nitrate reductase (quinone)	taxID:656397
A0A1X4I1U8	unreviewed	Nitrate reductase alpha subunit	taxID:1570823
A0A1X4NJB3	unreviewed	nitrate reductase (quinone)	taxID:1123756
A0A1X4XW85	unreviewed	4Fe-4S Mo/W bis-MGD-type domain-containing protein	taxID:1562698
A0A1X6CK58	unreviewed	nitrate reductase (quinone)	taxID:573
A0A1X6X1V3	unreviewed	Respiratory nitrate reductase alpha chain	taxID:47847
A0A1X7BV64	unreviewed	nitrate reductase (quinone)	taxID:475083
A0A1X7CQ36	unreviewed	nitrate reductase (quinone)	taxID:1049583
A0A1X7EM73	unreviewed	nitrate reductase (quinone)	taxID:28094
A0A1X7EU35	unreviewed	Nitrate reductase alpha subunit	taxID:1305826
A0A1X7EV13	unreviewed	nitrate reductase (quinone)	taxID:1305826
A0A1X7GEL2	unreviewed	nitrate reductase (quinone)	taxID:1265486
A0A1X7IBT3	unreviewed	nitrate reductase (quinone)	taxID:1566286
A0A1X7J3Z7	unreviewed	nitrate reductase (quinone)	taxID:935850
A0A1X7JMR3	unreviewed	nitrate reductase (quinone)	taxID:1610489
A0A1X7PIA0	unreviewed	nitrate reductase (quinone)	taxID:1162418
A0A1Y0C0J1	unreviewed	Nitrate reductase alpha subunit	taxID:482462
A0A1Y0CVN2	unreviewed	nitrate reductase (quinone)	taxID:1903694
A0A1Y0EAL3	unreviewed	nitrate reductase (quinone)	taxID:245188
A0A1Y0FSR6	unreviewed	nitrate reductase (quinone)	taxID:1987723
A0A1Y0HX45	unreviewed	nitrate reductase (quinone)	taxID:1710
A0A1Y0LG07	unreviewed	nitrate reductase (quinone)	taxID:53336
A0A1Y1BU38	unreviewed	nitrate reductase (quinone)	taxID:95485
A0A1Y1RRJ8	unreviewed	nitrate reductase (quinone)	taxID:85336
A0A1Y2KYD6	unreviewed	nitrate reductase (quinone)	taxID:1293891
A0A1Y2NSY0	unreviewed	Nitrate reductase alpha subunit	taxID:1319510
A0A1Y2NTA1	unreviewed	nitrate reductase (quinone)	taxID:1319510
A0A1Y2QSA6	unreviewed	nitrate reductase (quinone)	taxID:1985169
A0A1Y3A1H0	unreviewed	nitrate reductase (quinone)	taxID:1880899
A0A1Y3MQF2	unreviewed	nitrate reductase (quinone)	taxID:64104
A0A1Y4P7M4	unreviewed	nitrate reductase (quinone)	taxID:1598
A0A1Y5JRA2	unreviewed	nitrate reductase (quinone)	taxID:1967839
A0A1Y5PBC0	unreviewed	nitrate reductase (quinone)	taxID:171292
A0A1Y5Q5H5	unreviewed	nitrate reductase (quinone)	taxID:165438
A0A1Y5X332	unreviewed	Nitrate reductase alpha subunit	taxID:2030
A0A1Y5XM89	unreviewed	nitrate reductase (quinone)	taxID:2030
A0A1Y6ATU9	unreviewed	nitrate reductase (quinone)	taxID:2026190
A0A1Y6BGE6	unreviewed	nitrate reductase (quinone)	taxID:560819
A0A1Y6BXX5	unreviewed	nitrate reductase (quinone)	taxID:1123014
A0A1Y6FVS9	unreviewed	4Fe-4S Mo/W bis-MGD-type domain-containing protein	taxID:1882763
A0A1Y6JZJ7	unreviewed	nitrate reductase (quinone)	taxID:267363
A0A1Z3LTX1	unreviewed	nitrate reductase (quinone)	taxID:293
A0A1Z3MVW7	unreviewed	nitrate reductase (quinone)	taxID:1915310
A0A1Z5H8F4	unreviewed	nitrate reductase (quinone)	taxID:113268
A0A1Z5ICU9	unreviewed	nitrate reductase (quinone)	taxID:1435342
A0A1Z8A1P6	unreviewed	nitrate reductase (quinone)	taxID:1856301
A0A202B6W6	unreviewed	nitrate reductase (quinone)	taxID:536
A0A208Y1M9	unreviewed	nitrate reductase (quinone)	taxID:2008676
A0A209A9L4	unreviewed	nitrate reductase (quinone)	taxID:631
A0A209C3B0	unreviewed	Nitrate reductase alpha subunit	taxID:1982761
A0A210VXA2	unreviewed	nitrate reductase (quinone)	taxID:1472718
A0A212IFJ8	unreviewed	nitrate reductase (quinone)	taxID:200446
A0A212IIX4	unreviewed	nitrate reductase (quinone)	taxID:200446
A0A212IMF6	unreviewed	nitrate reductase (quinone)	taxID:200446
A0A212LFT9	unreviewed	nitrate reductase (quinone)	taxID:442121
A0A212TGY8	unreviewed	nitrate reductase (quinone)	taxID:1761795
A0A218PQW8	unreviewed	nitrate reductase (quinone)	taxID:113574
A0A220S307	unreviewed	nitrate reductase (quinone)	taxID:1853278
A0A220U3B8	unreviewed	nitrate reductase (quinone)	taxID:2017483
A0A220U9N3	unreviewed	nitrate reductase (quinone)	taxID:2017485
A0A220U9V8	unreviewed	nitrate reductase (quinone)	taxID:2017485
A0A220ULC6	unreviewed	nitrate reductase (quinone)	taxID:2018305
A0A221R743	unreviewed	nitrate reductase (quinone)	taxID:2020377
A0A222WKP4	unreviewed	nitrate reductase (quinone)	taxID:172713
A0A222WR28	unreviewed	nitrate reductase (quinone)	taxID:172713
A0A222XAF9	unreviewed	nitrate reductase (quinone)	taxID:2003551
A0A223U9X6	unreviewed	nitrate reductase (quinone)	taxID:2026240
A0A225N2P7	unreviewed	nitrate reductase (quinone)	taxID:683354
A0A226Q2B3	unreviewed	nitrate reductase (quinone)	taxID:33938
A0A226QID5	unreviewed	nitrate reductase (quinone)	taxID:883812
A0A226QRK5	unreviewed	nitrate reductase (quinone)	taxID:883812
A0A226WRW5	unreviewed	nitrate reductase (quinone)	taxID:196367
A0A227KRB4	unreviewed	nitrate reductase (quinone)	taxID:1796652
A0A228HTD3	unreviewed	nitrate reductase (quinone)	taxID:2015348
A0A228Q375	unreviewed	nitrate reductase (quinone)	taxID:2015360
A0A229EVY1	unreviewed	nitrate reductase (quinone)	taxID:562
A0A229G1I7	unreviewed	nitrate reductase (quinone)	taxID:1028414
A0A229GT83	unreviewed	nitrate reductase (quinone)	taxID:1945643
A0A229RKU1	unreviewed	Nitrate reductase alpha subunit	taxID:589330
A0A229S1Z6	unreviewed	Nitrate reductase alpha subunit	taxID:1125972
A0A231H0Z7	unreviewed	Nitrate reductase alpha subunit	taxID:85688
A0A231H201	unreviewed	Nitrate reductase alpha subunit	taxID:85688
A0A231RR25	unreviewed	nitrate reductase (quinone)	taxID:1955714
A0A231V214	unreviewed	nitrate reductase (quinone)	taxID:1876515
A0A232S7W7	unreviewed	nitrate reductase (quinone)	taxID:28901
A0A233S3C6	unreviewed	Nitrate reductase alpha subunit	taxID:42236
A0A234ZHU6	unreviewed	nitrate reductase (quinone)	taxID:562
A0A235B330	unreviewed	nitrate reductase (quinone)	taxID:1642702
A0A235EN89	unreviewed	nitrate reductase (quinone)	taxID:2004485
A0A236EHT6	unreviewed	nitrate reductase (quinone)	taxID:562
A0A238D612	unreviewed	nitrate reductase (quinone)	taxID:364030
A0A238DRT9	unreviewed	nitrate reductase (quinone)	taxID:1050370
A0A238L822	unreviewed	nitrate reductase (quinone)	taxID:1524263
A0A238L906	unreviewed	nitrate reductase (quinone)	taxID:1673631
A0A238LKB1	unreviewed	nitrate reductase (quinone)	taxID:1819565
A0A238TEE3	unreviewed	nitrate reductase (quinone)	taxID:1522312
A0A238XUC7	unreviewed	nitrate reductase (quinone)	taxID:1214787
A0A238ZND6	unreviewed	nitrate reductase (quinone)	taxID:298908
A0A239C482	unreviewed	nitrate reductase (quinone)	taxID:52697
A0A239DTK9	unreviewed	nitrate reductase (quinone)	taxID:366289
A0A239I193	unreviewed	nitrate reductase (quinone)	taxID:74033
A0A239L587	unreviewed	Nitrate reductase alpha subunit	taxID:240840
A0A239NFE6	unreviewed	nitrate reductase (quinone)	taxID:366289
A0A239NTB9	unreviewed	Nitrate reductase alpha subunit	taxID:240840
A0A239PQP8	unreviewed	nitrate reductase (quinone)	taxID:1519374
A0A239PYI1	unreviewed	nitrate reductase (quinone)	taxID:184748
A0A239QTD7	unreviewed	nitrate reductase (quinone)	taxID:1945888
A0A239TPM8	unreviewed	nitrate reductase (quinone)	taxID:70258
A0A239YC17	unreviewed	nitrate reductase (quinone)	taxID:248315
A0A239YKR7	unreviewed	nitrate reductase (quinone)	taxID:643214
A0A240C3F9	unreviewed	nitrate reductase (quinone)	taxID:61651
A0A240C8B5	unreviewed	nitrate reductase (quinone)	taxID:1294
A0A240U9V3	unreviewed	nitrate reductase (quinone)	taxID:553814
A0A241W1C0	unreviewed	nitrate reductase (quinone)	taxID:1977876
A0A242MCF0	unreviewed	nitrate reductase (quinone)	taxID:196367
A0A242N0X9	unreviewed	nitrate reductase (quinone)	taxID:196367
A0A242VZU5	unreviewed	nitrate reductase (quinone)	taxID:180868
A0A242W3D3	unreviewed	nitrate reductase (quinone)	taxID:180868
A0A242Z367	unreviewed	nitrate reductase (quinone)	taxID:1890302
A0A243ACC1	unreviewed	nitrate reductase (quinone)	taxID:339658
A0A243BEJ0	unreviewed	nitrate reductase (quinone)	taxID:180881
A0A243D0F3	unreviewed	nitrate reductase (quinone)	taxID:180867
A0A243QDX2	unreviewed	nitrate reductase (quinone)	taxID:417102
A0A243RH84	unreviewed	nitrate reductase (quinone)	taxID:569862
A0A244BBQ2	unreviewed	nitrate reductase (quinone)	taxID:562
A0A244CTS4	unreviewed	nitrate reductase (quinone)	taxID:107327
A0A246IH82	unreviewed	nitrate reductase (quinone)	taxID:40324
A0A246PR66	unreviewed	nitrate reductase (quinone)	taxID:2014743
A0A246RVM6	unreviewed	nitrate reductase (quinone)	taxID:213554
A0A248K8G7	unreviewed	nitrate reductase (quinone)	taxID:1243617
A0A248K9F7	unreviewed	nitrate reductase (quinone)	taxID:1243617
A0A250B6N5	unreviewed	nitrate reductase (quinone)	taxID:929813
A0A251ZVS7	unreviewed	nitrate reductase (quinone)	taxID:479936
A0A254NSB1	unreviewed	nitrate reductase (quinone)	taxID:2009338
A0A254QB80	unreviewed	nitrate reductase (quinone)	taxID:1743164
A0A254THB8	unreviewed	nitrate reductase (quinone)	taxID:1968433
A0A254UIS5	unreviewed	nitrate reductase (quinone)	taxID:1973004
A0A255GK03	unreviewed	nitrate reductase (quinone)	taxID:2016499
A0A255HPN6	unreviewed	nitrate reductase (quinone)	taxID:2012679
A0A255XQV0	unreviewed	nitrate reductase (quinone)	taxID:2022747
A0A255ZC90	unreviewed	nitrate reductase (quinone)	taxID:2022803
A0A256F1K0	unreviewed	nitrate reductase (quinone)	taxID:94627
A0A256FJ30	unreviewed	nitrate reductase (quinone)	taxID:571255
A0A256G818	unreviewed	nitrate reductase (quinone)	taxID:419475
A0A256GIG4	unreviewed	nitrate reductase (quinone)	taxID:255457
A0A256SRQ1	unreviewed	nitrate reductase (quinone)	taxID:1598
A0A256VHM7	unreviewed	nitrate reductase (quinone)	taxID:1598
A0A257H5T1	unreviewed	nitrate reductase (quinone)	taxID:2015566
A0A257H8F9	unreviewed	nitrate reductase (quinone)	taxID:2015577
A0A257MXN0	unreviewed	4Fe-4S Mo/W bis-MGD-type domain-containing protein	taxID:1917482
A0A257MYL6	unreviewed	nitrate reductase (quinone)	taxID:1917481
A0A257NZF5	unreviewed	Nitrate reductase subunit alpha	taxID:1970454
A0A257Y007	unreviewed	nitrate reductase (quinone)	taxID:1970515
A0A258CG70	unreviewed	4Fe-4S Mo/W bis-MGD-type domain-containing protein	taxID:1970315
A0A258DTC7	unreviewed	4Fe-4S Mo/W bis-MGD-type domain-containing protein	taxID:1970550
A0A258FBL4	unreviewed	nitrate reductase (quinone)	taxID:1970531
A0A258GBD5	unreviewed	nitrate reductase (quinone)	taxID:1970560
A0A258HR88	unreviewed	nitrate reductase (quinone)	taxID:1970540
A0A258HZZ6	unreviewed	4Fe-4S Mo/W bis-MGD-type domain-containing protein	taxID:1970592
A0A258NDP5	unreviewed	nitrate reductase (quinone)	taxID:1970312
A0A258NVV7	unreviewed	nitrate reductase (quinone)	taxID:1970418
A0A258R5Y1	unreviewed	nitrate reductase (quinone)	taxID:1970529
A0A258ZCN6	unreviewed	nitrate reductase (quinone)	taxID:1970510
A0A258ZSC8	unreviewed	Nitrate reductase subunit alpha	taxID:1970548
A0A259DK83	unreviewed	4Fe-4S Mo/W bis-MGD-type domain-containing protein	taxID:1970556
A0A259DLE9	unreviewed	Nitrate reductase subunit alpha	taxID:1970525
A0A259E126	unreviewed	nitrate reductase (quinone)	taxID:1970556
A0A259F379	unreviewed	nitrate reductase (quinone)	taxID:1970528
A0A259FTL7	unreviewed	Molybdopterin oxidoreductase domain-containing protein	taxID:1970523
A0A259KCF0	unreviewed	Nitrate reductase subunit alpha	taxID:1970553
A0A259LUK6	unreviewed	Nitrate reductase subunit alpha	taxID:1970561
A0A259LVR5	unreviewed	4Fe-4S Mo/W bis-MGD-type domain-containing protein	taxID:1970561
A0A259M4A4	unreviewed	nitrate reductase (quinone)	taxID:1970395
A0A259M4N9	unreviewed	nitrate reductase (quinone)	taxID:1970392
A0A259MUD5	unreviewed	nitrate reductase (quinone)	taxID:1970570
A0A259RVZ9	unreviewed	nitrate reductase (quinone)	taxID:1970449
A0A259SVD7	unreviewed	Nitrate reductase subunit alpha	taxID:1970400
A0A260SH10	unreviewed	nitrate reductase (quinone)	taxID:2023142
A0A260VSW1	unreviewed	nitrate reductase (quinone)	taxID:2023147
A0A261GLH7	unreviewed	nitrate reductase (quinone)	taxID:1926491
A0A261QV50	unreviewed	nitrate reductase (quinone)	taxID:1416805
A0A261RHL7	unreviewed	nitrate reductase (quinone)	taxID:1416805
A0A261SD58	unreviewed	nitrate reductase (quinone)	taxID:1395607
A0A261SK25	unreviewed	nitrate reductase (quinone)	taxID:1416804
A0A261T0P9	unreviewed	nitrate reductase (quinone)	taxID:1395608
A0A261TVW0	unreviewed	nitrate reductase (quinone)	taxID:463044
A0A261UT83	unreviewed	nitrate reductase (quinone)	taxID:1416808
A0A261V6R5	unreviewed	nitrate reductase (quinone)	taxID:1983456
A0A261VHR6	unreviewed	nitrate reductase (quinone)	taxID:1983456
A0A264VPX8	unreviewed	nitrate reductase (quinone)	taxID:587
A0A265B4M6	unreviewed	nitrate reductase (quinone)	taxID:611
A0A265B549	unreviewed	nitrate reductase (quinone)	taxID:611
A0A265E012	unreviewed	nitrate reductase (quinone)	taxID:1072583
A0A265E719	unreviewed	nitrate reductase (quinone)	taxID:45670
A0A265NFE2	unreviewed	nitrate reductase (quinone)	taxID:2024554
A0A268EUR5	unreviewed	nitrate reductase (quinone)	taxID:66347
A0A268NXQ9	unreviewed	nitrate reductase (quinone)	taxID:79880
A0A268RXF2	unreviewed	nitrate reductase (quinone)	taxID:79880
A0A269WBR0	unreviewed	nitrate reductase (quinone)	taxID:2026236
A0A285B3K5	unreviewed	nitrate reductase (quinone)	taxID:2058152
A0A285B5H7	unreviewed	nitrate reductase (quinone)	taxID:2058152
A0A285CBR2	unreviewed	Nitrate reductase alpha subunit	taxID:1938861
A0A285E884	unreviewed	Nitrate reductase alpha subunit	taxID:1564158
A0A285JEN2	unreviewed	nitrate reductase (quinone)	taxID:1378073
A0A285JI53	unreviewed	nitrate reductase (quinone)	taxID:1036182
A0A285KF06	unreviewed	Nitrate reductase alpha subunit	taxID:1036182
A0A285L131	unreviewed	nitrate reductase (quinone)	taxID:1378073
A0A285L6L0	unreviewed	Nitrate reductase alpha subunit	taxID:756689
A0A285Q964	unreviewed	nitrate reductase (quinone)	taxID:1415568
A0A285S081	unreviewed	nitrate reductase (quinone)	taxID:614648
A0A285UUU6	unreviewed	nitrate reductase (quinone)	taxID:714307
A0A285VGL4	unreviewed	nitrate reductase (quinone)	taxID:141389
A0A285VR52	unreviewed	nitrate reductase (quinone)	taxID:2248773
A0A286CTV6	unreviewed	nitrate reductase (quinone)	taxID:1938853
A0A286IDX8	unreviewed	nitrate reductase (quinone)	taxID:714899
A0A290WWH8	unreviewed	nitrate reductase (quinone)	taxID:368607
A0A290Z3U4	unreviewed	Nitrate reductase alpha subunit	taxID:42197
A0A291DG80	unreviewed	nitrate reductase (quinone)	taxID:43675
A0A291DXD6	unreviewed	nitrate reductase (quinone)	taxID:158822
A0A291GNX7	unreviewed	nitrate reductase (quinone)	taxID:2017484
A0A291GPE5	unreviewed	nitrate reductase (quinone)	taxID:2017484
A0A291PCC8	unreviewed	nitrate reductase (quinone)	taxID:475662
A0A291QFL3	unreviewed	nitrate reductase (quinone)	taxID:1616117
A0A291QFM4	unreviewed	nitrate reductase (quinone)	taxID:1616117
A0A291QJZ8	unreviewed	Nitrate reductase alpha subunit	taxID:1616117
A0A291R8X2	unreviewed	nitrate reductase (quinone)	taxID:1390
A0A292GR34	unreviewed	nitrate reductase (quinone)	taxID:1882222
A0A292YR63	unreviewed	nitrate reductase (quinone)	taxID:1348429
A0A292Z197	unreviewed	Nitrate reductase alpha subunit	taxID:1987376
A0A2A1KEX4	unreviewed	nitrate reductase (quinone)	taxID:1283
A0A2A2AKV9	unreviewed	nitrate reductase (quinone)	taxID:2029117
A0A2A2AL97	unreviewed	nitrate reductase (quinone)	taxID:2029117
A0A2A2AWA2	unreviewed	nitrate reductase (quinone)	taxID:2029117
A0A2A2DWL2	unreviewed	nitrate reductase (quinone)	taxID:1958773
A0A2A2DYX7	unreviewed	nitrate reductase (quinone)	taxID:1949067
A0A2A2FC76	unreviewed	nitrate reductase (quinone)	taxID:2032626
A0A2A2G0U2	unreviewed	nitrate reductase (quinone)	taxID:2032628
A0A2A2IDN7	unreviewed	nitrate reductase (quinone)	taxID:2024555
A0A2A2II37	unreviewed	nitrate reductase (quinone)	taxID:2024555
A0A2A2J0P3	unreviewed	nitrate reductase (quinone)	taxID:1985301
A0A2A2M9T2	unreviewed	nitrate reductase (quinone)	taxID:546367
A0A2A2T8J8	unreviewed	nitrate reductase (quinone)	taxID:2029117
A0A2A2V6Z6	unreviewed	nitrate reductase (quinone)	taxID:418599
A0A2A2ZLT5	unreviewed	Nitrate reductase alpha subunit	taxID:1764
A0A2A3AG09	unreviewed	nitrate reductase (quinone)	taxID:2029858
A0A2A3G814	unreviewed	Nitrate reductase alpha subunit	taxID:2028570
A0A2A3GXM0	unreviewed	Nitrate reductase alpha subunit	taxID:2036037
A0A2A3LCQ2	unreviewed	Nitrate reductase alpha subunit	taxID:439334
A0A2A3MF64	unreviewed	nitrate reductase (quinone)	taxID:170540
A0A2A3XK56	unreviewed	nitrate reductase (quinone)	taxID:2024403
A0A2A4C3J0	unreviewed	nitrate reductase (quinone)	taxID:1705310
A0A2A4FEI6	unreviewed	nitrate reductase (quinone)	taxID:265293
A0A2A4H013	unreviewed	nitrate reductase (quinone)	taxID:53344
A0A2A4HP65	unreviewed	nitrate reductase (quinone)	taxID:2042704
A0A2A4N7J5	unreviewed	nitrate reductase (quinone)	taxID:1904441
A0A2A4R8K2	unreviewed	nitrate reductase (quinone)	taxID:1909294
A0A2A4UYQ4	unreviewed	nitrate reductase (quinone)	taxID:1913988
A0A2A4UYS1	unreviewed	4Fe-4S Mo/W bis-MGD-type domain-containing protein	taxID:1889775
A0A2A4VGS7	unreviewed	nitrate reductase (quinone)	taxID:1913988
A0A2A4VLS9	unreviewed	nitrate reductase (quinone)	taxID:1913989
A0A2A4WGQ0	unreviewed	nitrate reductase (quinone)	taxID:2030828
A0A2A4WNZ0	unreviewed	Nitrate reductase subunit alpha	taxID:2030828
A0A2A4YZM0	unreviewed	nitrate reductase (quinone)	taxID:1913988
A0A2A5AHR3	unreviewed	4Fe-4S Mo/W bis-MGD-type domain-containing protein	taxID:1913989
A0A2A5B8X6	unreviewed	nitrate reductase (quinone)	taxID:2021391
A0A2A5BVJ1	unreviewed	nitrate reductase (quinone)	taxID:1913988
A0A2A5CKW8	unreviewed	nitrate reductase (quinone)	taxID:1913988
A0A2A5EQE4	unreviewed	nitrate reductase (quinone)	taxID:2026785
A0A2A5F540	unreviewed	nitrate reductase (quinone)	taxID:1904441
A0A2A5GF41	unreviewed	nitrate reductase (quinone)	taxID:2026782
A0A2A5HEH5	unreviewed	nitrate reductase (quinone)	taxID:2021391
A0A2A5LXJ5	unreviewed	nitrate reductase (quinone)	taxID:2039467
A0A2A5MQC5	unreviewed	nitrate reductase (quinone)	taxID:1463165
A0A2A6DET0	unreviewed	nitrate reductase (quinone)	taxID:28901
A0A2A6DFB9	unreviewed	nitrate reductase (quinone)	taxID:28901
A0A2A6NMK3	unreviewed	nitrate reductase (quinone)	taxID:142585
A0A2A6Q2P1	unreviewed	nitrate reductase (quinone)	taxID:562
A0A2A7BPA5	unreviewed	nitrate reductase (quinone)	taxID:1890302
A0A2A7D6A2	unreviewed	nitrate reductase (quinone)	taxID:1392
A0A2A7E8U8	unreviewed	nitrate reductase (quinone)	taxID:2033516
A0A2A7H063	unreviewed	nitrate reductase (quinone)	taxID:2033868
A0A2A7I030	unreviewed	nitrate reductase (quinone)	taxID:1396
A0A2A7MTV3	unreviewed	Nitrate reductase alpha subunit	taxID:36811
A0A2A7SI60	unreviewed	nitrate reductase (quinone)	taxID:28095
A0A2A7TYA1	unreviewed	4Fe-4S Mo/W bis-MGD-type domain-containing protein	taxID:636
A0A2A7UGE9	unreviewed	Nitrate reductase alpha subunit	taxID:2018066
A0A2A7YRT1	unreviewed	nitrate reductase (quinone)	taxID:155322
A0A2A8C7A6	unreviewed	nitrate reductase (quinone)	taxID:64104
A0A2A8CR21	unreviewed	nitrate reductase (quinone)	taxID:1890302
A0A2A8D8J1	unreviewed	nitrate reductase (quinone)	taxID:2047
A0A2A8H6T6	unreviewed	nitrate reductase (quinone)	taxID:155322
A0A2A8SHE6	unreviewed	nitrate reductase (quinone)	taxID:2033491
A0A2A8V4K4	unreviewed	nitrate reductase (quinone)	taxID:2033487
A0A2A9DXB6	unreviewed	nitrate reductase (quinone)	taxID:630514
A0A2A9E6I1	unreviewed	nitrate reductase (quinone)	taxID:372484
A0A2A9EM45	unreviewed	nitrate reductase (quinone)	taxID:638953
A0A2A9FR44	unreviewed	nitrate reductase (quinone)	taxID:1761796
A0A2A9H0C9	unreviewed	nitrate reductase (quinone)	taxID:1945889
A0A2A9L7K5	unreviewed	nitrate reductase (quinone)	taxID:1938747
A0A2B0MN16	unreviewed	nitrate reductase (quinone)	taxID:1396
A0A2B0XXN0	unreviewed	nitrate reductase (quinone)	taxID:1392
A0A2B1DB33	unreviewed	nitrate reductase (quinone)	taxID:1396
A0A2B2BWU1	unreviewed	nitrate reductase (quinone)	taxID:2033511
A0A2B2LZE3	unreviewed	nitrate reductase (quinone)	taxID:1396
A0A2B3TXD1	unreviewed	nitrate reductase (quinone)	taxID:1396
A0A2B4FIC2	unreviewed	nitrate reductase (quinone)	taxID:2033508
A0A2B6SBJ8	unreviewed	nitrate reductase (quinone)	taxID:1890302
A0A2B8IW95	unreviewed	nitrate reductase (quinone)	taxID:1396
A0A2B9E3Q9	unreviewed	nitrate reductase (quinone)	taxID:1396
A0A2B9QCH8	unreviewed	nitrate reductase (quinone)	taxID:1396
A0A2C1DKR6	unreviewed	nitrate reductase (quinone)	taxID:1396
A0A2C1M0A3	unreviewed	nitrate reductase (quinone)	taxID:1396
A0A2C1Z0B7	unreviewed	nitrate reductase (quinone)	taxID:2033499
A0A2C4HDR3	unreviewed	nitrate reductase (quinone)	taxID:1890302
A0A2C4Q280	unreviewed	nitrate reductase (quinone)	taxID:1890302
A0A2C5T8P2	unreviewed	nitrate reductase (quinone)	taxID:83655
A0A2C5T911	unreviewed	nitrate reductase (quinone)	taxID:582
A0A2C6WNF7	unreviewed	nitrate reductase (quinone)	taxID:1955013
A0A2C9NZB2	unreviewed	nitrate reductase (quinone)	taxID:1242107
A0A2C9NZI6	unreviewed	nitrate reductase (quinone)	taxID:1242107
A0A2C9ZLZ5	unreviewed	Nitrate reductase alpha subunit	taxID:569862
A0A2D0AD11	unreviewed	nitrate reductase (quinone)	taxID:46680
A0A2D0IFP5	unreviewed	nitrate reductase (quinone)	taxID:2027918
A0A2D1KKD9	unreviewed	nitrate reductase (quinone)	taxID:1423822
A0A2D2DPU9	unreviewed	nitrate reductase (quinone)	taxID:2045208
A0A2D2LYC7	unreviewed	nitrate reductase (quinone)	taxID:34062
A0A2D4TY36	unreviewed	nitrate reductase (quinone)	taxID:1869214
A0A2D4ZGI6	unreviewed	nitrate reductase (quinone)	taxID:53249
A0A2D5EHJ4	unreviewed	4Fe-4S Mo/W bis-MGD-type domain-containing protein	taxID:50741
A0A2D5ITB2	unreviewed	nitrate reductase (quinone)	taxID:1904441
A0A2D5RU40	unreviewed	nitrate reductase (quinone)	taxID:1869214
A0A2D5TZ38	unreviewed	nitrate reductase (quinone)	taxID:1977087
A0A2D5UKF2	unreviewed	nitrate reductase (quinone)	taxID:1898104
A0A2D5UKJ2	unreviewed	nitrate reductase (quinone)	taxID:1898104
A0A2D5UR24	unreviewed	nitrate reductase (quinone)	taxID:2026733
A0A2D5UUB8	unreviewed	4Fe-4S Mo/W bis-MGD-type domain-containing protein	taxID:2026733
A0A2D5W7P1	unreviewed	nitrate reductase (quinone)	taxID:2026780
A0A2D5X2A7	unreviewed	4Fe-4S Mo/W bis-MGD-type domain-containing protein	taxID:2026739
A0A2D5XLD3	unreviewed	nitrate reductase (quinone)	taxID:2026780
A0A2D5ZQA8	unreviewed	nitrate reductase (quinone)	taxID:2026742
A0A2D6AEZ7	unreviewed	nitrate reductase (quinone)	taxID:2026724
A0A2D6FZ31	unreviewed	4Fe-4S Mo/W bis-MGD-type domain-containing protein	taxID:1898112
A0A2D6GBM0	unreviewed	nitrate reductase (quinone)	taxID:2026724
A0A2D6HDY7	unreviewed	nitrate reductase (quinone)	taxID:2026780
A0A2D6HIG6	unreviewed	nitrate reductase (quinone)	taxID:2026780
A0A2D6IXM6	unreviewed	nitrate reductase (quinone)	taxID:2026725
A0A2D6IZT8	unreviewed	nitrate reductase (quinone)	taxID:2026733
A0A2D6JYX6	unreviewed	nitrate reductase (quinone)	taxID:1898112
A0A2D6K6N5	unreviewed	4Fe-4S Mo/W bis-MGD-type domain-containing protein	taxID:2024893
A0A2D6K8E1	unreviewed	4Fe-4S Mo/W bis-MGD-type domain-containing protein	taxID:2024893
A0A2D6KIU3	unreviewed	nitrate reductase (quinone)	taxID:2024894
A0A2D6MTA2	unreviewed	4Fe-4S Mo/W bis-MGD-type domain-containing protein	taxID:2026735
A0A2D6PFJ5	unreviewed	nitrate reductase (quinone)	taxID:2024894
A0A2D6PSY7	unreviewed	nitrate reductase (quinone)	taxID:2026780
A0A2D6T4L4	unreviewed	4Fe-4S Mo/W bis-MGD-type domain-containing protein	taxID:1898112
A0A2D7C6J3	unreviewed	nitrate reductase (quinone)	taxID:2026759
A0A2D7ZH02	unreviewed	nitrate reductase (quinone)	taxID:1871053
A0A2D8HM96	unreviewed	nitrate reductase (quinone)	taxID:1964365
A0A2D8HUL0	unreviewed	nitrate reductase (quinone)	taxID:1874361
A0A2D8NBR8	unreviewed	nitrate reductase (quinone)	taxID:50741
A0A2D8QF28	unreviewed	Nitrate reductase subunit alpha	taxID:2024861
A0A2D9LBA3	unreviewed	nitrate reductase (quinone)	taxID:50741
A0A2D9LHM3	unreviewed	nitrate reductase (quinone)	taxID:1486246
A0A2E0UJ31	unreviewed	nitrate reductase (quinone)	taxID:2026737
A0A2E1BE02	unreviewed	nitrate reductase (quinone)	taxID:1969699
A0A2E1XJG7	unreviewed	nitrate reductase (quinone)	taxID:1979207
A0A2E2MXY6	unreviewed	nitrate reductase (quinone)	taxID:1486246
A0A2E3EVH4	unreviewed	nitrate reductase (quinone)	taxID:2024861
A0A2E3PX69	unreviewed	nitrate reductase (quinone)	taxID:1904441
A0A2E4ELJ5	unreviewed	nitrate reductase (quinone)	taxID:2026728
A0A2E5BSH2	unreviewed	nitrate reductase (quinone)	taxID:2026785
A0A2E5C8P1	unreviewed	nitrate reductase (quinone)	taxID:2024853
A0A2E5SMC2	unreviewed	nitrate reductase (quinone)	taxID:50741
A0A2E5X6L0	unreviewed	nitrate reductase (quinone)	taxID:2026780
A0A2E6D9Z2	unreviewed	nitrate reductase (quinone)	taxID:2026780
A0A2E6DC43	unreviewed	4Fe-4S Mo/W bis-MGD-type domain-containing protein	taxID:2026769
A0A2E6QKU1	unreviewed	nitrate reductase (quinone)	taxID:1898112
A0A2E7ACV6	unreviewed	nitrate reductase (quinone)	taxID:2026739
A0A2E7RJL6	unreviewed	nitrate reductase (quinone)	taxID:2026780
A0A2E7XC97	unreviewed	4Fe-4S Mo/W bis-MGD-type domain-containing protein	taxID:1913989
A0A2E8CXT6	unreviewed	nitrate reductase (quinone)	taxID:2026779
A0A2E8K9I6	unreviewed	4Fe-4S Mo/W bis-MGD-type domain-containing protein	taxID:1913989
A0A2E8L1F4	unreviewed	nitrate reductase (quinone)	taxID:2026760
A0A2E9D429	unreviewed	nitrate reductase (quinone)	taxID:2026725
A0A2E9GU23	unreviewed	4Fe-4S Mo/W bis-MGD-type domain-containing protein	taxID:2026735
A0A2E9GZ33	unreviewed	nitrate reductase (quinone)	taxID:1874361
A0A2E9J4E6	unreviewed	nitrate reductase (quinone)	taxID:2026796
A0A2E9JHA6	unreviewed	nitrate reductase (quinone)	taxID:1913989
A0A2E9JV45	unreviewed	nitrate reductase (quinone)	taxID:2026725
A0A2E9TA19	unreviewed	nitrate reductase (quinone)	taxID:2026724
A0A2E9YG17	unreviewed	nitrate reductase (quinone)	taxID:2026739
A0A2E9YQF9	unreviewed	nitrate reductase (quinone)	taxID:2026734
A0A2F0PL71	unreviewed	nitrate reductase (quinone)	taxID:615
A0A2G0XB24	unreviewed	nitrate reductase (quinone)	taxID:1718919
A0A2G0YKS0	unreviewed	nitrate reductase (quinone)	taxID:1718920
A0A2G1QQD3	unreviewed	nitrate reductase (quinone)	taxID:1982044
A0A2G1UN08	unreviewed	nitrate reductase (quinone)	taxID:2666256
A0A2G1VKN2	unreviewed	nitrate reductase (quinone)	taxID:432303
A0A2G1YAY4	unreviewed	nitrate reductase (quinone)	taxID:2030823
A0A2G1YIL5	unreviewed	Nitrate reductase subunit alpha	taxID:1912891
A0A2G1YY28	unreviewed	nitrate reductase (quinone)	taxID:2030823
A0A2G1Z2Y7	unreviewed	nitrate reductase (quinone)	taxID:1964365
A0A2G2A2N0	unreviewed	nitrate reductase (quinone)	taxID:2030825
A0A2G2BQ49	unreviewed	nitrate reductase (quinone)	taxID:1903071
A0A2G2DM15	unreviewed	nitrate reductase (quinone)	taxID:1940281
A0A2G2GE73	unreviewed	nitrate reductase (quinone)	taxID:2030823
A0A2G2GK99	unreviewed	nitrate reductase (quinone)	taxID:2030823
A0A2G2J3E8	unreviewed	nitrate reductase (quinone)	taxID:2030823
A0A2G2L8P9	unreviewed	nitrate reductase (quinone)	taxID:1920245
A0A2G2LHR6	unreviewed	nitrate reductase (quinone)	taxID:2030823
A0A2G2LJG4	unreviewed	nitrate reductase (quinone)	taxID:2030823
A0A2G2LVB5	unreviewed	4Fe-4S Mo/W bis-MGD-type domain-containing protein	taxID:2024840
A0A2G2N593	unreviewed	nitrate reductase (quinone)	taxID:2030823
A0A2G2NQF9	unreviewed	nitrate reductase (quinone)	taxID:50741
A0A2G2QT42	unreviewed	nitrate reductase (quinone)	taxID:2024853
A0A2G3LKC0	unreviewed	nitrate reductase (quinone)	taxID:2048010
A0A2G3PRJ4	unreviewed	nitrate reductase (quinone)	taxID:85044
A0A2G4YQD1	unreviewed	nitrate reductase (quinone)	taxID:2043170
A0A2G5PDG3	unreviewed	nitrate reductase (quinone)	taxID:85968
A0A2G5PR06	unreviewed	Nitrate reductase alpha subunit	taxID:28045
A0A2G5W0R8	unreviewed	nitrate reductase (quinone)	taxID:2048264
A0A2G5WL57	unreviewed	nitrate reductase (quinone)	taxID:2048263
A0A2G5WSD0	unreviewed	nitrate reductase (quinone)	taxID:2048262
A0A2G5X4U8	unreviewed	nitrate reductase (quinone)	taxID:2048261
A0A2G5XCP7	unreviewed	nitrate reductase (quinone)	taxID:2048260
A0A2G5XIW0	unreviewed	nitrate reductase (quinone)	taxID:2048258
A0A2G5ZDS9	unreviewed	nitrate reductase (quinone)	taxID:2048252
A0A2G6AQK8	unreviewed	nitrate reductase (quinone)	taxID:2048247
A0A2G6B8I2	unreviewed	nitrate reductase (quinone)	taxID:2048245
A0A2G6ET77	unreviewed	4Fe-4S Mo/W bis-MGD-type domain-containing protein	taxID:1913989
A0A2G6IVB5	unreviewed	nitrate reductase (quinone)	taxID:1948890
A0A2G6LF09	unreviewed	nitrate reductase (quinone)	taxID:1913989
A0A2G6QA96	unreviewed	nitrate reductase (quinone)	taxID:2039284
A0A2G6SG84	unreviewed	nitrate reductase (quinone)	taxID:2035204
A0A2G6T4R8	unreviewed	nitrate reductase (quinone)	taxID:2035205
A0A2G6U290	unreviewed	nitrate reductase (quinone)	taxID:2035215
A0A2G6YDV3	unreviewed	nitrate reductase (quinone)	taxID:2035203
A0A2G7T4E6	unreviewed	nitrate reductase (quinone)	taxID:2050562
A0A2G8B2Q0	unreviewed	Nitrate reductase alpha subunit	taxID:110505
A0A2G9A3X2	unreviewed	nitrate reductase (quinone)	taxID:562
A0A2G9WNA3	unreviewed	nitrate reductase (quinone)	taxID:2023338
A0A2H0DFV4	unreviewed	nitrate reductase (quinone)	taxID:1974025
A0A2H0GCC2	unreviewed	nitrate reductase (quinone)	taxID:1974008
A0A2H0H5F5	unreviewed	nitrate reductase (quinone)	taxID:1973925
A0A2H0IXP5	unreviewed	Nitrate reductase subunit alpha	taxID:1973952
A0A2H1HY14	unreviewed	nitrate reductase (quinone)	taxID:1255616
A0A2H1IVH8	unreviewed	nitrate reductase (quinone)	taxID:1255617
A0A2H1JX58	unreviewed	nitrate reductase (quinone)	taxID:1703
A0A2H1KFF4	unreviewed	nitrate reductase (quinone)	taxID:1965356
A0A2H1L1K3	unreviewed	nitrate reductase (quinone)	taxID:1262550
A0A2H2ZA29	unreviewed	nitrate reductase (quinone)	taxID:1844100
A0A2H4U0D0	unreviewed	nitrate reductase (quinone)	taxID:562
A0A2H5DV85	unreviewed	nitrate reductase (quinone)	taxID:2059672
A0A2H5EY91	unreviewed	nitrate reductase (quinone)	taxID:1077935
A0A2H5F5G7	unreviewed	nitrate reductase (quinone)	taxID:1077935
A0A2H5WXR6	unreviewed	nitrate reductase (quinone)	taxID:2035410
A0A2H5Z726	unreviewed	nitrate reductase (quinone)	taxID:2035423
A0A2H6EFL7	unreviewed	nitrate reductase (quinone)	taxID:2005711
A0A2H6G1Q7	unreviewed	nitrate reductase (quinone)	taxID:2005719
A0A2H6H7K9	unreviewed	nitrate reductase (quinone)	taxID:2005724
A0A2H6IVA0	unreviewed	nitrate reductase (quinone)	taxID:2005733
A0A2H9T832	unreviewed	nitrate reductase (quinone)	taxID:1711999
A0A2I0CSH9	unreviewed	nitrate reductase (quinone)	taxID:1905276
A0A2I0EKI1	unreviewed	nitrate reductase (quinone)	taxID:2058324
A0A2I0FEH7	unreviewed	nitrate reductase (quinone)	taxID:2058318
A0A2I0FUB7	unreviewed	nitrate reductase (quinone)	taxID:2025587
A0A2I0SBE7	unreviewed	Nitrate reductase alpha subunit	taxID:2058924
A0A2I0SW14	unreviewed	Nitrate reductase alpha subunit	taxID:2058924
A0A2I1HY59	unreviewed	nitrate reductase (quinone)	taxID:1660
A0A2I1IMU9	unreviewed	nitrate reductase (quinone)	taxID:33007
A0A2I1KU74	unreviewed	nitrate reductase (quinone)	taxID:103621
A0A2I1R252	unreviewed	nitrate reductase (quinone)	taxID:2055
A0A2I5HG58	unreviewed	nitrate reductase (quinone)	taxID:59204
A0A2I5SN43	unreviewed	nitrate reductase (quinone)	taxID:562
A0A2I5TJZ8	unreviewed	nitrate reductase (quinone)	taxID:104623
A0A2I6S6W5	unreviewed	nitrate reductase (quinone)	taxID:2067960
A0A2I7W5P9	unreviewed	Nitrate reductase alpha subunit	taxID:1773
A0A2I8DL95	unreviewed	nitrate reductase (quinone)	taxID:1758194
A0A2J0PJV5	unreviewed	nitrate reductase (quinone)	taxID:208224
A0A2J0PMG9	unreviewed	nitrate reductase (quinone)	taxID:208224
A0A2J0Q3F8	unreviewed	nitrate reductase (quinone)	taxID:158836
A0A2J0Q414	unreviewed	nitrate reductase (quinone)	taxID:158836
A0A2J0UC34	unreviewed	nitrate reductase (quinone)	taxID:40324
A0A2J1D840	unreviewed	nitrate reductase (quinone)	taxID:562
A0A2J4QT24	unreviewed	4Fe-4S Mo/W bis-MGD-type domain-containing protein	taxID:1134687
A0A2J4ZCC2	unreviewed	Nitrate reductase subunit alpha	taxID:1134687
A0A2J5PBU2	unreviewed	4Fe-4S Mo/W bis-MGD-type domain-containing protein	taxID:1134687
A0A2J5PF96	unreviewed	4Fe-4S Mo/W bis-MGD-type domain-containing protein	taxID:1134687
A0A2J6MWV0	unreviewed	nitrate reductase (quinone)	taxID:2066022
A0A2J6P451	unreviewed	nitrate reductase (quinone)	taxID:2029110
A0A2J7VA43	unreviewed	4Fe-4S Mo/W bis-MGD-type domain-containing protein	taxID:2021405
A0A2J8IF73	unreviewed	nitrate reductase (quinone)	taxID:1688693
A0A2J9DX20	unreviewed	nitrate reductase (quinone)	taxID:1975705
A0A2J9ERT3	unreviewed	nitrate reductase (quinone)	taxID:1975707
A0A2K0A5X2	unreviewed	nitrate reductase (quinone)	taxID:1283
A0A2K0JID8	unreviewed	nitrate reductase (quinone)	taxID:1173947
A0A2K0JIY5	unreviewed	nitrate reductase (quinone)	taxID:1173947
A0A2K1EG77	unreviewed	nitrate reductase (quinone)	taxID:357385
A0A2K1Q8G2	unreviewed	nitrate reductase (quinone)	taxID:1458355
A0A2K1QDH0	unreviewed	nitrate reductase (quinone)	taxID:1458355
A0A2K2HDY5	unreviewed	nitrate reductase (quinone)	taxID:1969733
A0A2K2THR9	unreviewed	nitrate reductase (quinone)	taxID:1613
A0A2K2VX67	unreviewed	nitrate reductase (quinone)	taxID:2049433
A0A2K3TM75	unreviewed	nitrate reductase (quinone)	taxID:562
A0A2K3TT73	unreviewed	nitrate reductase (quinone)	taxID:562
A0A2K3YTX8	unreviewed	nitrate reductase (quinone)	taxID:522262
A0A2K4AFP6	unreviewed	nitrate reductase (quinone)	taxID:1654388
A0A2K4FCB9	unreviewed	nitrate reductase (quinone)	taxID:1607738
A0A2K4FIZ8	unreviewed	nitrate reductase (quinone)	taxID:2075549
A0A2K4GDS3	unreviewed	nitrate reductase (quinone)	taxID:2075555
A0A2K4ML23	unreviewed	Nitrate reductase subunit alpha	taxID:2077146
A0A2K8KEA1	unreviewed	nitrate reductase (quinone)	taxID:441209
A0A2K8QMK1	unreviewed	nitrate reductase (quinone)	taxID:1778540
A0A2K9EB15	unreviewed	nitrate reductase (quinone)	taxID:1529068
A0A2K9P8B7	unreviewed	nitrate reductase (quinone)	taxID:2066049
A0A2K9P8W3	unreviewed	nitrate reductase (quinone)	taxID:2066049
A0A2L0IFQ8	unreviewed	nitrate reductase (quinone)	taxID:665914
A0A2L0IIM1	unreviewed	nitrate reductase (quinone)	taxID:665914
A0A2L0PTM9	unreviewed	nitrate reductase (quinone)	taxID:85698
A0A2L0VSQ9	unreviewed	nitrate reductase (quinone)	taxID:1866325
A0A2L1TYG7	unreviewed	nitrate reductase (quinone)	taxID:147375
A0A2L1U6W7	unreviewed	nitrate reductase (quinone)	taxID:147375
A0A2L1UP04	unreviewed	nitrate reductase (quinone)	taxID:1805933
A0A2M7AGQ0	unreviewed	nitrate reductase (quinone)	taxID:1973917
A0A2M7EPX7	unreviewed	nitrate reductase (quinone)	taxID:1974083
A0A2M7FUA1	unreviewed	Nitrate reductase subunit alpha	taxID:1973953
A0A2M7GVJ9	unreviewed	nitrate reductase (quinone)	taxID:1974086
A0A2M7HRW3	unreviewed	nitrate reductase (quinone)	taxID:1975537
A0A2M7I3U9	unreviewed	nitrate reductase (quinone)	taxID:1974046
A0A2M7MVM7	unreviewed	4Fe-4S Mo/W bis-MGD-type domain-containing protein	taxID:1974028
A0A2M7VVU1	unreviewed	nitrate reductase (quinone)	taxID:1973998
A0A2M7ZKA6	unreviewed	nitrate reductase (quinone)	taxID:1974043
A0A2M8A9B1	unreviewed	nitrate reductase (quinone)	taxID:1974004
A0A2M8CGA8	unreviewed	nitrate reductase (quinone)	taxID:1973922
A0A2M8CTB5	unreviewed	nitrate reductase (quinone)	taxID:1973904
A0A2M8D0D8	unreviewed	nitrate reductase (quinone)	taxID:1973899
A0A2M8EEG8	unreviewed	Molybdopterin oxidoreductase domain-containing protein	taxID:1973949
A0A2M8FSM2	unreviewed	nitrate reductase (quinone)	taxID:1974002
A0A2M8LTM2	unreviewed	Nitrate reductase alpha subunit	taxID:2665496
A0A2M8T110	unreviewed	nitrate reductase (quinone)	taxID:2055158
A0A2M8UN77	unreviewed	nitrate reductase (quinone)	taxID:306
A0A2M8URM1	unreviewed	nitrate reductase (quinone)	taxID:306
A0A2M8WRS8	unreviewed	nitrate reductase (quinone)	taxID:620910
A0A2M8X8C4	unreviewed	nitrate reductase (quinone)	taxID:2035202
A0A2M8Y8J8	unreviewed	nitrate reductase (quinone)	taxID:2035207
A0A2M9J8G9	unreviewed	Nitrate reductase alpha subunit	taxID:2020324
A0A2M9MWG7	unreviewed	nitrate reductase (quinone)	taxID:2059268
A0A2M9T4Y5	unreviewed	nitrate reductase (quinone)	taxID:2055939
A0A2M9U653	unreviewed	nitrate reductase (quinone)	taxID:1982755
A0A2N0HMI3	unreviewed	nitrate reductase (quinone)	taxID:2035208
A0A2N0W3L6	unreviewed	nitrate reductase (quinone)	taxID:2057180
A0A2N1AQ35	unreviewed	nitrate reductase (quinone)	taxID:2058321
A0A2N1CWK7	unreviewed	nitrate reductase (quinone)	taxID:2058311
A0A2N1JI50	unreviewed	Nitrate reductase alpha subunit	taxID:2058180
A0A2N1JYB1	unreviewed	nitrate reductase (quinone)	taxID:2056493
A0A2N1VHG7	unreviewed	nitrate reductase (quinone)	taxID:2013810
A0A2N1WJE6	unreviewed	nitrate reductase (quinone)	taxID:2013804
A0A2N1XNA8	unreviewed	nitrate reductase (quinone)	taxID:2013799
A0A2N1ZDT8	unreviewed	nitrate reductase (quinone)	taxID:2013793
A0A2N2AIV3	unreviewed	nitrate reductase (quinone)	taxID:2013791
A0A2N2GUE1	unreviewed	nitrate reductase (quinone)	taxID:2013749
A0A2N2JJG9	unreviewed	nitrate reductase (quinone)	taxID:2013741
A0A2N2K9G1	unreviewed	nitrate reductase (quinone)	taxID:2013742
A0A2N2MAT5	unreviewed	nitrate reductase (quinone)	taxID:2013729
A0A2N2RF53	unreviewed	nitrate reductase (quinone)	taxID:2013715
A0A2N2RUN3	unreviewed	nitrate reductase (quinone)	taxID:2013714
A0A2N2T672	unreviewed	nitrate reductase (quinone)	taxID:2013709
A0A2N2YTE8	unreviewed	nitrate reductase (quinone)	taxID:2013684
A0A2N2ZZ76	unreviewed	nitrate reductase (quinone)	taxID:2013680
A0A2N3B414	unreviewed	nitrate reductase (quinone)	taxID:2013670
A0A2N3BA51	unreviewed	4Fe-4S Mo/W bis-MGD-type domain-containing protein	taxID:2013668
A0A2N3BLD1	unreviewed	nitrate reductase (quinone)	taxID:2013668
A0A2N3BWU5	unreviewed	nitrate reductase (quinone)	taxID:2013669
A0A2N3C5Q8	unreviewed	nitrate reductase (quinone)	taxID:2013666
A0A2N3CFW6	unreviewed	nitrate reductase (quinone)	taxID:2013664
A0A2N3DHW6	unreviewed	nitrate reductase (quinone)	taxID:2013660
A0A2N3F4K3	unreviewed	4Fe-4S Mo/W bis-MGD-type domain-containing protein	taxID:2013653
A0A2N3FNR2	unreviewed	nitrate reductase (quinone)	taxID:2013650
A0A2N3G3P5	unreviewed	Nitrate reductase alpha subunit	taxID:2013649
A0A2N3JTE7	unreviewed	Nitrate reductase alpha subunit	taxID:2056495
A0A2N3VES1	unreviewed	Nitrate reductase alpha subunit	taxID:134984
A0A2N3X1A4	unreviewed	Nitrate reductase alpha subunit	taxID:2576905
A0A2N3XUY1	unreviewed	Nitrate reductase alpha subunit	taxID:60894
A0A2N3Y1Y9	unreviewed	Nitrate reductase alpha subunit	taxID:60894
A0A2N3YHL6	unreviewed	Nitrate reductase alpha subunit	taxID:173053
A0A2N4SYK7	unreviewed	nitrate reductase (quinone)	taxID:446860
A0A2N4U6X8	unreviewed	nitrate reductase (quinone)	taxID:2045210
A0A2N4WR53	unreviewed	nitrate reductase (quinone)	taxID:2067450
A0A2N5C519	unreviewed	nitrate reductase (quinone)	taxID:82633
A0A2N5ECF3	unreviewed	nitrate reductase (quinone)	taxID:2060068
A0A2N5EFI4	unreviewed	nitrate reductase (quinone)	taxID:2060067
A0A2N5ETY5	unreviewed	nitrate reductase (quinone)	taxID:2060066
A0A2N5F4T0	unreviewed	nitrate reductase (quinone)	taxID:2065822
A0A2N5GBE7	unreviewed	nitrate reductase (quinone)	taxID:2053728
A0A2N5X8F0	unreviewed	nitrate reductase (quinone)	taxID:1737061
A0A2N6D1C2	unreviewed	nitrate reductase (quinone)	taxID:191960
A0A2N6INR1	unreviewed	nitrate reductase (quinone)	taxID:2048670
A0A2N6JD07	unreviewed	nitrate reductase (quinone)	taxID:2058884
A0A2N6SX84	unreviewed	nitrate reductase (quinone)	taxID:1725
A0A2N7PXV1	unreviewed	4Fe-4S Mo/W bis-MGD-type domain-containing protein	taxID:1962857
A0A2N7RE18	unreviewed	nitrate reductase (quinone)	taxID:1528773
A0A2N7RZS8	unreviewed	nitrate reductase (quinone)	taxID:256701
A0A2N7TIS6	unreviewed	nitrate reductase (quinone)	taxID:1387883
A0A2N7UAE8	unreviewed	nitrate reductase (quinone)	taxID:2033802
A0A2N7W2K6	unreviewed	nitrate reductase (quinone)	taxID:564714
A0A2N7WEI1	unreviewed	nitrate reductase (quinone)	taxID:380675
A0A2N7X4W3	unreviewed	nitrate reductase (quinone)	taxID:863227
A0A2N7XR62	unreviewed	nitrate reductase (quinone)	taxID:2070561
A0A2N7YGP8	unreviewed	nitrate reductase (quinone)	taxID:2070577
A0A2N7ZBE9	unreviewed	nitrate reductase (quinone)	taxID:2751333
A0A2N8BZC0	unreviewed	nitrate reductase (quinone)	taxID:2070663
A0A2N8KNQ4	unreviewed	nitrate reductase (quinone)	taxID:1389932
A0A2N8MK88	unreviewed	Nitrate reductase alpha subunit	taxID:1911175
A0A2N8RBY1	unreviewed	nitrate reductase (quinone)	taxID:316
A0A2N8S192	unreviewed	nitrate reductase (quinone)	taxID:316
A0A2N8T397	unreviewed	nitrate reductase (quinone)	taxID:316
A0A2N9JJH5	unreviewed	nitrate reductase (quinone)	taxID:75385
A0A2N9WSH1	unreviewed	nitrate reductase (quinone)	taxID:1196083
A0A2N9X5S5	unreviewed	nitrate reductase (quinone)	taxID:1196083
A0A2N9XLZ8	unreviewed	nitrate reductase (quinone)	taxID:1196083
A0A2N9XQY9	unreviewed	nitrate reductase (quinone)	taxID:1196083
A0A2N9XTF5	unreviewed	nitrate reductase (quinone)	taxID:1196083
A0A2N9Y2A6	unreviewed	nitrate reductase (quinone)	taxID:1196083
A0A2P0HDE6	unreviewed	nitrate reductase (quinone)	taxID:1392
A0A2P1NGR6	unreviewed	nitrate reductase (quinone)	taxID:2116657
A0A2P2C4L3	unreviewed	nitrate reductase (quinone)	taxID:256318
A0A2P2CH56	unreviewed	nitrate reductase (quinone)	taxID:256318
A0A2P2GU19	unreviewed	nitrate reductase (quinone)	taxID:68268
A0A2P5GU92	unreviewed	nitrate reductase (quinone)	taxID:2022662
A0A2P7U157	unreviewed	nitrate reductase (quinone)	taxID:90242
A0A2P8CCT7	unreviewed	nitrate reductase (quinone)	taxID:1541063
A0A2P8CUX3	unreviewed	nitrate reductase (quinone)	taxID:645275
A0A2P8I100	unreviewed	Nitrate reductase alpha subunit	taxID:1280637
A0A2P8KQ98	unreviewed	nitrate reductase (quinone)	taxID:1105204
A0A2P8NK65	unreviewed	nitrate reductase (quinone)	taxID:2126741
A0A2P8VL02	unreviewed	nitrate reductase (quinone)	taxID:357233
A0A2P9HCW6	unreviewed	nitrate reductase (quinone)	taxID:2448455
A0A2R3J2J3	unreviewed	nitrate reductase (quinone)	taxID:2994495
A0A2R3QB36	unreviewed	nitrate reductase (quinone)	taxID:2109913
A0A2R4BM08	unreviewed	nitrate reductase (quinone)	taxID:44139
A0A2R4BMR7	unreviewed	nitrate reductase (quinone)	taxID:44139
A0A2R4CC12	unreviewed	nitrate reductase (quinone)	taxID:2072590
A0A2R4D9T6	unreviewed	nitrate reductase (quinone)	taxID:483687
A0A2R4DB65	unreviewed	nitrate reductase (quinone)	taxID:483687
A0A2R4JU47	unreviewed	Nitrate reductase alpha subunit	taxID:2135430
A0A2R4JWF3	unreviewed	Nitrate reductase alpha subunit	taxID:2135430
A0A2R4TDJ7	unreviewed	Nitrate reductase alpha subunit	taxID:1535768
A0A2R4VYA0	unreviewed	4Fe-4S Mo/W bis-MGD-type domain-containing protein	taxID:1794699
A0A2R4XN50	unreviewed	nitrate reductase (quinone)	taxID:2163011
A0A2R5F9P3	unreviewed	Nitrate reductase / nitrite oxidoreductase, alpha subunit	taxID:1825523
A0A2R5HF79	unreviewed	nitrate reductase (quinone)	taxID:2169526
A0A2R7DQE2	unreviewed	nitrate reductase (quinone)	taxID:1598
A0A2R7P6P5	unreviewed	nitrate reductase (quinone)	taxID:2056855
A0A2R7R736	unreviewed	nitrate reductase (quinone)	taxID:2056849
A0A2R7YUG7	unreviewed	Nitrate reductase alpha subunit	taxID:2133958
A0A2R8AMP0	unreviewed	nitrate reductase (quinone)	taxID:1639690
A0A2R8AZF7	unreviewed	nitrate reductase (quinone)	taxID:1695997
A0A2R8CHL4	unreviewed	nitrate reductase (quinone)	taxID:2100822
A0A2S0I8M4	unreviewed	nitrate reductase (quinone)	taxID:217203
A0A2S0KIH9	unreviewed	nitrate reductase (quinone)	taxID:1004901
A0A2S0MAR6	unreviewed	nitrate reductase (quinone)	taxID:2109914
A0A2S0N001	unreviewed	nitrate reductase (quinone)	taxID:2109915
A0A2S0NER2	unreviewed	nitrate reductase (quinone)	taxID:1868589
A0A2S0P7H4	unreviewed	nitrate reductase (quinone)	taxID:57480
A0A2S0U9W5	unreviewed	nitrate reductase (quinone)	taxID:1532905
A0A2S0WSA7	unreviewed	nitrate reductase (quinone)	taxID:2079793
A0A2S1JM40	unreviewed	nitrate reductase (quinone)	taxID:359370
A0A2S3R355	unreviewed	nitrate reductase (quinone)	taxID:672
A0A2S3UJB4	unreviewed	nitrate reductase (quinone)	taxID:281252
A0A2S4A1W5	unreviewed	nitrate reductase (quinone)	taxID:1664
A0A2S4AQN6	unreviewed	nitrate reductase (quinone)	taxID:316
A0A2S4KEL8	unreviewed	nitrate reductase (quinone)	taxID:1933219
A0A2S4LSK6	unreviewed	nitrate reductase (quinone)	taxID:1871628
A0A2S4S1P2	unreviewed	nitrate reductase (quinone)	taxID:35703
A0A2S4Y668	unreviewed	Nitrate reductase alpha subunit	taxID:2080746
A0A2S5CER1	unreviewed	nitrate reductase (quinone)	taxID:2080842
A0A2S5CF69	unreviewed	nitrate reductase (quinone)	taxID:2080842
A0A2S5DBW4	unreviewed	nitrate reductase (quinone)	taxID:2073169
A0A2S5GKJ1	unreviewed	nitrate reductase (quinone)	taxID:217203
A0A2S5JEL8	unreviewed	nitrate reductase (quinone)	taxID:196587
A0A2S5LUK5	unreviewed	nitrate reductase (quinone)	taxID:2051956
A0A2S5P4B8	unreviewed	nitrate reductase (quinone)	taxID:82
A0A2S5SRH7	unreviewed	nitrate reductase (quinone)	taxID:1452508
A0A2S5UEZ0	unreviewed	nitrate reductase (quinone)	taxID:562
A0A2S5ZAW7	unreviewed	nitrate reductase (quinone)	taxID:2055143
A0A2S6A3E5	unreviewed	Nitrate reductase alpha subunit	taxID:37330
A0A2S6AE72	unreviewed	Nitrate reductase alpha subunit	taxID:37330
A0A2S6AJ48	unreviewed	Nitrate reductase alpha subunit	taxID:37330
A0A2S6DTK4	unreviewed	nitrate reductase (quinone)	taxID:1280
A0A2S6G5S3	unreviewed	nitrate reductase (quinone)	taxID:930118
A0A2S6GN90	unreviewed	4Fe-4S Mo/W bis-MGD-type domain-containing protein	taxID:155976
A0A2S6H0V9	unreviewed	nitrate reductase (quinone)	taxID:155976
A0A2S6H4U6	unreviewed	nitrate reductase (quinone)	taxID:173365
A0A2S6HE50	unreviewed	nitrate reductase (quinone)	taxID:173365
A0A2S6KAX8	unreviewed	nitrate reductase (quinone)	taxID:72407
A0A2S6X5B8	unreviewed	Nitrate reductase alpha subunit	taxID:1940758
A0A2S6X861	unreviewed	nitrate reductase (quinone)	taxID:1940758
A0A2S7GHV1	unreviewed	nitrate reductase (quinone)	taxID:562
A0A2S7J0B2	unreviewed	nitrate reductase (quinone)	taxID:335286
A0A2S7JJA9	unreviewed	nitrate reductase (quinone)	taxID:2094193
A0A2S7KBA3	unreviewed	nitrate reductase (quinone)	taxID:2058213
A0A2S7YPQ4	unreviewed	nitrate reductase (quinone)	taxID:2027459
A0A2S7Z521	unreviewed	nitrate reductase (quinone)	taxID:2027456
A0A2S7ZC21	unreviewed	nitrate reductase (quinone)	taxID:1911680
A0A2S7ZCI1	unreviewed	nitrate reductase (quinone)	taxID:1298594
A0A2S7ZR92	unreviewed	nitrate reductase (quinone)	taxID:1110546
A0A2S8CJY4	unreviewed	nitrate reductase (quinone)	taxID:2099401
A0A2S8D532	unreviewed	nitrate reductase (quinone)	taxID:622
A0A2S8DLL6	unreviewed	nitrate reductase (quinone)	taxID:621
A0A2S8ET78	unreviewed	nitrate reductase (quinone)	taxID:2086263
A0A2S8H2R8	unreviewed	nitrate reductase (quinone)	taxID:104087
A0A2S8IG81	unreviewed	nitrate reductase (quinone)	taxID:292
A0A2S8JMA5	unreviewed	nitrate reductase (quinone)	taxID:562
A0A2S8S5D9	unreviewed	nitrate reductase (quinone)	taxID:404881
A0A2S8UIS0	unreviewed	nitrate reductase (quinone)	taxID:1848605
A0A2S8VD81	unreviewed	nitrate reductase (quinone)	taxID:1827284
A0A2S8VXQ5	unreviewed	nitrate reductase (quinone)	taxID:1827288
A0A2S8WVL3	unreviewed	nitrate reductase (quinone)	taxID:1848601
A0A2S8X562	unreviewed	nitrate reductase (quinone)	taxID:1848709
A0A2S8XXP3	unreviewed	nitrate reductase (quinone)	taxID:1848717
A0A2S9BLG5	unreviewed	nitrate reductase (quinone)	taxID:1827294
A0A2S9HWX7	unreviewed	nitrate reductase (quinone)	taxID:1827287
A0A2S9I922	unreviewed	nitrate reductase (quinone)	taxID:1465635
A0A2S9IMW1	unreviewed	nitrate reductase (quinone)	taxID:2670329
A0A2S9K168	unreviewed	nitrate reductase (quinone)	taxID:263067
A0A2S9KBI0	unreviewed	nitrate reductase (quinone)	taxID:86180
A0A2S9MSG5	unreviewed	nitrate reductase (quinone)	taxID:87883
A0A2S9V5E8	unreviewed	nitrate reductase (quinone)	taxID:2079529
A0A2T0MQP5	unreviewed	Nitrate reductase alpha subunit	taxID:1291556
A0A2T0N159	unreviewed	nitrate reductase (quinone)	taxID:1291556
A0A2T0SFF4	unreviewed	Nitrate reductase alpha subunit	taxID:439699
A0A2T0V7X5	unreviewed	nitrate reductase (quinone)	taxID:1176243
A0A2T0VR86	unreviewed	nitrate reductase (quinone)	taxID:229007
A0A2T0WAN5	unreviewed	nitrate reductase (quinone)	taxID:1652492
A0A2T1A2A4	unreviewed	Nitrate reductase alpha subunit	taxID:1629062
A0A2T1HWC8	unreviewed	nitrate reductase (quinone)	taxID:2109933
A0A2T1KAH6	unreviewed	nitrate reductase (quinone)	taxID:2109942
A0A2T1KE58	unreviewed	nitrate reductase (quinone)	taxID:1323740
A0A2T2WD23	unreviewed	nitrate reductase (quinone)	taxID:53633
A0A2T2XYY7	unreviewed	nitrate reductase (quinone)	taxID:2774054
A0A2T2Y2J7	unreviewed	nitrate reductase (quinone)	taxID:2774054
A0A2T2Z0Z0	unreviewed	Nitrate reductase alpha subunit	taxID:37330
A0A2T2ZB16	unreviewed	Nitrate reductase alpha subunit	taxID:37330
A0A2T2ZBE3	unreviewed	Nitrate reductase alpha subunit	taxID:2135448
A0A2T2ZH49	unreviewed	Nitrate reductase alpha subunit	taxID:2135448
A0A2T3CPV9	unreviewed	nitrate reductase (quinone)	taxID:2109731
A0A2T3T3B2	unreviewed	nitrate reductase (quinone)	taxID:562
A0A2T3XQY4	unreviewed	nitrate reductase (quinone)	taxID:863227
A0A2T4DF90	unreviewed	nitrate reductase (quinone)	taxID:2137198
A0A2T4J764	unreviewed	Nitrate reductase subunit alpha	taxID:1185920
A0A2T4KJJ5	unreviewed	nitrate reductase (quinone)	taxID:586733
A0A2T4L3G0	unreviewed	nitrate reductase (quinone)	taxID:586733
A0A2T4LSG1	unreviewed	nitrate reductase (quinone)	taxID:29382
A0A2T4PTS9	unreviewed	nitrate reductase (quinone)	taxID:71237
A0A2T4Q3F5	unreviewed	nitrate reductase (quinone)	taxID:1292
A0A2T4R796	unreviewed	nitrate reductase (quinone)	taxID:1284
A0A2T4SB39	unreviewed	nitrate reductase (quinone)	taxID:214473
A0A2T4T126	unreviewed	nitrate reductase (quinone)	taxID:1293
A0A2T4Y3D8	unreviewed	nitrate reductase (quinone)	taxID:550
A0A2T4YJ34	unreviewed	nitrate reductase (quinone)	taxID:2135642
A0A2T5BP09	unreviewed	nitrate reductase (quinone)	taxID:365340
A0A2T5G6I1	unreviewed	nitrate reductase (quinone)	taxID:1484
A0A2T5H6I8	unreviewed	nitrate reductase (quinone)	taxID:1651082
A0A2T5NHC2	unreviewed	nitrate reductase (quinone)	taxID:2161826
A0A2T5P9L9	unreviewed	nitrate reductase (quinone)	taxID:2161748
A0A2T5Q2B0	unreviewed	nitrate reductase (quinone)	taxID:1598
A0A2T5VGE5	unreviewed	nitrate reductase (quinone)	taxID:665038
A0A2T6CFD9	unreviewed	nitrate reductase (quinone)	taxID:83219
A0A2T6JIK7	unreviewed	nitrate reductase (quinone)	taxID:2135638
A0A2T7ATP1	unreviewed	nitrate reductase (quinone)	taxID:413501
A0A2T7B537	unreviewed	nitrate reductase (quinone)	taxID:413502
A0A2T7HFH1	unreviewed	nitrate reductase (quinone)	taxID:2171494
A0A2T8MIN3	unreviewed	nitrate reductase (quinone)	taxID:58712
A0A2T8MJ72	unreviewed	nitrate reductase (quinone)	taxID:58712
A0A2T8R3J5	unreviewed	nitrate reductase (quinone)	taxID:353569
A0A2T8R9E4	unreviewed	nitrate reductase (quinone)	taxID:353569
A0A2T8T7P4	unreviewed	nitrate reductase (quinone)	taxID:28901
A0A2T8T8B0	unreviewed	nitrate reductase (quinone)	taxID:28901
A0A2T8X5J4	unreviewed	nitrate reductase (quinone)	taxID:913070
A0A2T8X8G8	unreviewed	nitrate reductase (quinone)	taxID:913070
A0A2T9IAM2	unreviewed	nitrate reductase (quinone)	taxID:58095
A0A2T9IB34	unreviewed	nitrate reductase (quinone)	taxID:58095
A0A2T9QF18	unreviewed	nitrate reductase (quinone)	taxID:340188
A0A2T9UL59	unreviewed	nitrate reductase (quinone)	taxID:2041079
A0A2U0SXW1	unreviewed	nitrate reductase (quinone)	taxID:2135631
A0A2U1AGC9	unreviewed	nitrate reductase (quinone)	taxID:321895
A0A2U1C883	unreviewed	nitrate reductase (quinone)	taxID:2135643
A0A2U1DVD8	unreviewed	nitrate reductase (quinone)	taxID:2135634
A0A2U1F893	unreviewed	Nitrate reductase alpha subunit	taxID:663609
A0A2U1V4G8	unreviewed	nitrate reductase (quinone)	taxID:568898
A0A2U2ADW5	unreviewed	nitrate reductase (quinone)	taxID:472582
A0A2U2HEA8	unreviewed	nitrate reductase (quinone)	taxID:1524097
A0A2U2J068	unreviewed	nitrate reductase (quinone)	taxID:2068657
A0A2U2MWU1	unreviewed	nitrate reductase (quinone)	taxID:2182432
A0A2U2ZPT8	unreviewed	Nitrate reductase alpha subunit	taxID:2200760
A0A2U2ZQ24	unreviewed	Nitrate reductase alpha subunit	taxID:2200760
A0A2U3A0D2	unreviewed	Nitrate reductase alpha subunit	taxID:2200760
A0A2U3F0H0	unreviewed	nitrate reductase (quinone)	taxID:2183878
A0A2U3NI39	unreviewed	Nitrate reductase alpha subunit	taxID:1841859
A0A2U3NVG0	unreviewed	Nitrate reductase alpha subunit	taxID:1841860
A0A2U8FYN6	unreviewed	nitrate reductase (quinone)	taxID:1296669
A0A2U9PW06	unreviewed	Nitrate reductase alpha subunit	taxID:1214915
A0A2U9SHH4	unreviewed	nitrate reductase (quinone)	taxID:682998
A0A2U9T186	unreviewed	nitrate reductase (quinone)	taxID:2217913
A0A2V0MXX5	unreviewed	Nitrate reductase alpha subunit	taxID:2049453
A0A2V0N2H8	unreviewed	Nitrate reductase alpha subunit	taxID:2049453
A0A2V1KB32	unreviewed	nitrate reductase (quinone)	taxID:2175228
A0A2V1NYM4	unreviewed	Nitrate reductase alpha subunit	taxID:1424099
A0A2V2A5R8	unreviewed	nitrate reductase (quinone)	taxID:498
A0A2V2AC66	unreviewed	nitrate reductase (quinone)	taxID:2135588
A0A2V2BNZ8	unreviewed	nitrate reductase (quinone)	taxID:574096
A0A2V2IUP7	unreviewed	nitrate reductase (quinone)	taxID:562
A0A2V2SS40	unreviewed	nitrate reductase (quinone)	taxID:2202894
A0A2V2T2D9	unreviewed	nitrate reductase (quinone)	taxID:2202894
A0A2V3DWB4	unreviewed	nitrate reductase (quinone)	taxID:291045
A0A2V3KY06	unreviewed	nitrate reductase (quinone)	taxID:244366
A0A2V3VUM8	unreviewed	nitrate reductase (quinone)	taxID:1494959
A0A2V3ZQG5	unreviewed	nitrate reductase (quinone)	taxID:1928331
A0A2V4AHI9	unreviewed	Nitrate reductase alpha subunit	taxID:588067
A0A2V5LRR5	unreviewed	nitrate reductase (quinone)	taxID:670078
A0A2W0CDA5	unreviewed	nitrate reductase (quinone)	taxID:59845
A0A2W0FXJ3	unreviewed	nitrate reductase (quinone)	taxID:2027919
A0A2W0G0T4	unreviewed	nitrate reductase (quinone)	taxID:2027919
A0A2W2AVW9	unreviewed	nitrate reductase (quinone)	taxID:2670374
A0A2W2EJ68	unreviewed	nitrate reductase (quinone)	taxID:2070368
A0A2W2HMZ1	unreviewed	nitrate reductase (quinone)	taxID:2666298
A0A2W2KS44	unreviewed	Nitrate reductase alpha subunit	taxID:1735453
A0A2W4R042	unreviewed	nitrate reductase (quinone)	taxID:2202197
A0A2W4SZ35	unreviewed	nitrate reductase (quinone)	taxID:1909294
A0A2W5DAI6	unreviewed	nitrate reductase (quinone)	taxID:76731
A0A2W6D6J4	unreviewed	Nitrate reductase alpha subunit	taxID:2201155
A0A2W6E545	unreviewed	4Fe-4S Mo/W bis-MGD-type domain-containing protein	taxID:2201155
A0A2W6PBE9	unreviewed	nitrate reductase (quinone)	taxID:562
A0A2W7DXW8	unreviewed	nitrate reductase (quinone)	taxID:28901
A0A2W7IHW6	unreviewed	Nitrate reductase alpha subunit	taxID:990373
A0A2W7J610	unreviewed	nitrate reductase (quinone)	taxID:1261629
A0A2W7M8B2	unreviewed	nitrate reductase (quinone)	taxID:2183930
A0A2W7PCE4	unreviewed	nitrate reductase (quinone)	taxID:942866
A0A2W7QA52	unreviewed	nitrate reductase (quinone)	taxID:121821
A0A2X0IIV9	unreviewed	Nitrate reductase alpha subunit	taxID:2219663
A0A2X0UKY9	unreviewed	nitrate reductase (quinone)	taxID:1660
A0A2X1KUU2	unreviewed	nitrate reductase (quinone)	taxID:562
A0A2X1L8Q3	unreviewed	nitrate reductase (quinone)	taxID:562
A0A2X1MER8	unreviewed	nitrate reductase (quinone)	taxID:562
A0A2X1N755	unreviewed	Respiratory nitrate reductase 1 subunit alpha	taxID:562
A0A2X1NC77	unreviewed	4Fe-4S Mo/W bis-MGD-type domain-containing protein	taxID:562
A0A2X2C0T4	unreviewed	Respiratory nitrate reductase 1 alpha chain	taxID:584
A0A2X2CXK2	unreviewed	nitrate reductase (quinone)	taxID:47886
A0A2X2IIW7	unreviewed	nitrate reductase (quinone)	taxID:622
A0A2X2WVI5	unreviewed	Respiratory nitrate reductase 2 subunit alpha	taxID:545
A0A2X2YWD6	unreviewed	nitrate reductase (quinone)	taxID:2051
A0A2X3C5H7	unreviewed	Respiratory nitrate reductase subunit alpha	taxID:573
A0A2X3CV76	unreviewed	4Fe-4S Mo/W bis-MGD-type domain-containing protein	taxID:573
A0A2X3DHQ8	unreviewed	nitrate reductase (quinone)	taxID:573
A0A2X3HMF9	unreviewed	nitrate reductase (quinone)	taxID:1671902
A0A2X3J9D9	unreviewed	nitrate reductase (quinone)	taxID:158822
A0A2X3JFD6	unreviewed	4Fe-4S Mo/W bis-MGD-type domain-containing protein	taxID:562
A0A2X3JX35	unreviewed	Respiratory nitrate reductase 2 alpha chain	taxID:562
A0A2X4U4L1	unreviewed	Nitrate reductase alpha subunit	taxID:38310
A0A2X4VAA1	unreviewed	nitrate reductase (quinone)	taxID:82996
A0A2X5NH32	unreviewed	nitrate reductase (quinone)	taxID:82987
A0A2Y8JK74	unreviewed	nitrate reductase (quinone)	taxID:562
A0A2Y9A433	unreviewed	nitrate reductase (quinone)	taxID:860221
A0A2Y9AX29	unreviewed	nitrate reductase (quinone)	taxID:475081
A0A2Y9C143	unreviewed	nitrate reductase (quinone)	taxID:672460
A0A2Z2J0B7	unreviewed	nitrate reductase (quinone)	taxID:43770
A0A2Z2NQT6	unreviewed	nitrate reductase (quinone)	taxID:1192854
A0A2Z3I8H3	unreviewed	nitrate reductase (quinone)	taxID:2070539
A0A2Z3J2X9	unreviewed	nitrate reductase (quinone)	taxID:2183911
A0A2Z3J5H7	unreviewed	nitrate reductase (quinone)	taxID:2183911
A0A2Z3ND76	unreviewed	nitrate reductase (quinone)	taxID:33941
A0A2Z3X6R0	unreviewed	nitrate reductase (quinone)	taxID:1703250
A0A2Z3X796	unreviewed	nitrate reductase (quinone)	taxID:1703250
A0A2Z4V045	unreviewed	Nitrate reductase alpha subunit	taxID:2099583
A0A2Z4Z8B5	unreviewed	nitrate reductase (quinone)	taxID:86265
A0A2Z5NA90	unreviewed	nitrate reductase (quinone)	taxID:60550
A0A2Z5R339	unreviewed	nitrate reductase (quinone)	taxID:172042
A0A315B251	unreviewed	nitrate reductase (quinone)	taxID:1835769
A0A315EK76	unreviewed	nitrate reductase (quinone)	taxID:1100718
A0A315EQZ7	unreviewed	nitrate reductase (quinone)	taxID:323423
A0A315G6K0	unreviewed	nitrate reductase (quinone)	taxID:59201
A0A315GX97	unreviewed	nitrate reductase (quinone)	taxID:440524
A0A315GZS4	unreviewed	nitrate reductase (quinone)	taxID:440524
A0A315TYM1	unreviewed	nitrate reductase (quinone)	taxID:2703675
A0A316C3F7	unreviewed	nitrate reductase (quinone)	taxID:93369
A0A316EBC2	unreviewed	Nitrate reductase alpha subunit	taxID:512350
A0A316FH37	unreviewed	nitrate reductase (quinone)	taxID:512350
A0A316P2A5	unreviewed	nitrate reductase (quinone)	taxID:2052159
A0A316TM08	unreviewed	nitrate reductase (quinone)	taxID:2201891
A0A317F9S0	unreviewed	nitrate reductase (quinone)	taxID:2184016
A0A317GHT0	unreviewed	nitrate reductase (quinone)	taxID:1598
A0A317JVP5	unreviewed	Nitrate reductase alpha subunit	taxID:1450148
A0A317KME3	unreviewed	Nitrate reductase alpha subunit	taxID:1420897
A0A317KTX4	unreviewed	nitrate reductase (quinone)	taxID:178340
A0A317L384	unreviewed	nitrate reductase (quinone)	taxID:178340
A0A317M441	unreviewed	nitrate reductase (quinone)	taxID:1938893
A0A317MU43	unreviewed	nitrate reductase (quinone)	taxID:886464
A0A317NV11	unreviewed	Nitrate reductase alpha subunit	taxID:236511
A0A317Q817	unreviewed	nitrate reductase (quinone)	taxID:451513
A0A317RAM9	unreviewed	nitrate reductase (quinone)	taxID:1165852
A0A317YND2	unreviewed	nitrate reductase (quinone)	taxID:283734
A0A317YZB9	unreviewed	nitrate reductase (quinone)	taxID:283734
A0A318FCI1	unreviewed	nitrate reductase (quinone)	taxID:571
A0A318FNM3	unreviewed	nitrate reductase (quinone)	taxID:571
A0A318IP68	unreviewed	nitrate reductase (quinone)	taxID:401470
A0A318JJG3	unreviewed	nitrate reductase (quinone)	taxID:332411
A0A318KHK6	unreviewed	nitrate reductase (quinone)	taxID:1054498
A0A318KP09	unreviewed	Nitrate reductase alpha subunit	taxID:228006
A0A318MW16	unreviewed	nitrate reductase (quinone)	taxID:2070537
A0A318P367	unreviewed	nitrate reductase (quinone)	taxID:82996
A0A318RTU9	unreviewed	nitrate reductase (quinone)	taxID:882452
A0A327WKQ8	unreviewed	Nitrate reductase alpha subunit	taxID:1305830
A0A327Y5F5	unreviewed	nitrate reductase (quinone)	taxID:568098
A0A327ZR71	unreviewed	nitrate reductase (quinone)	taxID:1902580
A0A328A622	unreviewed	nitrate reductase (quinone)	taxID:1903056
A0A328AJM8	unreviewed	nitrate reductase (quinone)	taxID:2170551
A0A328BI37	unreviewed	nitrate reductase (quinone)	taxID:1445034
A0A328KWX4	unreviewed	nitrate reductase (quinone)	taxID:1969377
A0A328M0N6	unreviewed	nitrate reductase (quinone)	taxID:1969379
A0A328WGL4	unreviewed	nitrate reductase (quinone)	taxID:1401
A0A328XVP3	unreviewed	nitrate reductase (quinone)	taxID:284577
A0A329BDG8	unreviewed	nitrate reductase (quinone)	taxID:2183901
A0A329ECZ2	unreviewed	nitrate reductase (quinone)	taxID:685
A0A329HG49	unreviewed	nitrate reductase (quinone)	taxID:2202164
A0A329HPN9	unreviewed	nitrate reductase (quinone)	taxID:2202164
A0A329KGP8	unreviewed	Nitrate reductase alpha subunit	taxID:339268
A0A329LB43	unreviewed	nitrate reductase (quinone)	taxID:1742774
A0A329LWG2	unreviewed	Nitrate reductase alpha subunit	taxID:339268
A0A329M1Q7	unreviewed	Nitrate reductase alpha subunit	taxID:2267251
A0A330GDL1	unreviewed	nitrate reductase (quinone)	taxID:550
A0A330I607	unreviewed	nitrate reductase (quinone)	taxID:1209954
A0A330QUS5	unreviewed	nitrate reductase (quinone)	taxID:573
A0A330QWH0	unreviewed	nitrate reductase (quinone)	taxID:573
A0A332W2W2	unreviewed	nitrate reductase (quinone)	taxID:573
A0A344UDJ4	unreviewed	nitrate reductase (quinone)	taxID:2202141
A0A344UY20	unreviewed	nitrate reductase (quinone)	taxID:2057246
A0A345EVH3	unreviewed	nitrate reductase (quinone)	taxID:562
A0A345NNB9	unreviewed	nitrate reductase (quinone)	taxID:2283195
A0A345P137	unreviewed	nitrate reductase (quinone)	taxID:2283194
A0A345YEF3	unreviewed	nitrate reductase (quinone)	taxID:2182384
A0A345YN51	unreviewed	nitrate reductase (quinone)	taxID:556288
A0A346A0G4	unreviewed	nitrate reductase (quinone)	taxID:331696
A0A346CDK3	unreviewed	nitrate reductase (quinone)	taxID:2083284
A0A346CDY8	unreviewed	Nitrate reductase alpha subunit	taxID:2083284
A0A346S081	unreviewed	nitrate reductase (quinone)	taxID:2304594
A0A347T631	unreviewed	nitrate reductase (quinone)	taxID:1598
A0A347UDN3	unreviewed	nitrate reductase (quinone)	taxID:2171755
A0A348DEX6	unreviewed	nitrate reductase (quinone)	taxID:2487150
A0A349K8I8	unreviewed	nitrate reductase (quinone)	taxID:2026734
A0A349KHS6	unreviewed	nitrate reductase (quinone)	taxID:1913989
A0A349L2Q8	unreviewed	4Fe-4S Mo/W bis-MGD-type domain-containing protein	taxID:1871054
A0A349LXQ6	unreviewed	nitrate reductase (quinone)	taxID:1869214
A0A350J264	unreviewed	Nitrate reductase subunit alpha	taxID:2026722
A0A350QEE7	unreviewed	nitrate reductase (quinone)	taxID:2053511
A0A350WX19	unreviewed	nitrate reductase (quinone)	taxID:2052143
A0A351CKT3	unreviewed	Molybdopterin oxidoreductase domain-containing protein	taxID:1913989
A0A351I3V8	unreviewed	nitrate reductase (quinone)	taxID:2030800
A0A351L2Q5	unreviewed	nitrate reductase (quinone)	taxID:2055770
A0A351Q3N5	unreviewed	nitrate reductase (quinone)	taxID:2026782
A0A351X000	unreviewed	nitrate reductase (quinone)	taxID:46610
A0A352CBS3	unreviewed	Nitrate reductase subunit alpha	taxID:2026748
A0A352KJC4	unreviewed	4Fe-4S Mo/W bis-MGD-type domain-containing protein	taxID:1913989
A0A352KMN4	unreviewed	nitrate reductase (quinone)	taxID:1913989
A0A353R0T3	unreviewed	Nitrate reductase subunit alpha	taxID:1913989
A0A356D3D0	unreviewed	nitrate reductase (quinone)	taxID:589
A0A356J120	unreviewed	nitrate reductase (quinone)	taxID:2035772
A0A356LMH7	unreviewed	nitrate reductase (quinone)	taxID:310575
A0A356V794	unreviewed	nitrate reductase (quinone)	taxID:1904441
A0A357HF74	unreviewed	nitrate reductase (quinone)	taxID:2026760
A0A357IE00	unreviewed	Nitrate reductase subunit alpha	taxID:1913989
A0A357MP15	unreviewed	4Fe-4S Mo/W bis-MGD-type domain-containing protein	taxID:1904441
A0A357N0G4	unreviewed	4Fe-4S Mo/W bis-MGD-type domain-containing protein	taxID:69392
A0A358B942	unreviewed	nitrate reductase (quinone)	taxID:1904254
A0A363REF0	unreviewed	nitrate reductase (quinone)	taxID:2170731
A0A363T5R7	unreviewed	nitrate reductase (quinone)	taxID:2073117
A0A363TYJ9	unreviewed	nitrate reductase (quinone)	taxID:2026735
A0A365K823	unreviewed	nitrate reductase (quinone)	taxID:221799
A0A365P854	unreviewed	nitrate reductase (quinone)	taxID:37915
A0A365U543	unreviewed	nitrate reductase (quinone)	taxID:2249812
A0A365YCB0	unreviewed	nitrate reductase (quinone)	taxID:453836
A0A366DQR8	unreviewed	Nitrate reductase alpha subunit	taxID:208602
A0A366FS45	unreviewed	nitrate reductase (quinone)	taxID:1030092
A0A366GKI1	unreviewed	nitrate reductase (quinone)	taxID:379482
A0A366LMX3	unreviewed	nitrate reductase (quinone)	taxID:2248750
A0A366LZ66	unreviewed	nitrate reductase (quinone)	taxID:2248750
A0A366WHB1	unreviewed	nitrate reductase (quinone)	taxID:2267231
A0A366XCA5	unreviewed	nitrate reductase (quinone)	taxID:60890
A0A366YI25	unreviewed	nitrate reductase (quinone)	taxID:562
A0A366ZEV2	unreviewed	Nitrate reductase alpha subunit	taxID:2250575
A0A366ZMR8	unreviewed	Nitrate reductase alpha subunit	taxID:2250576
A0A366ZSQ0	unreviewed	Nitrate reductase alpha subunit	taxID:2250577
A0A367ABS9	unreviewed	Nitrate reductase alpha subunit	taxID:2250580
A0A367F5R8	unreviewed	Nitrate reductase alpha subunit	taxID:2250578
A0A367HKT1	unreviewed	Nitrate reductase alpha subunit	taxID:2267702
A0A367PC37	unreviewed	nitrate reductase (quinone)	taxID:106590
A0A367VK65	unreviewed	nitrate reductase (quinone)	taxID:502049
A0A367X1C9	unreviewed	nitrate reductase (quinone)	taxID:502049
A0A367X8L9	unreviewed	nitrate reductase (quinone)	taxID:220697
A0A368AUA5	unreviewed	nitrate reductase (quinone)	taxID:2259497
A0A368L6Y8	unreviewed	nitrate reductase (quinone)	taxID:1888893
A0A368LH45	unreviewed	nitrate reductase (quinone)	taxID:673372
A0A368TM77	unreviewed	4Fe-4S Mo/W bis-MGD-type domain-containing protein	taxID:2282306
A0A368TUZ4	unreviewed	nitrate reductase (quinone)	taxID:2282305
A0A368UU27	unreviewed	nitrate reductase (quinone)	taxID:2743
A0A368XGD2	unreviewed	nitrate reductase (quinone)	taxID:930114
A0A368XKD5	unreviewed	nitrate reductase (quinone)	taxID:2743
A0A368XVI0	unreviewed	nitrate reductase (quinone)	taxID:930114
A0A369ALB1	unreviewed	nitrate reductase (quinone)	taxID:1031594
A0A369B7T6	unreviewed	nitrate reductase (quinone)	taxID:1416533
A0A369BQF8	unreviewed	nitrate reductase (quinone)	taxID:1416533
A0A369CA67	unreviewed	nitrate reductase (quinone)	taxID:547122
A0A369KZB1	unreviewed	nitrate reductase (quinone)	taxID:2282311
A0A369TCM8	unreviewed	nitrate reductase (quinone)	taxID:2661937
A0A369U190	unreviewed	nitrate reductase (quinone)	taxID:34007
A0A369V7R2	unreviewed	Nitrate reductase alpha subunit	taxID:146923
A0A369VPB9	unreviewed	nitrate reductase (quinone)	taxID:1231053
A0A369XM97	unreviewed	nitrate reductase (quinone)	taxID:2211374
A0A370DRV4	unreviewed	nitrate reductase (quinone)	taxID:2200907
A0A370H9D2	unreviewed	Nitrate reductase alpha subunit	taxID:279262
A0A370HD80	unreviewed	Nitrate reductase alpha subunit	taxID:279262
A0A370HDY6	unreviewed	Nitrate reductase alpha subunit	taxID:279262
A0A370K659	unreviewed	nitrate reductase (quinone)	taxID:1920168
A0A370MXZ9	unreviewed	nitrate reductase (quinone)	taxID:2211104
A0A370N2J3	unreviewed	nitrate reductase (quinone)	taxID:2211104
A0A370NP79	unreviewed	nitrate reductase (quinone)	taxID:2666307
A0A370QP72	unreviewed	nitrate reductase (quinone)	taxID:1487935
A0A370V5K8	unreviewed	nitrate reductase (quinone)	taxID:1499973
A0A370V810	unreviewed	nitrate reductase (quinone)	taxID:1499973
A0A371BCQ4	unreviewed	nitrate reductase (quinone)	taxID:2292256
A0A371BIU5	unreviewed	nitrate reductase (quinone)	taxID:2292257
A0A371NYD8	unreviewed	Nitrate reductase alpha subunit	taxID:2293570
A0A371R2W9	unreviewed	nitrate reductase (quinone)	taxID:13773
A0A371S6R2	unreviewed	nitrate reductase (quinone)	taxID:2293325
A0A371WSG3	unreviewed	nitrate reductase (quinone)	taxID:2293567
A0A371XED1	unreviewed	nitrate reductase (quinone)	taxID:2294114
A0A372DMQ0	unreviewed	nitrate reductase (quinone)	taxID:2303539
A0A372EL26	unreviewed	nitrate reductase (quinone)	taxID:2294117
A0A372IE19	unreviewed	nitrate reductase (quinone)	taxID:2303578
A0A372JCU0	unreviewed	Nitrate reductase alpha subunit	taxID:2293572
A0A372JWF0	unreviewed	nitrate reductase (quinone)	taxID:2303330
A0A372M679	unreviewed	Nitrate reductase alpha subunit	taxID:2293568
A0A372N574	unreviewed	nitrate reductase (quinone)	taxID:149539
A0A372N5T4	unreviewed	nitrate reductase (quinone)	taxID:149539
A0A375ABF5	unreviewed	nitrate reductase (quinone)	taxID:1401087
A0A375CDN6	unreviewed	nitrate reductase (quinone)	taxID:164546
A0A375CFU6	unreviewed	nitrate reductase (quinone)	taxID:164546
A0A375E4T9	unreviewed	nitrate reductase (quinone)	taxID:164546
A0A375GIZ6	unreviewed	nitrate reductase (quinone)	taxID:96344
A0A375HKU3	unreviewed	nitrate reductase (quinone)	taxID:1040979
A0A375I3I7	unreviewed	nitrate reductase (quinone)	taxID:1962131
A0A375ITD5	unreviewed	nitrate reductase (quinone)	taxID:164546
A0A375J723	unreviewed	nitrate reductase (quinone)	taxID:164546
A0A375YQY5	unreviewed	Nitrate reductase alpha subunit	taxID:39692
A0A375YYR6	unreviewed	Nitrate reductase alpha subunit	taxID:29313
A0A376ALF3	unreviewed	nitrate reductase (quinone)	taxID:1336235
A0A376BVG7	unreviewed	nitrate reductase (quinone)	taxID:153491
A0A376CPG7	unreviewed	nitrate reductase (quinone)	taxID:35756
A0A376D7K4	unreviewed	nitrate reductase (quinone)	taxID:562
A0A376DI86	unreviewed	nitrate reductase (quinone)	taxID:562
A0A376DMC9	unreviewed	4Fe-4S Mo/W bis-MGD-type domain-containing protein	taxID:93378
A0A376H915	unreviewed	4Fe-4S Mo/W bis-MGD-type domain-containing protein	taxID:562
A0A376HFK9	unreviewed	nitrate reductase (quinone)	taxID:562
A0A376J670	unreviewed	Respiratory nitrate reductase 2 alpha chain	taxID:562
A0A376K3P5	unreviewed	nitrate reductase (quinone)	taxID:562
A0A376KVB6	unreviewed	4Fe-4S Mo/W bis-MGD-type domain-containing protein	taxID:562
A0A376LP93	unreviewed	nitrate reductase (quinone)	taxID:562
A0A376M8N4	unreviewed	nitrate reductase (quinone)	taxID:562
A0A376MVX3	unreviewed	4Fe-4S Mo/W bis-MGD-type domain-containing protein	taxID:562
A0A376P5P4	unreviewed	4Fe-4S Mo/W bis-MGD-type domain-containing protein	taxID:562
A0A376PVX8	unreviewed	nitrate reductase (quinone)	taxID:562
A0A376PW70	unreviewed	nitrate reductase (quinone)	taxID:562
A0A376RJJ6	unreviewed	Respiratory nitrate reductase 1 subunit alpha	taxID:562
A0A376S6P4	unreviewed	nitrate reductase (quinone)	taxID:562
A0A376UAZ2	unreviewed	4Fe-4S Mo/W bis-MGD-type domain-containing protein	taxID:562
A0A376UB01	unreviewed	4Fe-4S Mo/W bis-MGD-type domain-containing protein	taxID:562
A0A376ZWZ8	unreviewed	Respiratory nitrate reductase 1 subunit alpha	taxID:562
A0A377BHP2	unreviewed	4Fe-4S Mo/W bis-MGD-type domain-containing protein	taxID:562
A0A377D4M3	unreviewed	4Fe-4S Mo/W bis-MGD-type domain-containing protein	taxID:562
A0A377E3V0	unreviewed	4Fe-4S Mo/W bis-MGD-type domain-containing protein	taxID:562
A0A377HAW7	unreviewed	nitrate reductase (quinone)	taxID:562
A0A377K6H2	unreviewed	nitrate reductase (quinone)	taxID:562
A0A377K7F8	unreviewed	nitrate reductase (quinone)	taxID:562
A0A377N117	unreviewed	nitrate reductase (quinone)	taxID:562
A0A377NFR7	unreviewed	nitrate reductase (quinone)	taxID:41202
A0A377PQ55	unreviewed	4Fe-4S Mo/W bis-MGD-type domain-containing protein	taxID:569
A0A377QYQ2	unreviewed	nitrate reductase (quinone)	taxID:265175
A0A377TVC6	unreviewed	Respiratory nitrate reductase subunit alpha	taxID:573
A0A377V4H7	unreviewed	Respiratory nitrate reductase subunit alpha	taxID:573
A0A377W5C7	unreviewed	4Fe-4S Mo/W bis-MGD-type domain-containing protein	taxID:573
A0A377WJ30	unreviewed	4Fe-4S Mo/W bis-MGD-type domain-containing protein	taxID:573
A0A377WM97	unreviewed	nitrate reductase (quinone)	taxID:573
A0A377XA21	unreviewed	nitrate reductase (quinone)	taxID:573
A0A377Y270	unreviewed	nitrate reductase (quinone)	taxID:573
A0A377ZHL2	unreviewed	nitrate reductase (quinone)	taxID:574
A0A377ZKM7	unreviewed	4Fe-4S Mo/W bis-MGD-type domain-containing protein	taxID:72407
A0A378A6G7	unreviewed	4Fe-4S Mo/W bis-MGD-type domain-containing protein	taxID:573
A0A378B449	unreviewed	nitrate reductase (quinone)	taxID:573
A0A378C1X8	unreviewed	nitrate reductase (quinone)	taxID:573
A0A378FYH0	unreviewed	nitrate reductase (quinone)	taxID:573
A0A378PMS2	unreviewed	nitrate reductase (quinone)	taxID:29433
A0A378QPZ9	unreviewed	4Fe-4S Mo/W bis-MGD-type domain-containing protein	taxID:60442
A0A378R0U6	unreviewed	Respiratory nitrate reductase 1 alpha chain	taxID:90240
A0A378SQL7	unreviewed	Nitrate reductase alpha subunit	taxID:1804
A0A378SXD6	unreviewed	Nitrate reductase alpha subunit	taxID:1796
A0A378T554	unreviewed	nitrate reductase (quinone)	taxID:477
A0A378UUE4	unreviewed	Nitrate reductase alpha subunit	taxID:1766
A0A378WG20	unreviewed	nitrate reductase (quinone)	taxID:326523
A0A378WPG4	unreviewed	Nitrate reductase alpha subunit	taxID:134964
A0A378XGK6	unreviewed	nitrate reductase (quinone)	taxID:90244
A0A378Y1L1	unreviewed	nitrate reductase (quinone)	taxID:1406
A0A378Y749	unreviewed	Nitrate reductase alpha subunit	taxID:1823
A0A378YEF7	unreviewed	nitrate reductase (quinone)	taxID:93220
A0A378YMD7	unreviewed	Nitrate reductase alpha subunit	taxID:1823
A0A378ZYY7	unreviewed	nitrate reductase (quinone)	taxID:121719
A0A379ABQ3	unreviewed	4Fe-4S Mo/W bis-MGD-type domain-containing protein	taxID:549
A0A379F7H0	unreviewed	nitrate reductase (quinone)	taxID:585
A0A379FWZ7	unreviewed	nitrate reductase (quinone)	taxID:587
A0A379IEL4	unreviewed	nitrate reductase (quinone)	taxID:294
A0A379LWD2	unreviewed	Nitrate reductase alpha subunit	taxID:223392
A0A379NKV3	unreviewed	nitrate reductase (quinone)	taxID:58097
A0A379NLM2	unreviewed	nitrate reductase (quinone)	taxID:58097
A0A379Q6N6	unreviewed	nitrate reductase (quinone)	taxID:28901
A0A379QA90	unreviewed	nitrate reductase (quinone)	taxID:28901
A0A379QK09	unreviewed	nitrate reductase (quinone)	taxID:28901
A0A379QKQ4	unreviewed	nitrate reductase (quinone)	taxID:28901
A0A379QZ04	unreviewed	nitrate reductase (quinone)	taxID:28901
A0A379QZE9	unreviewed	nitrate reductase (quinone)	taxID:28901
A0A379S2R2	unreviewed	nitrate reductase (quinone)	taxID:59203
A0A379SKS2	unreviewed	4Fe-4S Mo/W bis-MGD-type domain-containing protein	taxID:59203
A0A379SVU7	unreviewed	nitrate reductase (quinone)	taxID:59203
A0A379TDB9	unreviewed	Molybdopterin oxidoreductase domain-containing protein	taxID:59203
A0A379TZD5	unreviewed	nitrate reductase (quinone)	taxID:59204
A0A379VQX8	unreviewed	nitrate reductase (quinone)	taxID:59201
A0A379VT30	unreviewed	nitrate reductase (quinone)	taxID:59201
A0A379W8U9	unreviewed	Molybdopterin oxidoreductase domain-containing protein	taxID:59201
A0A379XPL2	unreviewed	4Fe-4S Mo/W bis-MGD-type domain-containing protein	taxID:59207
A0A379XQD3	unreviewed	nitrate reductase (quinone)	taxID:59207
A0A379Z878	unreviewed	4Fe-4S Mo/W bis-MGD-type domain-containing protein	taxID:615
A0A379ZSS0	unreviewed	nitrate reductase (quinone)	taxID:365591
A0A380APC5	unreviewed	nitrate reductase (quinone)	taxID:137545
A0A380ARF5	unreviewed	nitrate reductase (quinone)	taxID:623
A0A380B1E8	unreviewed	nitrate reductase (quinone)	taxID:623
A0A380BCR7	unreviewed	nitrate reductase (quinone)	taxID:1474
A0A380DRZ8	unreviewed	nitrate reductase (quinone)	taxID:1280
A0A380FY90	unreviewed	nitrate reductase (quinone)	taxID:1276936
A0A380G5Y1	unreviewed	nitrate reductase (quinone)	taxID:1141106
A0A380GM68	unreviewed	nitrate reductase (quinone)	taxID:214473
A0A380H2H7	unreviewed	nitrate reductase (quinone)	taxID:33028
A0A380NLR9	unreviewed	nitrate reductase (quinone)	taxID:103891
A0A380Q3R5	unreviewed	nitrate reductase (quinone)	taxID:633
A0A380SZP9	unreviewed	nitrate reductase (quinone)	taxID:1785161
A0A380W4F4	unreviewed	nitrate reductase (quinone)	taxID:1035
A0A381C8Q4	unreviewed	nitrate reductase (quinone)	taxID:82977
A0A381N1R9	unreviewed	4Fe-4S Mo/W bis-MGD-type domain-containing protein	taxID:408172
A0A381R1M2	unreviewed	nitrate reductase (quinone)	taxID:408172
A0A381RTC3	unreviewed	nitrate reductase (quinone)	taxID:408172
A0A381TAJ5	unreviewed	4Fe-4S Mo/W bis-MGD-type domain-containing protein	taxID:408172
A0A381TPL2	unreviewed	4Fe-4S Mo/W bis-MGD-type domain-containing protein	taxID:408172
A0A381VFI8	unreviewed	4Fe-4S Mo/W bis-MGD-type domain-containing protein	taxID:408172
A0A381YWJ0	unreviewed	4Fe-4S Mo/W bis-MGD-type domain-containing protein	taxID:408172
A0A383S7L1	unreviewed	nitrate reductase (quinone)	taxID:119981
A0A385D6S6	unreviewed	Nitrate reductase alpha subunit	taxID:188770
A0A385TP45	unreviewed	nitrate reductase (quinone)	taxID:1401
A0A386UJ08	unreviewed	4Fe-4S Mo/W bis-MGD-type domain-containing protein	taxID:147645
A0A386WEY6	unreviewed	Nitrate reductase alpha subunit	taxID:479978
A0A386Z448	unreviewed	Nitrate reductase alpha subunit	taxID:2382165
A0A386ZKG2	unreviewed	Nitrate reductase alpha subunit	taxID:2382165
A0A387BLW7	unreviewed	nitrate reductase (quinone)	taxID:2419773
A0A387G836	unreviewed	nitrate reductase (quinone)	taxID:1312183
A0A387HIN7	unreviewed	Nitrate reductase alpha subunit	taxID:1077946
A0A388RVV6	unreviewed	nitrate reductase (quinone)	taxID:2027911
A0A388SDN2	unreviewed	nitrate reductase (quinone)	taxID:2259133
A0A388T3Q7	unreviewed	Nitrate reductase alpha subunit	taxID:1690221
A0A389MBK8	unreviewed	nitrate reductase (quinone)	taxID:1993870
A0A391NYM6	unreviewed	nitrate reductase (quinone)	taxID:412955
A0A391PKY5	unreviewed	Nitrate reductase alpha subunit	taxID:2185272
A0A395CT30	unreviewed	nitrate reductase (quinone)	taxID:2052174
A0A395GBY4	unreviewed	nitrate reductase (quinone)	taxID:1891097
A0A396RV17	unreviewed	nitrate reductase (quinone)	taxID:2078689
A0A397N5D4	unreviewed	nitrate reductase (quinone)	taxID:2183909
A0A398CAP5	unreviewed	nitrate reductase (quinone)	taxID:2315688
A0A399D723	unreviewed	nitrate reductase (quinone)	taxID:1628158
A0A399ENE7	unreviewed	nitrate reductase (quinone)	taxID:1644118
A0A399EVD3	unreviewed	nitrate reductase (quinone)	taxID:1408545
A0A399FC47	unreviewed	nitrate reductase (quinone)	taxID:1227551
A0A399G4P0	unreviewed	Nitrate reductase alpha subunit	taxID:483545
A0A399GXD3	unreviewed	Nitrate reductase alpha subunit	taxID:2259644
A0A399WR21	unreviewed	nitrate reductase (quinone)	taxID:1978231
A0A399XNG7	unreviewed	4Fe-4S Mo/W bis-MGD-type domain-containing protein	taxID:1978231
A0A399XNR0	unreviewed	nitrate reductase (quinone)	taxID:1978231
A0A399ZE84	unreviewed	nitrate reductase (quinone)	taxID:2052143
A0A399ZFA6	unreviewed	nitrate reductase (quinone)	taxID:2052143
A0A3A0B7J6	unreviewed	4Fe-4S Mo/W bis-MGD-type domain-containing protein	taxID:2026724
A0A3A0B930	unreviewed	nitrate reductase (quinone)	taxID:2026724
A0A3A0BAK4	unreviewed	nitrate reductase (quinone)	taxID:2026749
A0A3A0BDR4	unreviewed	nitrate reductase (quinone)	taxID:2026724
A0A3A0CB85	unreviewed	nitrate reductase (quinone)	taxID:2026780
A0A3A0E1A2	unreviewed	nitrate reductase (quinone)	taxID:2026780
A0A3A0EF01	unreviewed	nitrate reductase (quinone)	taxID:1891238
A0A3A0EKR8	unreviewed	nitrate reductase (quinone)	taxID:1891238
A0A3A0EVJ1	unreviewed	nitrate reductase (quinone)	taxID:1977087
A0A3A0FCE9	unreviewed	nitrate reductase (quinone)	taxID:1977087
A0A3A0W518	unreviewed	nitrate reductase (quinone)	taxID:1293
A0A3A2J1Z4	unreviewed	nitrate reductase (quinone)	taxID:2304002
A0A3A3GG34	unreviewed	nitrate reductase (quinone)	taxID:49283
A0A3A4BFP6	unreviewed	nitrate reductase (quinone)	taxID:1070861
A0A3A4PAY1	unreviewed	nitrate reductase (quinone)	taxID:2093360
A0A3A4RD58	unreviewed	nitrate reductase (quinone)	taxID:1871071
A0A3A4WQA9	unreviewed	nitrate reductase (quinone)	taxID:2049433
A0A3A4X2A0	unreviewed	nitrate reductase (quinone)	taxID:2049433
A0A3A5AG29	unreviewed	nitrate reductase (quinone)	taxID:2049433
A0A3A5JXL8	unreviewed	nitrate reductase (quinone)	taxID:82991
A0A3A5LE78	unreviewed	nitrate reductase (quinone)	taxID:1280
A0A3A5MXX3	unreviewed	nitrate reductase (quinone)	taxID:995039
A0A3A6SV60	unreviewed	nitrate reductase (quinone)	taxID:562
A0A3A6T631	unreviewed	nitrate reductase (quinone)	taxID:562
A0A3A6WCD4	unreviewed	nitrate reductase (quinone)	taxID:39777
A0A3A8F055	unreviewed	nitrate reductase (quinone)	taxID:2419601
A0A3A9JC96	unreviewed	nitrate reductase (quinone)	taxID:2478470
A0A3A9Z6E5	unreviewed	nitrate reductase (quinone)	taxID:1141874
A0A3B0FQ66	unreviewed	nitrate reductase (quinone)	taxID:361575
A0A3B0QRQ0	unreviewed	nitrate reductase (quinone)	taxID:652676
A0A3B0RAA1	unreviewed	Respiratory nitrate reductase alpha chain	taxID:652676
A0A3B0RFY1	unreviewed	nitrate reductase (quinone)	taxID:652676
A0A3B0SBP5	unreviewed	4Fe-4S Mo/W bis-MGD-type domain-containing protein	taxID:652676
A0A3B0SFR2	unreviewed	nitrate reductase (quinone)	taxID:652676
A0A3B0SIC5	unreviewed	Respiratory nitrate reductase alpha chain	taxID:652676
A0A3B0STE8	unreviewed	4Fe-4S Mo/W bis-MGD-type domain-containing protein	taxID:652676
A0A3B0TQY0	unreviewed	Respiratory nitrate reductase alpha chain	taxID:652676
A0A3B0TUM1	unreviewed	nitrate reductase (quinone)	taxID:652676
A0A3B0U538	unreviewed	4Fe-4S Mo/W bis-MGD-type domain-containing protein	taxID:652676
A0A3B0W6E5	unreviewed	4Fe-4S Mo/W bis-MGD-type domain-containing protein	taxID:652676
A0A3B1AZK5	unreviewed	4Fe-4S Mo/W bis-MGD-type domain-containing protein	taxID:652676
A0A3B1B578	unreviewed	nitrate reductase (quinone)	taxID:652676
A0A3B6XAN2	unreviewed	Nitrate reductase alpha subunit	taxID:439334
A0A3B7DGZ9	unreviewed	Nitrate reductase alpha subunit	taxID:2107713
A0A3B7L706	unreviewed	nitrate reductase (quinone)	taxID:2306583
A0A3B8RTZ4	unreviewed	nitrate reductase (quinone)	taxID:2049428
A0A3B8W448	unreviewed	nitrate reductase (quinone)	taxID:2049046
A0A3B8WLW8	unreviewed	4Fe-4S Mo/W bis-MGD-type domain-containing protein	taxID:2743
A0A3B8WVL0	unreviewed	4Fe-4S Mo/W bis-MGD-type domain-containing protein	taxID:1913989
A0A3B9IGP6	unreviewed	4Fe-4S Mo/W bis-MGD-type domain-containing protein	taxID:171437
A0A3B9V8H2	unreviewed	nitrate reductase (quinone)	taxID:2026735
A0A3C0BAU5	unreviewed	nitrate reductase (quinone)	taxID:2030927
A0A3C0FWN8	unreviewed	Molybdopterin oxidoreductase domain-containing protein	taxID:1912094
A0A3C0I2R6	unreviewed	Nitrate reductase subunit alpha	taxID:1913989
A0A3C0MA30	unreviewed	4Fe-4S Mo/W bis-MGD-type domain-containing protein	taxID:1913988
A0A3C1DGW8	unreviewed	Nitrate reductase subunit alpha	taxID:1883427
A0A3C1FYF6	unreviewed	nitrate reductase (quinone)	taxID:2026770
A0A3C1SSB0	unreviewed	nitrate reductase (quinone)	taxID:2053538
A0A3C1XS11	unreviewed	nitrate reductase (quinone)	taxID:134375
A0A3C2BXF9	unreviewed	nitrate reductase (quinone)	taxID:1667
A0A3C2D861	unreviewed	nitrate reductase (quinone)	taxID:2053594
A0A3D0CRD1	unreviewed	nitrate reductase (quinone)	taxID:2026724
A0A3D0KIJ5	unreviewed	nitrate reductase (quinone)	taxID:213554
A0A3D0LV62	unreviewed	Nitrate reductase subunit alpha	taxID:1891241
A0A3D0S842	unreviewed	Nitrate reductase alpha subunit	taxID:35761
A0A3D0VHQ8	unreviewed	4Fe-4S Mo/W bis-MGD-type domain-containing protein	taxID:1667
A0A3D0YF28	unreviewed	nitrate reductase (quinone)	taxID:2049046
A0A3D1IYC8	unreviewed	nitrate reductase (quinone)	taxID:1871070
A0A3D1IYM5	unreviewed	nitrate reductase (quinone)	taxID:1871070
A0A3D1V109	unreviewed	4Fe-4S Mo/W bis-MGD-type domain-containing protein	taxID:2026724
A0A3D2B3E8	unreviewed	nitrate reductase (quinone)	taxID:42895
A0A3D2FPU4	unreviewed	nitrate reductase (quinone)	taxID:2026760
A0A3D2IV62	unreviewed	nitrate reductase (quinone)	taxID:56811
A0A3D2W078	unreviewed	nitrate reductase (quinone)	taxID:2026748
A0A3D3HMT8	unreviewed	nitrate reductase (quinone)	taxID:1912315
A0A3D3KDR3	unreviewed	nitrate reductase (quinone)	taxID:56811
A0A3D3KU61	unreviewed	4Fe-4S Mo/W bis-MGD-type domain-containing protein	taxID:1667
A0A3D3LW43	unreviewed	nitrate reductase (quinone)	taxID:1885016
A0A3D3PNQ9	unreviewed	nitrate reductase (quinone)	taxID:1871070
A0A3D3PQ88	unreviewed	4Fe-4S Mo/W bis-MGD-type domain-containing protein	taxID:1871070
A0A3D4APQ8	unreviewed	nitrate reductase (quinone)	taxID:53249
A0A3D4K934	unreviewed	Nitrate reductase subunit alpha	taxID:1913988
A0A3D4KPD1	unreviewed	nitrate reductase (quinone)	taxID:1486246
A0A3D4MG65	unreviewed	nitrate reductase (quinone)	taxID:1898112
A0A3D4TLS8	unreviewed	nitrate reductase (quinone)	taxID:69392
A0A3D5BNN3	unreviewed	nitrate reductase (quinone)	taxID:1869214
A0A3D5DTM5	unreviewed	Nitrate reductase alpha subunit	taxID:1883427
A0A3D5VN27	unreviewed	nitrate reductase (quinone)	taxID:50421
A0A3D5YSM7	unreviewed	nitrate reductase (quinone)	taxID:2053582
A0A3D5Z1P7	unreviewed	nitrate reductase (quinone)	taxID:2053594
A0A3D6AEI8	unreviewed	nitrate reductase (quinone)	taxID:1871070
A0A3D6C6A1	unreviewed	nitrate reductase (quinone)	taxID:2049433
A0A3D6CWJ5	unreviewed	nitrate reductase (quinone)	taxID:1062
A0A3D8H3I9	unreviewed	nitrate reductase (quinone)	taxID:262076
A0A3D8K2B6	unreviewed	nitrate reductase (quinone)	taxID:2291023
A0A3D8P8Q1	unreviewed	nitrate reductase (quinone)	taxID:34006
A0A3D8TR25	unreviewed	nitrate reductase (quinone)	taxID:1621700
A0A3D8YTG4	unreviewed	nitrate reductase (quinone)	taxID:2282866
A0A3D9DW74	unreviewed	nitrate reductase (quinone)	taxID:1122140
A0A3D9FFK1	unreviewed	nitrate reductase (quinone)	taxID:680125
A0A3D9GTJ2	unreviewed	nitrate reductase (quinone)	taxID:2135608
A0A3D9JU45	unreviewed	nitrate reductase (quinone)	taxID:456490
A0A3D9SYP5	unreviewed	Nitrate reductase alpha subunit	taxID:111806
A0A3D9TMZ9	unreviewed	nitrate reductase (quinone)	taxID:1405
A0A3D9UM26	unreviewed	nitrate reductase (quinone)	taxID:419650
A0A3E0IR88	unreviewed	4Fe-4S Mo/W bis-MGD-type domain-containing protein	taxID:46127
A0A3E0MY72	unreviewed	nitrate reductase (quinone)	taxID:2026780
A0A3E0WU68	unreviewed	nitrate reductase (quinone)	taxID:351052
A0A3E0X2L9	unreviewed	nitrate reductase (quinone)	taxID:351052
A0A3E1RD43	unreviewed	nitrate reductase (quinone)	taxID:2184758
A0A3F3I808	unreviewed	nitrate reductase (quinone)	taxID:28901
A0A3F3IEF6	unreviewed	nitrate reductase (quinone)	taxID:28901
A0A3F3J4X3	unreviewed	nitrate reductase (quinone)	taxID:28901
A0A3G2E7H9	unreviewed	nitrate reductase (quinone)	taxID:55508
A0A3G2ILL4	unreviewed	nitrate reductase (quinone)	taxID:2479367
A0A3G3DYE2	unreviewed	nitrate reductase (quinone)	taxID:143221
A0A3G3DZZ6	unreviewed	nitrate reductase (quinone)	taxID:143221
A0A3G3INT5	unreviewed	nitrate reductase (quinone)	taxID:2360
A0A3G5U8F8	unreviewed	nitrate reductase (quinone)	taxID:2576356
A0A3G6IUQ3	unreviewed	nitrate reductase (quinone)	taxID:2080757
A0A3G6IZU1	unreviewed	nitrate reductase (quinone)	taxID:2079234
A0A3G6J966	unreviewed	nitrate reductase (quinone)	taxID:1862358
A0A3G7VL04	unreviewed	nitrate reductase (quinone)	taxID:47883
A0A3G8GQ00	unreviewed	nitrate reductase (quinone)	taxID:2488560
A0A3G8H127	unreviewed	nitrate reductase (quinone)	taxID:82633
A0A3G8JU48	unreviewed	nitrate reductase (quinone)	taxID:2420509
A0A3G8R9L8	unreviewed	nitrate reductase (quinone)	taxID:2487928
A0A3G8ZXJ5	unreviewed	Nitrate reductase alpha subunit	taxID:1902245
A0A3G9GEP9	unreviewed	nitrate reductase (quinone)	taxID:332411
A0A3H5ZWZ9	unreviewed	nitrate reductase (quinone)	taxID:28901
A0A3I1YY66	unreviewed	nitrate reductase (quinone)	taxID:28901
A0A3I2B8T6	unreviewed	nitrate reductase (quinone)	taxID:28901
A0A3I8FYF9	unreviewed	nitrate reductase (quinone)	taxID:28901
A0A3I8G736	unreviewed	nitrate reductase (quinone)	taxID:28901
A0A3J4M2D8	unreviewed	nitrate reductase (quinone)	taxID:28901
A0A3J5R1A5	unreviewed	nitrate reductase (quinone)	taxID:28901
A0A3J5UYK3	unreviewed	nitrate reductase (quinone)	taxID:28901
A0A3J6XVN7	unreviewed	nitrate reductase (quinone)	taxID:28901
A0A3J8T2N9	unreviewed	nitrate reductase (quinone)	taxID:28901
A0A3J8T3E3	unreviewed	nitrate reductase (quinone)	taxID:28901
A0A3K2SME3	unreviewed	nitrate reductase (quinone)	taxID:562
A0A3K2YNE5	unreviewed	nitrate reductase (quinone)	taxID:562
A0A3K3X0X9	unreviewed	nitrate reductase (quinone)	taxID:562
A0A3K9ZR15	unreviewed	nitrate reductase (quinone)	taxID:28901
A0A3L0TM22	unreviewed	nitrate reductase (quinone)	taxID:562
A0A3L1PZ96	unreviewed	nitrate reductase (quinone)	taxID:562
A0A3L2LA16	unreviewed	nitrate reductase (quinone)	taxID:28901
A0A3L5H832	unreviewed	nitrate reductase (quinone)	taxID:562
A0A3L7D891	unreviewed	nitrate reductase (quinone)	taxID:1422
A0A3L9I7N3	unreviewed	4Fe-4S Mo/W bis-MGD-type domain-containing protein	taxID:562
A0A3L9IAC0	unreviewed	Nitrate reductase subunit alpha	taxID:562
A0A3L9XWW1	unreviewed	nitrate reductase (quinone)	taxID:1852017
A0A3L9YIZ2	unreviewed	nitrate reductase (quinone)	taxID:2135635
A0A3M0G5B4	unreviewed	nitrate reductase (quinone)	taxID:38290
A0A3M0GB86	unreviewed	nitrate reductase (quinone)	taxID:2479848
A0A3M0I4X4	unreviewed	Nitrate reductase alpha subunit	taxID:943815
A0A3M1A955	unreviewed	nitrate reductase (quinone)	taxID:2212469
A0A3M1AK71	unreviewed	4Fe-4S Mo/W bis-MGD-type domain-containing protein	taxID:2212469
A0A3M1G7Z0	unreviewed	Nitrate reductase subunit alpha	taxID:1913988
A0A3M1WCU6	unreviewed	nitrate reductase (quinone)	taxID:1978231
A0A3M2DSK3	unreviewed	nitrate reductase (quinone)	taxID:2026735
A0A3M2DZD8	unreviewed	nitrate reductase (quinone)	taxID:1913988
A0A3M2H0N7	unreviewed	nitrate reductase (quinone)	taxID:2212469
A0A3M2HVW6	unreviewed	nitrate reductase (quinone)	taxID:2483112
A0A3M2J8W6	unreviewed	nitrate reductase (quinone)	taxID:2483352
A0A3M2LGN7	unreviewed	Nitrate reductase alpha subunit	taxID:2483361
A0A3M3EJK0	unreviewed	nitrate reductase (quinone)	taxID:47879
A0A3M4A4I2	unreviewed	nitrate reductase (quinone)	taxID:97473
A0A3M6QCS2	unreviewed	nitrate reductase (quinone)	taxID:1076744
A0A3M6QD59	unreviewed	nitrate reductase (quinone)	taxID:1076744
A0A3M6R6F0	unreviewed	nitrate reductase (quinone)	taxID:1076744
A0A3M8EQ77	unreviewed	nitrate reductase (quinone)	taxID:2099678
A0A3M8EQZ2	unreviewed	Nitrate reductase alpha subunit	taxID:1038928
A0A3M8ER76	unreviewed	Nitrate reductase alpha subunit	taxID:1038928
A0A3M8PBU3	unreviewed	nitrate reductase (quinone)	taxID:1848460
A0A3M8QSM8	unreviewed	nitrate reductase (quinone)	taxID:1867749
A0A3M8S8M7	unreviewed	nitrate reductase (quinone)	taxID:303
A0A3M9MFE2	unreviewed	nitrate reductase (quinone)	taxID:2294115
A0A3N0FXX9	unreviewed	nitrate reductase (quinone)	taxID:1577887
A0A3N1CVN4	unreviewed	Nitrate reductase alpha subunit	taxID:58109
A0A3N1GEJ9	unreviewed	Nitrate reductase alpha subunit	taxID:56438
A0A3N1GZM7	unreviewed	nitrate reductase (quinone)	taxID:103734
A0A3N1H261	unreviewed	Nitrate reductase alpha subunit	taxID:103734
A0A3N1J4T8	unreviewed	nitrate reductase (quinone)	taxID:2485118
A0A3N1P394	unreviewed	nitrate reductase (quinone)	taxID:306545
A0A3N1QUX5	unreviewed	nitrate reductase (quinone)	taxID:2485141
A0A3N1UYD5	unreviewed	Nitrate reductase alpha subunit	taxID:2485161
A0A3N1WLD4	unreviewed	nitrate reductase (quinone)	taxID:2485126
A0A3N1ZX88	unreviewed	nitrate reductase (quinone)	taxID:33984
A0A3N2EUA1	unreviewed	nitrate reductase (quinone)	taxID:2485119
A0A3N2EVX6	unreviewed	nitrate reductase (quinone)	taxID:2485119
A0A3N2JFW4	unreviewed	nitrate reductase (quinone)	taxID:2485186
A0A3N2QHJ3	unreviewed	nitrate reductase (quinone)	taxID:2480588
A0A3N2RSS3	unreviewed	nitrate reductase (quinone)	taxID:51288
A0A3N2RY16	unreviewed	nitrate reductase (quinone)	taxID:51288
A0A3N3ZPG8	unreviewed	nitrate reductase (quinone)	taxID:2485125
A0A3N4NDA8	unreviewed	nitrate reductase (quinone)	taxID:1853276
A0A3N4P042	unreviewed	nitrate reductase (quinone)	taxID:1869313
A0A3N4RZG1	unreviewed	Nitrate reductase alpha subunit	taxID:1938851
A0A3N4UQX3	unreviewed	nitrate reductase (quinone)	taxID:1917811
A0A3N4ZN18	unreviewed	nitrate reductase (quinone)	taxID:154117
A0A3N5E730	unreviewed	nitrate reductase (quinone)	taxID:82993
A0A3N6G6A2	unreviewed	Nitrate reductase alpha subunit	taxID:1522763
A0A3N6GVJ9	unreviewed	Nitrate reductase alpha subunit	taxID:1522763
A0A3N6MDT9	unreviewed	nitrate reductase (quinone)	taxID:2305225
A0A3N6MVU9	unreviewed	nitrate reductase (quinone)	taxID:2305225
A0A3N7BR63	unreviewed	nitrate reductase (quinone)	taxID:2153361
A0A3N7D898	unreviewed	nitrate reductase (quinone)	taxID:2153366
A0A3N7DHT1	unreviewed	nitrate reductase (quinone)	taxID:2153360
A0A3N7FM70	unreviewed	nitrate reductase (quinone)	taxID:2153365
A0A3N7GF04	unreviewed	nitrate reductase (quinone)	taxID:2305219
A0A3N7JNE3	unreviewed	nitrate reductase (quinone)	taxID:2496871
A0A3N7ZB46	unreviewed	nitrate reductase (quinone)	taxID:2184573
A0A3N8FAT5	unreviewed	nitrate reductase (quinone)	taxID:2184562
A0A3N8QZL3	unreviewed	nitrate reductase (quinone)	taxID:488447
A0A3N9TQP5	unreviewed	nitrate reductase (quinone)	taxID:2269046
A0A3N9U0E0	unreviewed	nitrate reductase (quinone)	taxID:2483111
A0A3N9WN01	unreviewed	Nitrate reductase alpha subunit	taxID:2203716
A0A3P0MQP7	unreviewed	nitrate reductase (quinone)	taxID:2184566
A0A3P0NKL2	unreviewed	nitrate reductase (quinone)	taxID:2184565
A0A3P1SV80	unreviewed	nitrate reductase (quinone)	taxID:452629
A0A3P1T3S6	unreviewed	nitrate reductase (quinone)	taxID:1750
A0A3P1VAA3	unreviewed	nitrate reductase (quinone)	taxID:131109
A0A3P1WD31	unreviewed	nitrate reductase (quinone)	taxID:2491055
A0A3P1WKQ9	unreviewed	nitrate reductase (quinone)	taxID:2491059
A0A3P1WYU2	unreviewed	nitrate reductase (quinone)	taxID:1750
A0A3P1Y956	unreviewed	nitrate reductase (quinone)	taxID:2491056
A0A3P2A5D6	unreviewed	nitrate reductase (quinone)	taxID:153493
A0A3P3U2E7	unreviewed	nitrate reductase (quinone)	taxID:2490856
A0A3P3U7T7	unreviewed	nitrate reductase (quinone)	taxID:2490856
A0A3P5WPJ9	unreviewed	nitrate reductase (quinone)	taxID:2483811
A0A3P6M8M4	unreviewed	nitrate reductase (quinone)	taxID:622
A0A3P8M2Y0	unreviewed	nitrate reductase (quinone)	taxID:577
A0A3Q8DV05	unreviewed	nitrate reductase (quinone)	taxID:1920110
A0A3Q8FEK9	unreviewed	nitrate reductase (quinone)	taxID:2072413
A0A3Q8V3X2	unreviewed	nitrate reductase (quinone)	taxID:2203205
A0A3Q8VHR6	unreviewed	Nitrate reductase alpha subunit	taxID:2203204
A0A3Q8VJ11	unreviewed	Nitrate reductase alpha subunit	taxID:2203204
A0A3Q8VPZ9	unreviewed	Nitrate reductase alpha subunit	taxID:2305221
A0A3Q8VR62	unreviewed	Nitrate reductase alpha subunit	taxID:2305221
A0A3Q8W336	unreviewed	nitrate reductase (quinone)	taxID:2305221
A0A3Q8WTU4	unreviewed	nitrate reductase (quinone)	taxID:1282737
A0A3Q9C3Y0	unreviewed	Nitrate reductase alpha subunit	taxID:2548456
A0A3Q9CYS4	unreviewed	nitrate reductase (quinone)	taxID:274
A0A3Q9EXT0	unreviewed	Nitrate reductase alpha subunit	taxID:2496836
A0A3Q9IEW7	unreviewed	nitrate reductase (quinone)	taxID:69665
A0A3Q9JM78	unreviewed	nitrate reductase (quinone)	taxID:2213226
A0A3Q9LPE4	unreviewed	nitrate reductase (quinone)	taxID:2500154
A0A3Q9LVS8	unreviewed	nitrate reductase (quinone)	taxID:2500155
A0A3Q9MT37	unreviewed	nitrate reductase (quinone)	taxID:2500153
A0A3Q9MTC2	unreviewed	nitrate reductase (quinone)	taxID:2500153
A0A3Q9QVX6	unreviewed	nitrate reductase (quinone)	taxID:1193713
A0A3R0CDZ0	unreviewed	nitrate reductase (quinone)	taxID:59201
A0A3R0CPT3	unreviewed	nitrate reductase (quinone)	taxID:59201
A0A3R0DAQ7	unreviewed	nitrate reductase (quinone)	taxID:595
A0A3R0HKR8	unreviewed	nitrate reductase (quinone)	taxID:59201
A0A3R0HY37	unreviewed	nitrate reductase (quinone)	taxID:59201
A0A3R0PFS3	unreviewed	nitrate reductase (quinone)	taxID:59201
A0A3R0Q139	unreviewed	nitrate reductase (quinone)	taxID:28901
A0A3R0S537	unreviewed	nitrate reductase (quinone)	taxID:59201
A0A3R0T8A0	unreviewed	nitrate reductase (quinone)	taxID:59201
A0A3R0VVX7	unreviewed	nitrate reductase (quinone)	taxID:59201
A0A3R0X9U0	unreviewed	nitrate reductase (quinone)	taxID:622
A0A3R0XN44	unreviewed	nitrate reductase (quinone)	taxID:59201
A0A3R0YBD3	unreviewed	nitrate reductase (quinone)	taxID:59201
A0A3R1BLU2	unreviewed	nitrate reductase (quinone)	taxID:562
A0A3R1E1J2	unreviewed	4Fe-4S Mo/W bis-MGD-type domain-containing protein	taxID:59201
A0A3R7E3L6	unreviewed	nitrate reductase (quinone)	taxID:134537
A0A3R8LL01	unreviewed	nitrate reductase (quinone)	taxID:2490857
A0A3R8STG7	unreviewed	Nitrate reductase alpha subunit	taxID:2490848
A0A3R8U8R3	unreviewed	nitrate reductase (quinone)	taxID:271420
A0A3R8Z8K6	unreviewed	nitrate reductase (quinone)	taxID:550
A0A3R9ED94	unreviewed	nitrate reductase (quinone)	taxID:1409
A0A3R9F5X3	unreviewed	nitrate reductase (quinone)	taxID:255519
A0A3R9FRN8	unreviewed	nitrate reductase (quinone)	taxID:2022746
A0A3R9LTA1	unreviewed	nitrate reductase (quinone)	taxID:255519
A0A3R9PGR2	unreviewed	nitrate reductase (quinone)	taxID:2494702
A0A3R9VFM4	unreviewed	nitrate reductase (quinone)	taxID:2487425
A0A3S0E719	unreviewed	nitrate reductase (quinone)	taxID:2006849
A0A3S0EJ89	unreviewed	nitrate reductase (quinone)	taxID:1891238
A0A3S0FB47	unreviewed	Nitrate reductase subunit alpha	taxID:1909294
A0A3S0I8E5	unreviewed	nitrate reductase (quinone)	taxID:447425
A0A3S0JJE8	unreviewed	nitrate reductase (quinone)	taxID:40324
A0A3S0MZB6	unreviewed	nitrate reductase (quinone)	taxID:1909294
A0A3S0RQ71	unreviewed	nitrate reductase (quinone)	taxID:271099
A0A3S0S676	unreviewed	Nitrate reductase alpha subunit	taxID:2320850
A0A3S0TE50	unreviewed	Nitrate reductase alpha subunit	taxID:2320850
A0A3S0VN08	unreviewed	nitrate reductase (quinone)	taxID:2053538
A0A3S0WKZ6	unreviewed	nitrate reductase (quinone)	taxID:2053538
A0A3S1AG98	unreviewed	nitrate reductase (quinone)	taxID:180957
A0A3S1BLB8	unreviewed	nitrate reductase (quinone)	taxID:2053538
A0A3S1BMR4	unreviewed	nitrate reductase (quinone)	taxID:170367
A0A3S1GT33	unreviewed	Nitrate reductase subunit alpha	taxID:2496788
A0A3S2UP19	unreviewed	nitrate reductase (quinone)	taxID:2499835
A0A3S2V0S6	unreviewed	nitrate reductase (quinone)	taxID:2499834
A0A3S3CES6	unreviewed	nitrate reductase (quinone)	taxID:1871066
A0A3S3J6A7	unreviewed	nitrate reductase (quinone)	taxID:1871066
A0A3S4F432	unreviewed	nitrate reductase (quinone)	taxID:59201
A0A3S4JMF4	unreviewed	Respiratory nitrate reductase 1 subunit alpha	taxID:545
A0A3S4K741	unreviewed	nitrate reductase (quinone)	taxID:562
A0A3S4KTQ1	unreviewed	nitrate reductase (quinone)	taxID:562
A0A3S4LVG8	unreviewed	nitrate reductase (quinone)	taxID:59201
A0A3S4MFD1	unreviewed	nitrate reductase (quinone)	taxID:294
A0A3S4V8Z2	unreviewed	Nitrate reductase alpha subunit	taxID:1792
A0A3S4VE65	unreviewed	nitrate reductase (quinone)	taxID:1656
A0A3S4WM99	unreviewed	nitrate reductase (quinone)	taxID:61652
A0A3S4X410	unreviewed	nitrate reductase (quinone)	taxID:61652
A0A3S4Y7V4	unreviewed	nitrate reductase (quinone)	taxID:326522
A0A3S4ZMV5	unreviewed	nitrate reductase (quinone)	taxID:2047
A0A3S5D7T7	unreviewed	Respiratory nitrate reductase 1 alpha chain	taxID:618
A0A3S5Y202	unreviewed	Nitrate reductase alpha subunit	taxID:685727
A0A3S5YHA2	unreviewed	nitrate reductase (quinone)	taxID:1395119
A0A3S7DBJ4	unreviewed	nitrate reductase (quinone)	taxID:1920110
A0A3S7GWM9	unreviewed	nitrate reductase (quinone)	taxID:1290
A0A3S8RUD7	unreviewed	nitrate reductase (quinone)	taxID:1338368
A0A3S8WIC3	unreviewed	Nitrate reductase alpha subunit	taxID:2203205
A0A3S8YDG3	unreviewed	nitrate reductase (quinone)	taxID:2305220
A0A3S9CLU8	unreviewed	nitrate reductase (quinone)	taxID:2493672
A0A3S9HQ38	unreviewed	nitrate reductase (quinone)	taxID:401471
A0A3S9QF26	unreviewed	nitrate reductase (quinone)	taxID:480
A0A3S9SHX2	unreviewed	nitrate reductase (quinone)	taxID:539
A0A3T0A8Y9	unreviewed	nitrate reductase (quinone)	taxID:2500154
A0A3T0CW33	unreviewed	nitrate reductase (quinone)	taxID:2488665
A0A3T0DIL7	unreviewed	nitrate reductase (quinone)	taxID:273384
A0A3T0SCH4	unreviewed	nitrate reductase (quinone)	taxID:2079806
A0A3T2UTT1	unreviewed	nitrate reductase (quinone)	taxID:623
A0A3T2W7X2	unreviewed	nitrate reductase (quinone)	taxID:399586
A0A3T2W8L9	unreviewed	nitrate reductase (quinone)	taxID:399586
A0A3T2YLK8	unreviewed	nitrate reductase (quinone)	taxID:29472
A0A3T2YPK4	unreviewed	nitrate reductase (quinone)	taxID:29472
A0A3T3EKX1	unreviewed	nitrate reductase (quinone)	taxID:596
A0A3T3ELF4	unreviewed	nitrate reductase (quinone)	taxID:596
A0A3T5MM49	unreviewed	nitrate reductase (quinone)	taxID:59201
A0A3T5MR47	unreviewed	nitrate reductase (quinone)	taxID:59201
A0A3T7RW61	unreviewed	nitrate reductase (quinone)	taxID:59201
A0A3T8NEB1	unreviewed	nitrate reductase (quinone)	taxID:59201
A0A3U0D1K3	unreviewed	nitrate reductase (quinone)	taxID:59201
A0A3U1MV89	unreviewed	nitrate reductase (quinone)	taxID:59201
A0A3U1R1T1	unreviewed	nitrate reductase (quinone)	taxID:59201
A0A3U1TNU2	unreviewed	nitrate reductase (quinone)	taxID:59201
A0A3U2S0P5	unreviewed	nitrate reductase (quinone)	taxID:59201
A0A3U2S6E2	unreviewed	nitrate reductase (quinone)	taxID:59201
A0A3U2TNG7	unreviewed	nitrate reductase (quinone)	taxID:59201
A0A3U2TNQ3	unreviewed	nitrate reductase (quinone)	taxID:59201
A0A3U2YVG2	unreviewed	nitrate reductase (quinone)	taxID:59201
A0A3U2ZT69	unreviewed	nitrate reductase (quinone)	taxID:108619
A0A3U3AHB5	unreviewed	nitrate reductase (quinone)	taxID:59201
A0A3U3EJP4	unreviewed	nitrate reductase (quinone)	taxID:192953
A0A3U3J8X6	unreviewed	nitrate reductase (quinone)	taxID:59201
A0A3U4EKQ1	unreviewed	nitrate reductase (quinone)	taxID:59201
A0A3U4GVE1	unreviewed	nitrate reductase (quinone)	taxID:58096
A0A3U4PF52	unreviewed	nitrate reductase (quinone)	taxID:59201
A0A3U5MPJ0	unreviewed	nitrate reductase (quinone)	taxID:149539
A0A3U5W8B2	unreviewed	nitrate reductase (quinone)	taxID:621
A0A3U5YL32	unreviewed	nitrate reductase (quinone)	taxID:59201
A0A3U6BQT7	unreviewed	nitrate reductase (quinone)	taxID:59201
A0A3U6LCV0	unreviewed	nitrate reductase (quinone)	taxID:59201
A0A3U6NMN4	unreviewed	nitrate reductase (quinone)	taxID:58096
A0A3U6X125	unreviewed	nitrate reductase (quinone)	taxID:59201
A0A3U6ZBV2	unreviewed	nitrate reductase (quinone)	taxID:59204
A0A3U7DDU3	unreviewed	nitrate reductase (quinone)	taxID:59201
A0A3U7E4E4	unreviewed	nitrate reductase (quinone)	taxID:149539
A0A3U7JRG7	unreviewed	nitrate reductase (quinone)	taxID:59201
A0A3U7XSG8	unreviewed	nitrate reductase (quinone)	taxID:596
A0A3U8AT13	unreviewed	nitrate reductase (quinone)	taxID:59201
A0A3U8ITA4	unreviewed	nitrate reductase (quinone)	taxID:90105
A0A3U8ITV3	unreviewed	nitrate reductase (quinone)	taxID:90105
A0A3U8JFJ1	unreviewed	nitrate reductase (quinone)	taxID:115981
A0A3U8PCZ2	unreviewed	nitrate reductase (quinone)	taxID:28142
A0A3U8PEH6	unreviewed	nitrate reductase (quinone)	taxID:28142
A0A3U9N3Q5	unreviewed	nitrate reductase (quinone)	taxID:59201
A0A3U9UZ41	unreviewed	nitrate reductase (quinone)	taxID:59201
A0A3U9Z3Y5	unreviewed	nitrate reductase (quinone)	taxID:59201
A0A3V0IL27	unreviewed	nitrate reductase (quinone)	taxID:59201
A0A3V0JT57	unreviewed	nitrate reductase (quinone)	taxID:595
A0A3V0NLS9	unreviewed	nitrate reductase (quinone)	taxID:59201
A0A3V1B167	unreviewed	nitrate reductase (quinone)	taxID:59201
A0A3V1CZT5	unreviewed	nitrate reductase (quinone)	taxID:192955
A0A3V1IXL0	unreviewed	nitrate reductase (quinone)	taxID:59201
A0A3V1NIR2	unreviewed	nitrate reductase (quinone)	taxID:59201
A0A3V2E8A4	unreviewed	nitrate reductase (quinone)	taxID:58712
A0A3V2FT43	unreviewed	nitrate reductase (quinone)	taxID:149391
A0A3V2FTJ4	unreviewed	nitrate reductase (quinone)	taxID:149391
A0A3V2HW17	unreviewed	nitrate reductase (quinone)	taxID:28150
A0A3V2LCR8	unreviewed	nitrate reductase (quinone)	taxID:28150
A0A3V2NXX1	unreviewed	nitrate reductase (quinone)	taxID:59201
A0A3V2REW6	unreviewed	nitrate reductase (quinone)	taxID:59201
A0A3V2YD33	unreviewed	nitrate reductase (quinone)	taxID:108619
A0A3V3CB80	unreviewed	nitrate reductase (quinone)	taxID:179997
A0A3V3CEB7	unreviewed	nitrate reductase (quinone)	taxID:179997
A0A3V3HCI8	unreviewed	nitrate reductase (quinone)	taxID:115981
A0A3V3RZA4	unreviewed	nitrate reductase (quinone)	taxID:59201
A0A3V3S2V7	unreviewed	nitrate reductase (quinone)	taxID:59201
A0A3V3TVH1	unreviewed	nitrate reductase (quinone)	taxID:179997
A0A3V3TW54	unreviewed	nitrate reductase (quinone)	taxID:179997
A0A3V4BC93	unreviewed	nitrate reductase (quinone)	taxID:48409
A0A3V4LA07	unreviewed	nitrate reductase (quinone)	taxID:59201
A0A3V4PC72	unreviewed	nitrate reductase (quinone)	taxID:98360
A0A3V4PCP3	unreviewed	nitrate reductase (quinone)	taxID:98360
A0A3V4Q759	unreviewed	nitrate reductase (quinone)	taxID:600
A0A3V4QB69	unreviewed	nitrate reductase (quinone)	taxID:600
A0A3V4SGR4	unreviewed	nitrate reductase (quinone)	taxID:1151173
A0A3V4SPN8	unreviewed	nitrate reductase (quinone)	taxID:1151173
A0A3V4YTT2	unreviewed	nitrate reductase (quinone)	taxID:340188
A0A3V5H6X2	unreviewed	nitrate reductase (quinone)	taxID:149539
A0A3V5UK59	unreviewed	nitrate reductase (quinone)	taxID:486993
A0A3V5UNY7	unreviewed	nitrate reductase (quinone)	taxID:486993
A0A3V5VSR9	unreviewed	nitrate reductase (quinone)	taxID:117541
A0A3V5VY77	unreviewed	nitrate reductase (quinone)	taxID:117541
A0A3V5Z4X2	unreviewed	nitrate reductase (quinone)	taxID:192956
A0A3V7I966	unreviewed	nitrate reductase (quinone)	taxID:57743
A0A3V7IFM9	unreviewed	nitrate reductase (quinone)	taxID:57743
A0A3V7IK97	unreviewed	nitrate reductase (quinone)	taxID:598
A0A3V7IXB2	unreviewed	nitrate reductase (quinone)	taxID:598
A0A3V7KIQ1	unreviewed	nitrate reductase (quinone)	taxID:570935
A0A3V7KJ73	unreviewed	nitrate reductase (quinone)	taxID:570935
A0A3V7PA57	unreviewed	nitrate reductase (quinone)	taxID:363569
A0A3V7PA95	unreviewed	nitrate reductase (quinone)	taxID:363569
A0A3V8FNG5	unreviewed	nitrate reductase (quinone)	taxID:108619
A0A3V8I078	unreviewed	nitrate reductase (quinone)	taxID:28901
A0A3V8KSA2	unreviewed	nitrate reductase (quinone)	taxID:28147
A0A3V8VJ63	unreviewed	nitrate reductase (quinone)	taxID:399581
A0A3V8VTD3	unreviewed	nitrate reductase (quinone)	taxID:399581
A0A3V8XFG2	unreviewed	nitrate reductase (quinone)	taxID:115981
A0A3V8Z2M2	unreviewed	nitrate reductase (quinone)	taxID:28147
A0A3V9FF51	unreviewed	nitrate reductase (quinone)	taxID:28150
A0A3V9NUA7	unreviewed	nitrate reductase (quinone)	taxID:594
A0A3V9PLZ0	unreviewed	nitrate reductase (quinone)	taxID:134047
A0A3V9PNL0	unreviewed	nitrate reductase (quinone)	taxID:134047
A0A3V9S0D4	unreviewed	nitrate reductase (quinone)	taxID:192955
A0A3V9S6B7	unreviewed	nitrate reductase (quinone)	taxID:192955
A0A3V9WVW8	unreviewed	nitrate reductase (quinone)	taxID:108619
A0A3V9X4K2	unreviewed	nitrate reductase (quinone)	taxID:108619
A0A3W0F8Y7	unreviewed	nitrate reductase (quinone)	taxID:486998
A0A3W0FFQ3	unreviewed	nitrate reductase (quinone)	taxID:486998
A0A3W0KMI1	unreviewed	nitrate reductase (quinone)	taxID:59201
A0A3W1F0K0	unreviewed	nitrate reductase (quinone)	taxID:28150
A0A3W8MD48	unreviewed	nitrate reductase (quinone)	taxID:28901
A0A3X9ZTI7	unreviewed	nitrate reductase (quinone)	taxID:108619
A0A3Y0CYT2	unreviewed	nitrate reductase (quinone)	taxID:224729
A0A3Y0D4C4	unreviewed	nitrate reductase (quinone)	taxID:224729
A0A3Y0E2K6	unreviewed	nitrate reductase (quinone)	taxID:115981
A0A3Y0P1M7	unreviewed	nitrate reductase (quinone)	taxID:59201
A0A3Y1DE31	unreviewed	nitrate reductase (quinone)	taxID:59201
A0A3Y1DQG3	unreviewed	nitrate reductase (quinone)	taxID:59201
A0A3Y1UEA2	unreviewed	nitrate reductase (quinone)	taxID:59201
A0A3Y1W500	unreviewed	nitrate reductase (quinone)	taxID:59201
A0A3Y2DAJ0	unreviewed	nitrate reductase (quinone)	taxID:108619
A0A3Y2NCL0	unreviewed	nitrate reductase (quinone)	taxID:59201
A0A3Y2QKC9	unreviewed	nitrate reductase (quinone)	taxID:59201
A0A3Y4JXQ1	unreviewed	nitrate reductase (quinone)	taxID:58096
A0A3Y4T6P8	unreviewed	nitrate reductase (quinone)	taxID:59201
A0A3Y5FAQ0	unreviewed	nitrate reductase (quinone)	taxID:59201
A0A3Y5LGD1	unreviewed	nitrate reductase (quinone)	taxID:59201
A0A3Y5N290	unreviewed	nitrate reductase (quinone)	taxID:59201
A0A3Y5QAJ7	unreviewed	nitrate reductase (quinone)	taxID:59201
A0A3Y5ZB81	unreviewed	nitrate reductase (quinone)	taxID:28150
A0A3Y5ZQE4	unreviewed	nitrate reductase (quinone)	taxID:59201
A0A3Y6NP27	unreviewed	nitrate reductase (quinone)	taxID:59201
A0A3Y6PKJ8	unreviewed	nitrate reductase (quinone)	taxID:59201
A0A3Y6QF56	unreviewed	nitrate reductase (quinone)	taxID:192953
A0A3Y7QTI8	unreviewed	nitrate reductase (quinone)	taxID:28144
A0A3Y8PA58	unreviewed	nitrate reductase (quinone)	taxID:48409
A0A3Y9D076	unreviewed	nitrate reductase (quinone)	taxID:59201
A0A3Y9J7Y4	unreviewed	nitrate reductase (quinone)	taxID:59201
A0A3Y9SMT0	unreviewed	nitrate reductase (quinone)	taxID:59201
A0A3Z0BH99	unreviewed	nitrate reductase (quinone)	taxID:59201
A0A3Z0CDG7	unreviewed	nitrate reductase (quinone)	taxID:192956
A0A3Z1H1L1	unreviewed	nitrate reductase (quinone)	taxID:59201
A0A3Z1WWN1	unreviewed	nitrate reductase (quinone)	taxID:59201
A0A3Z2LJ40	unreviewed	nitrate reductase (quinone)	taxID:108619
A0A3Z2MT36	unreviewed	nitrate reductase (quinone)	taxID:59201
A0A3Z2MXK6	unreviewed	nitrate reductase (quinone)	taxID:59201
A0A3Z2XQW7	unreviewed	nitrate reductase (quinone)	taxID:59201
A0A3Z3HV38	unreviewed	nitrate reductase (quinone)	taxID:596
A0A3Z5CLF2	unreviewed	nitrate reductase (quinone)	taxID:59201
A0A3Z5ZD58	unreviewed	nitrate reductase (quinone)	taxID:224729
A0A3Z6DCE9	unreviewed	nitrate reductase (quinone)	taxID:59201
A0A3Z6QJR7	unreviewed	nitrate reductase (quinone)	taxID:224729
A0A3Z6QSR7	unreviewed	nitrate reductase (quinone)	taxID:224729
A0A3Z6QVC5	unreviewed	nitrate reductase (quinone)	taxID:59201
A0A3Z7CKM9	unreviewed	nitrate reductase (quinone)	taxID:59201
A0A3Z7I5L9	unreviewed	nitrate reductase (quinone)	taxID:59201
A0A3Z7J9L1	unreviewed	nitrate reductase (quinone)	taxID:90371
A0A3Z7V8Y0	unreviewed	nitrate reductase (quinone)	taxID:149385
A0A3Z8DZL9	unreviewed	nitrate reductase (quinone)	taxID:59201
A0A400P5P0	unreviewed	nitrate reductase (quinone)	taxID:562
A0A401H9P9	unreviewed	nitrate reductase (quinone)	taxID:56636
A0A401JBQ2	unreviewed	nitrate reductase (quinone)	taxID:1559896
A0A401QQB9	unreviewed	nitrate reductase (quinone)	taxID:1971
A0A401UY84	unreviewed	nitrate reductase (quinone)	taxID:2071633
A0A401WFG2	unreviewed	nitrate reductase (quinone)	taxID:92743
A0A401WFI5	unreviewed	Nitrate reductase alpha subunit	taxID:92743
A0A401WFQ0	unreviewed	Nitrate reductase alpha subunit	taxID:92743
A0A401YLZ8	unreviewed	Nitrate reductase alpha subunit	taxID:516124
A0A402DLH8	unreviewed	nitrate reductase (quinone)	taxID:1709
A0A402DNL8	unreviewed	nitrate reductase (quinone)	taxID:1709
A0A402X8Y5	unreviewed	nitrate reductase (quinone)	taxID:28901
A0A402XII7	unreviewed	nitrate reductase (quinone)	taxID:28901
A0A403FH07	unreviewed	nitrate reductase (quinone)	taxID:149539
A0A403JYI2	unreviewed	nitrate reductase (quinone)	taxID:28901
A0A403T0A3	unreviewed	nitrate reductase (quinone)	taxID:28901
A0A410K070	unreviewed	nitrate reductase (quinone)	taxID:139438
A0A410W9G7	unreviewed	nitrate reductase (quinone)	taxID:1471400
A0A411ABD2	unreviewed	nitrate reductase (quinone)	taxID:492670
A0A411MI32	unreviewed	nitrate reductase (quinone)	taxID:2518644
A0A411WN69	unreviewed	nitrate reductase (quinone)	taxID:2498113
A0A411WXS0	unreviewed	nitrate reductase (quinone)	taxID:321983
A0A414NW51	unreviewed	4Fe-4S Mo/W bis-MGD-type domain-containing protein	taxID:52226
A0A415JFE2	unreviewed	nitrate reductase (quinone)	taxID:1402
A0A415RAK3	unreviewed	nitrate reductase (quinone)	taxID:2292047
A0A417YCZ0	unreviewed	nitrate reductase (quinone)	taxID:372463
A0A418IDD8	unreviewed	nitrate reductase (quinone)	taxID:2912228
A0A418IQB5	unreviewed	nitrate reductase (quinone)	taxID:1288
A0A418KLM6	unreviewed	nitrate reductase (quinone)	taxID:2293569
A0A418UUE3	unreviewed	nitrate reductase (quinone)	taxID:2321393
A0A418X933	unreviewed	nitrate reductase (quinone)	taxID:2320866
A0A418Z5H7	unreviewed	nitrate reductase (quinone)	taxID:192954
A0A418Z8W6	unreviewed	nitrate reductase (quinone)	taxID:192954
A0A419ABP6	unreviewed	4Fe-4S Mo/W bis-MGD-type domain-containing protein	taxID:1276757
A0A419AUH6	unreviewed	nitrate reductase (quinone)	taxID:554
A0A419E4U5	unreviewed	nitrate reductase (quinone)	taxID:2024896
A0A419EAZ4	unreviewed	Nitrate reductase subunit alpha	taxID:2024896
A0A419IL51	unreviewed	nitrate reductase (quinone)	taxID:340190
A0A419ILD0	unreviewed	nitrate reductase (quinone)	taxID:340190
A0A419N5G2	unreviewed	nitrate reductase (quinone)	taxID:1510574
A0A420KG61	unreviewed	nitrate reductase (quinone)	taxID:179636
A0A420WN31	unreviewed	nitrate reductase (quinone)	taxID:526216
A0A420WSE3	unreviewed	nitrate reductase (quinone)	taxID:595502
A0A421BKA2	unreviewed	nitrate reductase (quinone)	taxID:2294033
A0A422Z5I6	unreviewed	nitrate reductase (quinone)	taxID:573
A0A422ZDQ2	unreviewed	nitrate reductase (quinone)	taxID:573
A0A422ZS76	unreviewed	nitrate reductase (quinone)	taxID:573
A0A423DQW2	unreviewed	nitrate reductase (quinone)	taxID:321661
A0A423GI10	unreviewed	nitrate reductase (quinone)	taxID:930166
A0A423I191	unreviewed	nitrate reductase (quinone)	taxID:104087
A0A423IE38	unreviewed	nitrate reductase (quinone)	taxID:163011
A0A423JDZ0	unreviewed	nitrate reductase (quinone)	taxID:104087
A0A423JJX5	unreviewed	nitrate reductase (quinone)	taxID:930166
A0A423XUE3	unreviewed	nitrate reductase (quinone)	taxID:413503
A0A424WHL8	unreviewed	nitrate reductase (quinone)	taxID:85698
A0A426SMM9	unreviewed	nitrate reductase (quinone)	taxID:173362
A0A426UN49	unreviewed	Nitrate reductase alpha subunit	taxID:2490848
A0A426WSY5	unreviewed	nitrate reductase (quinone)	taxID:224729
A0A427HPX0	unreviewed	nitrate reductase (quinone)	taxID:587
A0A427KGB7	unreviewed	nitrate reductase (quinone)	taxID:550
A0A427KX07	unreviewed	nitrate reductase (quinone)	taxID:2555782
A0A427WLK5	unreviewed	nitrate reductase (quinone)	taxID:32002
A0A428LZ22	unreviewed	nitrate reductase (quinone)	taxID:2494702
A0A428WJS0	unreviewed	Nitrate reductase alpha subunit	taxID:2203201
A0A428WRJ1	unreviewed	Nitrate reductase alpha subunit	taxID:2203201
A0A428YKF2	unreviewed	Nitrate reductase alpha subunit	taxID:1288362
A0A428ZAN9	unreviewed	Nitrate reductase alpha subunit	taxID:2030
A0A428ZDB9	unreviewed	nitrate reductase (quinone)	taxID:2030
A0A428ZKY8	unreviewed	Nitrate reductase alpha subunit	taxID:2030
A0A429A2S3	unreviewed	Nitrate reductase alpha subunit	taxID:2203200
A0A429AW74	unreviewed	Nitrate reductase alpha subunit	taxID:2203202
A0A429AZA7	unreviewed	nitrate reductase (quinone)	taxID:2203200
A0A429B7V8	unreviewed	nitrate reductase (quinone)	taxID:2203200
A0A429BFP7	unreviewed	Nitrate reductase alpha subunit	taxID:2203202
A0A429FK10	unreviewed	Nitrate reductase alpha subunit	taxID:2203206
A0A429GAW1	unreviewed	Nitrate reductase alpha subunit	taxID:2203193
A0A429ICN0	unreviewed	Nitrate reductase alpha subunit	taxID:2203211
A0A429ICS8	unreviewed	Nitrate reductase alpha subunit	taxID:2203211
A0A429JNM1	unreviewed	Nitrate reductase alpha subunit	taxID:2203209
A0A429JP06	unreviewed	Nitrate reductase alpha subunit	taxID:2203209
A0A430DMC7	unreviewed	nitrate reductase (quinone)	taxID:1985880
A0A430HT59	unreviewed	nitrate reductase (quinone)	taxID:2495579
A0A430I226	unreviewed	nitrate reductase (quinone)	taxID:1859290
A0A430JU20	unreviewed	nitrate reductase (quinone)	taxID:2490946
A0A430QVL7	unreviewed	nitrate reductase (quinone)	taxID:37636
A0A430QW13	unreviewed	nitrate reductase (quinone)	taxID:37636
A0A430QYH2	unreviewed	nitrate reductase (quinone)	taxID:37636
A0A430RIA5	unreviewed	nitrate reductase (quinone)	taxID:37636
A0A430RSY4	unreviewed	nitrate reductase (quinone)	taxID:37636
A0A430S557	unreviewed	nitrate reductase (quinone)	taxID:37636
A0A430SAR5	unreviewed	nitrate reductase (quinone)	taxID:37636
A0A430UE93	unreviewed	nitrate reductase (quinone)	taxID:37636
A0A430UKW0	unreviewed	nitrate reductase (quinone)	taxID:37636
A0A430US13	unreviewed	nitrate reductase (quinone)	taxID:37636
A0A430VBM0	unreviewed	nitrate reductase (quinone)	taxID:37636
A0A431LRS3	unreviewed	nitrate reductase (quinone)	taxID:1891238
A0A431Q4G7	unreviewed	nitrate reductase (quinone)	taxID:1909294
A0A431SEN1	unreviewed	nitrate reductase (quinone)	taxID:158836
A0A431WRZ8	unreviewed	nitrate reductase (quinone)	taxID:271096
A0A432LAV4	unreviewed	nitrate reductase (quinone)	taxID:2498145
A0A432RDI6	unreviewed	nitrate reductase (quinone)	taxID:2231113
A0A432RJ81	unreviewed	nitrate reductase (quinone)	taxID:39769
A0A432T2Q2	unreviewed	Nitrate reductase subunit alpha	taxID:1969726
A0A432UYD0	unreviewed	4Fe-4S Mo/W bis-MGD-type domain-containing protein	taxID:1032
A0A432VVX5	unreviewed	nitrate reductase (quinone)	taxID:859059
A0A432WRI2	unreviewed	nitrate reductase (quinone)	taxID:1249555
A0A432X7A7	unreviewed	nitrate reductase (quinone)	taxID:946228
A0A432XCB0	unreviewed	nitrate reductase (quinone)	taxID:641841
A0A432XT12	unreviewed	nitrate reductase (quinone)	taxID:1449799
A0A432XXK2	unreviewed	nitrate reductase (quinone)	taxID:364198
A0A432ZFI4	unreviewed	nitrate reductase (quinone)	taxID:281739
A0A433EAI8	unreviewed	nitrate reductase (quinone)	taxID:2419514
A0A433EFJ6	unreviewed	nitrate reductase (quinone)	taxID:2419515
A0A433F5C2	unreviewed	nitrate reductase (quinone)	taxID:2419513
A0A433SBJ9	unreviewed	nitrate reductase (quinone)	taxID:1965230
A0A433ZRU5	unreviewed	nitrate reductase (quinone)	taxID:582
A0A434AV88	unreviewed	nitrate reductase (quinone)	taxID:2487017
A0A434FHC8	unreviewed	nitrate reductase (quinone)	taxID:2496788
A0A434G0Y3	unreviewed	nitrate reductase (quinone)	taxID:2496787
A0A434GDJ8	unreviewed	nitrate reductase (quinone)	taxID:2496787
A0A437SS19	unreviewed	nitrate reductase (quinone)	taxID:1428
A0A437SVL5	unreviewed	nitrate reductase (quinone)	taxID:2495899
A0A438MFW2	unreviewed	nitrate reductase (quinone)	taxID:46176
A0A439DL90	unreviewed	Nitrate reductase alpha subunit	taxID:1335622
A0A442GE45	unreviewed	nitrate reductase (quinone)	taxID:1871066
A0A442H5Z8	unreviewed	nitrate reductase (quinone)	taxID:1871066
A0A442I3N3	unreviewed	nitrate reductase (quinone)	taxID:1871066
A0A442IZU0	unreviewed	nitrate reductase (quinone)	taxID:1871066
A0A443IC61	unreviewed	nitrate reductase (quinone)	taxID:1324864
A0A443VJS4	unreviewed	nitrate reductase (quinone)	taxID:575
A0A443VN25	unreviewed	nitrate reductase (quinone)	taxID:575
A0A444L114	unreviewed	nitrate reductase (quinone)	taxID:2496662
A0A446AUU8	unreviewed	nitrate reductase (quinone)	taxID:2078785
A0A446C3J0	unreviewed	nitrate reductase (quinone)	taxID:2069367
A0A446CI98	unreviewed	nitrate reductase (quinone)	taxID:2069367
A0A446CIK1	unreviewed	nitrate reductase (quinone)	taxID:1353888
A0A446CP24	unreviewed	nitrate reductase (quinone)	taxID:1353888
A0A447JI74	unreviewed	Respiratory nitrate reductase 2 subunit alpha	taxID:1962639
A0A447JJ72	unreviewed	nitrate reductase (quinone)	taxID:1962639
A0A447L0P1	unreviewed	nitrate reductase (quinone)	taxID:618
A0A447N9B1	unreviewed	Respiratory nitrate reductase 1 subunit alpha	taxID:59201
A0A447NSM3	unreviewed	nitrate reductase (quinone)	taxID:1160765
A0A447PAR8	unreviewed	Respiratory nitrate reductase 1 subunit alpha	taxID:59201
A0A447QCM8	unreviewed	nitrate reductase (quinone)	taxID:61652
A0A447QJY9	unreviewed	4Fe-4S Mo/W bis-MGD-type domain-containing protein	taxID:61652
A0A447TEI4	unreviewed	4Fe-4S Mo/W bis-MGD-type domain-containing protein	taxID:536
A0A447UF10	unreviewed	4Fe-4S Mo/W bis-MGD-type domain-containing protein	taxID:545
A0A447V1U2	unreviewed	nitrate reductase (quinone)	taxID:158823
A0A447XYK6	unreviewed	Respiratory nitrate reductase 1 subunit alpha	taxID:562
A0A448KFW6	unreviewed	4Fe-4S Mo/W bis-MGD-type domain-containing protein	taxID:52774
A0A448MWG3	unreviewed	nitrate reductase (quinone)	taxID:1750
A0A448SWE8	unreviewed	nitrate reductase (quinone)	taxID:47917
A0A448TV26	unreviewed	nitrate reductase (quinone)	taxID:51161
A0A449H2D2	unreviewed	nitrate reductase (quinone)	taxID:37329
A0A454A3H9	unreviewed	nitrate reductase (quinone)	taxID:362663
A0A454A414	unreviewed	nitrate reductase (quinone)	taxID:362663
A0A454JKX3	unreviewed	nitrate reductase (quinone)	taxID:2480983
A0A454TLZ2	unreviewed	nitrate reductase (quinone)	taxID:1310165
A0A454W5L1	unreviewed	Nitrate reductase alpha subunit	taxID:2487417
A0A455W1Y2	unreviewed	nitrate reductase (quinone)	taxID:61645
A0A455WF18	unreviewed	nitrate reductase (quinone)	taxID:2743
A0A480B0I0	unreviewed	nitrate reductase (quinone)	taxID:2315236
A0A480BB93	unreviewed	nitrate reductase (quinone)	taxID:1110546
A0A482IN51	unreviewed	nitrate reductase (quinone)	taxID:119219
A0A482PHD1	unreviewed	nitrate reductase (quinone)	taxID:67825
A0A482PKX7	unreviewed	nitrate reductase (quinone)	taxID:67825
A0A482UGA7	unreviewed	nitrate reductase (quinone)	taxID:1176259
A0A482YYC2	unreviewed	nitrate reductase (quinone)	taxID:1181670
A0A483A9F0	unreviewed	nitrate reductase (quinone)	taxID:655186
A0A483AQH1	unreviewed	nitrate reductase (quinone)	taxID:343240
A0A483ENX9	unreviewed	nitrate reductase (quinone)	taxID:573
A0A483FMS1	unreviewed	nitrate reductase (quinone)	taxID:573
A0A483FVH6	unreviewed	nitrate reductase (quinone)	taxID:573
A0A483GV05	unreviewed	nitrate reductase (quinone)	taxID:573
A0A483H0P6	unreviewed	nitrate reductase (quinone)	taxID:573
A0A483I9V9	unreviewed	nitrate reductase (quinone)	taxID:573
A0A483IT84	unreviewed	nitrate reductase (quinone)	taxID:573
A0A483JE70	unreviewed	nitrate reductase (quinone)	taxID:573
A0A483JZN2	unreviewed	nitrate reductase (quinone)	taxID:573
A0A483KQH3	unreviewed	nitrate reductase (quinone)	taxID:1463165
A0A483LGH2	unreviewed	nitrate reductase (quinone)	taxID:573
A0A483LQB8	unreviewed	nitrate reductase (quinone)	taxID:573
A0A483LRM6	unreviewed	nitrate reductase (quinone)	taxID:573
A0A483MFR2	unreviewed	nitrate reductase (quinone)	taxID:573
A0A483P0U1	unreviewed	nitrate reductase (quinone)	taxID:573
A0A483P1V0	unreviewed	nitrate reductase (quinone)	taxID:573
A0A483RYG4	unreviewed	nitrate reductase (quinone)	taxID:573
A0A484P571	unreviewed	4Fe-4S Mo/W bis-MGD-type domain-containing protein	taxID:1297885
A0A484PS65	unreviewed	4Fe-4S Mo/W bis-MGD-type domain-containing protein	taxID:1297885
A0A484S922	unreviewed	4Fe-4S Mo/W bis-MGD-type domain-containing protein	taxID:1297885
A0A484SJR2	unreviewed	4Fe-4S Mo/W bis-MGD-type domain-containing protein	taxID:1297885
A0A484UB26	unreviewed	4Fe-4S Mo/W bis-MGD-type domain-containing protein	taxID:1297885
A0A484UKW0	unreviewed	4Fe-4S Mo/W bis-MGD-type domain-containing protein	taxID:1297885
A0A484UTP6	unreviewed	4Fe-4S Mo/W bis-MGD-type domain-containing protein	taxID:1297885
A0A484Y0I6	unreviewed	4Fe-4S Mo/W bis-MGD-type domain-containing protein	taxID:1297885
A0A484Z9Q3	unreviewed	Molybdopterin oxidoreductase domain-containing protein	taxID:69218
A0A485BJ65	unreviewed	nitrate reductase (quinone)	taxID:577
A0A485BQZ4	unreviewed	nitrate reductase (quinone)	taxID:580
A0A485BUF2	unreviewed	nitrate reductase (quinone)	taxID:577
A0A485CSQ9	unreviewed	Respiratory nitrate reductase 2 alpha chain	taxID:580
A0A485JFF6	unreviewed	nitrate reductase (quinone)	taxID:562
A0A485JFT4	unreviewed	Molybdopterin oxidoreductase domain-containing protein	taxID:562
A0A485QHK7	unreviewed	nitrate reductase (quinone)	taxID:573
A0A485U6K2	unreviewed	nitrate reductase (quinone)	taxID:573
A0A486BBI1	unreviewed	nitrate reductase (quinone)	taxID:573
A0A486MY18	unreviewed	nitrate reductase (quinone)	taxID:573
A0A486N0G4	unreviewed	nitrate reductase (quinone)	taxID:573
A0A486N3K8	unreviewed	nitrate reductase (quinone)	taxID:573
A0A486NP57	unreviewed	nitrate reductase (quinone)	taxID:573
A0A486NWL0	unreviewed	nitrate reductase (quinone)	taxID:573
A0A486PXE3	unreviewed	nitrate reductase (quinone)	taxID:573
A0A486QSC5	unreviewed	nitrate reductase (quinone)	taxID:573
A0A486R2M2	unreviewed	nitrate reductase (quinone)	taxID:573
A0A486RRS5	unreviewed	nitrate reductase (quinone)	taxID:573
A0A486S2J4	unreviewed	nitrate reductase (quinone)	taxID:573
A0A486SIQ4	unreviewed	nitrate reductase (quinone)	taxID:573
A0A486T4U9	unreviewed	nitrate reductase (quinone)	taxID:573
A0A486TNB2	unreviewed	nitrate reductase (quinone)	taxID:573
A0A486U2Z2	unreviewed	nitrate reductase (quinone)	taxID:573
A0A486X5Q8	unreviewed	nitrate reductase (quinone)	taxID:192953
A0A494IQC5	unreviewed	nitrate reductase (quinone)	taxID:59201
A0A494V3Z2	unreviewed	Nitrate reductase alpha subunit	taxID:68203
A0A494V9M5	unreviewed	Nitrate reductase alpha subunit	taxID:68203
A0A494XED9	unreviewed	nitrate reductase (quinone)	taxID:2419777
A0A494Z4Z9	unreviewed	nitrate reductase (quinone)	taxID:1435466
A0A494Z525	unreviewed	nitrate reductase (quinone)	taxID:1435466
A0A494ZXF5	unreviewed	nitrate reductase (quinone)	taxID:930130
A0A494ZZT6	unreviewed	nitrate reductase (quinone)	taxID:930130
A0A495BJP3	unreviewed	nitrate reductase (quinone)	taxID:45465
A0A495ET97	unreviewed	nitrate reductase (quinone)	taxID:409290
A0A495FGE8	unreviewed	nitrate reductase (quinone)	taxID:2135632
A0A495I3X2	unreviewed	nitrate reductase (quinone)	taxID:2135633
A0A495K5X2	unreviewed	nitrate reductase (quinone)	taxID:85044
A0A495L1W5	unreviewed	nitrate reductase (quinone)	taxID:2183912
A0A495P2E6	unreviewed	nitrate reductase (quinone)	taxID:82367
A0A495QXX7	unreviewed	Nitrate reductase alpha subunit	taxID:1120940
A0A495RL23	unreviewed	nitrate reductase (quinone)	taxID:593135
A0A495VAG5	unreviewed	nitrate reductase (quinone)	taxID:69360
A0A495VX40	unreviewed	nitrate reductase (quinone)	taxID:2072
A0A495XKI3	unreviewed	Nitrate reductase alpha subunit	taxID:543527
A0A496MWJ9	unreviewed	nitrate reductase (quinone)	taxID:1720
A0A496NC28	unreviewed	nitrate reductase (quinone)	taxID:479
A0A496PB88	unreviewed	nitrate reductase (quinone)	taxID:1926307
A0A496UVB5	unreviewed	nitrate reductase (quinone)	taxID:1869227
A0A496V9L1	unreviewed	4Fe-4S Mo/W bis-MGD-type domain-containing protein	taxID:1913989
A0A496VPV5	unreviewed	4Fe-4S Mo/W bis-MGD-type domain-containing protein	taxID:1913989
A0A496W7N2	unreviewed	4Fe-4S Mo/W bis-MGD-type domain-containing protein	taxID:1913989
A0A496XUC0	unreviewed	nitrate reductase (quinone)	taxID:2026809
A0A497CG35	unreviewed	nitrate reductase (quinone)	taxID:1898104
A0A497V4J5	unreviewed	nitrate reductase (quinone)	taxID:2135637
A0A498C8X7	unreviewed	nitrate reductase (quinone)	taxID:85925
A0A498PU80	unreviewed	Nitrate reductase alpha subunit	taxID:2341086
A0A498QA00	unreviewed	Nitrate reductase alpha subunit	taxID:2341083
A0A498QAD6	unreviewed	Nitrate reductase alpha subunit	taxID:2341086
A0A498QC97	unreviewed	Nitrate reductase alpha subunit	taxID:2341083
A0A498QNV3	unreviewed	Nitrate reductase alpha subunit	taxID:2341080
A0A498QSY6	unreviewed	Nitrate reductase alpha subunit	taxID:2341080
A0A498QUG5	unreviewed	Nitrate reductase alpha subunit	taxID:2341080
A0A4C7BGB1	unreviewed	nitrate reductase (quinone)	taxID:562
A0A4D4JCP5	unreviewed	Nitrate reductase alpha subunit	taxID:1931992
A0A4D4JW14	unreviewed	nitrate reductase (quinone)	taxID:1943571
A0A4D4KZB3	unreviewed	nitrate reductase (quinone)	taxID:68280
A0A4D6FTA5	unreviewed	nitrate reductase (quinone)	taxID:77133
A0A4D6P6U2	unreviewed	nitrate reductase (quinone)	taxID:1173427
A0A4D6PBS3	unreviewed	nitrate reductase (quinone)	taxID:1173427
A0A4D7QC86	unreviewed	nitrate reductase (quinone)	taxID:2570229
A0A4E0RTE2	unreviewed	4Fe-4S Mo/W bis-MGD-type domain-containing protein	taxID:1003181
A0A4P0Y5M1	unreviewed	4Fe-4S Mo/W bis-MGD-type domain-containing protein	taxID:573
A0A4P1K4E1	unreviewed	nitrate reductase (quinone)	taxID:1325724
A0A4P5EZE1	unreviewed	nitrate reductase (quinone)	taxID:28144
A0A4P6ERL6	unreviewed	nitrate reductase (quinone)	taxID:2509458
A0A4P6MNB7	unreviewed	Nitrate reductase alpha subunit	taxID:53458
A0A4P6TLR1	unreviewed	nitrate reductase (quinone)	taxID:1590041
A0A4P6VR05	unreviewed	nitrate reductase (quinone)	taxID:2545632
A0A4P6WP83	unreviewed	nitrate reductase (quinone)	taxID:2546350
A0A4P6WR41	unreviewed	nitrate reductase (quinone)	taxID:2546350
A0A4P6WWH9	unreviewed	nitrate reductase (quinone)	taxID:47421
A0A4P6ZZU4	unreviewed	nitrate reductase (quinone)	taxID:417367
A0A4P7GYL4	unreviewed	Nitrate reductase alpha subunit	taxID:1047172
A0A4P7IFK7	unreviewed	nitrate reductase (quinone)	taxID:2518371
A0A4P7PG66	unreviewed	nitrate reductase (quinone)	taxID:2505979
A0A4P7RFR1	unreviewed	nitrate reductase (quinone)	taxID:2565558
A0A4P7RIP5	unreviewed	Nitrate reductase alpha subunit	taxID:2565561
A0A4P7SNY9	unreviewed	nitrate reductase (quinone)	taxID:2565366
A0A4P7TMJ9	unreviewed	nitrate reductase (quinone)	taxID:1086030
A0A4P7TQ25	unreviewed	nitrate reductase (quinone)	taxID:1086030
A0A4P8C1D3	unreviewed	nitrate reductase (quinone)	taxID:991919
A0A4P8C4U0	unreviewed	nitrate reductase (quinone)	taxID:991919
A0A4P8IWJ4	unreviewed	nitrate reductase (quinone)	taxID:2571746
A0A4P8Q3I7	unreviewed	Nitrate reductase alpha subunit	taxID:2567884
A0A4P8YKV2	unreviewed	nitrate reductase (quinone)	taxID:2579935
A0A4P8YLE7	unreviewed	nitrate reductase (quinone)	taxID:2579935
A0A4P9JBK1	unreviewed	nitrate reductase (quinone)	taxID:2567881
A0A4P9T2W8	unreviewed	nitrate reductase (quinone)	taxID:2583588
A0A4P9T3I1	unreviewed	nitrate reductase (quinone)	taxID:2583588
A0A4Q1B1B8	unreviewed	nitrate reductase (quinone)	taxID:2507060
A0A4Q1JH60	unreviewed	nitrate reductase (quinone)	taxID:28901
A0A4Q1KUI9	unreviewed	nitrate reductase (quinone)	taxID:1713
A0A4Q1QFE7	unreviewed	nitrate reductase (quinone)	taxID:2508877
A0A4Q1S6G0	unreviewed	nitrate reductase (quinone)	taxID:2508525
A0A4Q2EH24	unreviewed	nitrate reductase (quinone)	taxID:2072026
A0A4Q2R1X9	unreviewed	nitrate reductase (quinone)	taxID:2511985
A0A4Q2R4N9	unreviewed	nitrate reductase (quinone)	taxID:2511985
A0A4Q2RJC4	unreviewed	nitrate reductase (quinone)	taxID:1168730
A0A4Q2SJS4	unreviewed	nitrate reductase (quinone)	taxID:252230
A0A4Q2TWB2	unreviewed	nitrate reductase (quinone)	taxID:2509717
A0A4Q3LB12	unreviewed	nitrate reductase (quinone)	taxID:1871071
A0A4Q3TL73	unreviewed	4Fe-4S Mo/W bis-MGD-type domain-containing protein	taxID:1891238
A0A4Q3XHM3	unreviewed	nitrate reductase (quinone)	taxID:2510323
A0A4Q3Y9Q8	unreviewed	nitrate reductase (quinone)	taxID:2510646
A0A4Q4ZGW5	unreviewed	4Fe-4S Mo/W bis-MGD-type domain-containing protein	taxID:2497878
A0A4Q5IXK0	unreviewed	Nitrate reductase alpha subunit	taxID:715784
A0A4Q5N8E3	unreviewed	Nitrate reductase alpha subunit	taxID:1259133
A0A4Q6ISY0	unreviewed	Nitrate reductase alpha subunit	taxID:1510026
A0A4Q6VJ74	unreviewed	Nitrate reductase alpha subunit	taxID:1563677
A0A4Q7J8W7	unreviewed	nitrate reductase (quinone)	taxID:2510978
A0A4Q7N714	unreviewed	nitrate reductase (quinone)	taxID:151784
A0A4Q7S8U4	unreviewed	nitrate reductase (quinone)	taxID:1001822
A0A4Q7XK05	unreviewed	Nitrate reductase alpha subunit	taxID:2512155
A0A4Q7YM87	unreviewed	nitrate reductase (quinone)	taxID:1435465
A0A4Q7ZU08	unreviewed	nitrate reductase (quinone)	taxID:349313
A0A4Q7ZU66	unreviewed	Nitrate reductase alpha subunit	taxID:349313
A0A4Q8M277	unreviewed	nitrate reductase (quinone)	taxID:2480810
A0A4Q8P456	unreviewed	nitrate reductase (quinone)	taxID:2511819
A0A4Q8PEB0	unreviewed	nitrate reductase (quinone)	taxID:2511819
A0A4Q8SDP7	unreviewed	nitrate reductase (quinone)	taxID:149385
A0A4Q9B6F1	unreviewed	nitrate reductase (quinone)	taxID:2509362
A0A4Q9EHA6	unreviewed	nitrate reductase (quinone)	taxID:546367
A0A4Q9HNS5	unreviewed	nitrate reductase (quinone)	taxID:1946
A0A4Q9KG24	unreviewed	nitrate reductase (quinone)	taxID:1837344
A0A4Q9KI81	unreviewed	nitrate reductase (quinone)	taxID:433330
A0A4Q9XSP5	unreviewed	nitrate reductase (quinone)	taxID:1605368
A0A4Q9Y215	unreviewed	nitrate reductase (quinone)	taxID:60520
A0A4R0GD33	unreviewed	nitrate reductase (quinone)	taxID:2529381
A0A4R0GI42	unreviewed	nitrate reductase (quinone)	taxID:2529381
A0A4R0HCH5	unreviewed	Nitrate reductase alpha subunit	taxID:1124743
A0A4R0HFZ3	unreviewed	nitrate reductase (quinone)	taxID:2529380
A0A4R0I6M6	unreviewed	Nitrate reductase alpha subunit	taxID:1124744
A0A4R0IE19	unreviewed	Nitrate reductase alpha subunit	taxID:1572660
A0A4R0XNI1	unreviewed	nitrate reductase (quinone)	taxID:1245441
A0A4R1ALQ6	unreviewed	nitrate reductase (quinone)	taxID:2545468
A0A4R1AYC2	unreviewed	nitrate reductase (quinone)	taxID:1742358
A0A4R1BHX7	unreviewed	Nitrate reductase alpha subunit	taxID:185139
A0A4R1G6U0	unreviewed	Nitrate reductase alpha subunit	taxID:225051
A0A4R1K6M5	unreviewed	nitrate reductase (quinone)	taxID:1078050
A0A4R1N702	unreviewed	nitrate reductase (quinone)	taxID:2697027
A0A4R1QIV7	unreviewed	nitrate reductase (quinone)	taxID:575256
A0A4R1WXF9	unreviewed	Nitrate reductase alpha subunit	taxID:2512219
A0A4R2BZU0	unreviewed	Nitrate reductase alpha subunit	taxID:2512214
A0A4R2DX59	unreviewed	Nitrate reductase alpha subunit	taxID:2512213
A0A4R2H4L5	unreviewed	Nitrate reductase alpha subunit	taxID:2512223
A0A4R2KY19	unreviewed	nitrate reductase (quinone)	taxID:35805
A0A4R2L317	unreviewed	nitrate reductase (quinone)	taxID:1133106
A0A4R2NZ59	unreviewed	nitrate reductase (quinone)	taxID:35804
A0A4R2YUL0	unreviewed	nitrate reductase (quinone)	taxID:2485128
A0A4R3JC49	unreviewed	nitrate reductase (quinone)	taxID:1773489
A0A4R3JYJ0	unreviewed	nitrate reductase (quinone)	taxID:1914471
A0A4R3KLT2	unreviewed	nitrate reductase (quinone)	taxID:1281767
A0A4R3LXM9	unreviewed	nitrate reductase (quinone)	taxID:747076
A0A4R3NW18	unreviewed	nitrate reductase (quinone)	taxID:293089
A0A4R3UXL0	unreviewed	nitrate reductase (quinone)	taxID:304
A0A4R3VQS0	unreviewed	nitrate reductase (quinone)	taxID:160434
A0A4R3XUD1	unreviewed	nitrate reductase (quinone)	taxID:1706046
A0A4R3ZAL8	unreviewed	nitrate reductase (quinone)	taxID:2485115
A0A4R3ZAP3	unreviewed	nitrate reductase (quinone)	taxID:2485115
A0A4R4CAI3	unreviewed	nitrate reductase (quinone)	taxID:2094190
A0A4R4DBX3	unreviewed	nitrate reductase (quinone)	taxID:2527868
A0A4R4LSB0	unreviewed	Nitrate reductase alpha subunit	taxID:2530370
A0A4R4MEM9	unreviewed	Nitrate reductase alpha subunit	taxID:2530366
A0A4R4NU02	unreviewed	Nitrate reductase alpha subunit	taxID:453573
A0A4R4P960	unreviewed	Nitrate reductase alpha subunit	taxID:453573
A0A4R4RIJ2	unreviewed	Nitrate reductase alpha subunit	taxID:2530371
A0A4R4SWE2	unreviewed	Nitrate reductase alpha subunit	taxID:2530367
A0A4R4W3G3	unreviewed	nitrate reductase (quinone)	taxID:1848329
A0A4R4Y8B6	unreviewed	Nitrate reductase alpha subunit	taxID:2530369
A0A4R4YNX8	unreviewed	nitrate reductase (quinone)	taxID:2530383
A0A4R5A209	unreviewed	Nitrate reductase alpha subunit	taxID:705336
A0A4R5AFC7	unreviewed	nitrate reductase (quinone)	taxID:2530373
A0A4R5CDR7	unreviewed	nitrate reductase (quinone)	taxID:2530368
A0A4R5E0A8	unreviewed	Nitrate reductase alpha subunit	taxID:2530364
A0A4R5ET78	unreviewed	nitrate reductase (quinone)	taxID:2546227
A0A4R5F7X5	unreviewed	nitrate reductase (quinone)	taxID:2530382
A0A4R5J4K2	unreviewed	nitrate reductase (quinone)	taxID:2546443
A0A4R5L4R5	unreviewed	nitrate reductase (quinone)	taxID:2546446
A0A4R5LHE3	unreviewed	nitrate reductase (quinone)	taxID:2546446
A0A4R5M7T2	unreviewed	nitrate reductase (quinone)	taxID:2528715
A0A4R5VBL1	unreviewed	nitrate reductase (quinone)	taxID:2547397
A0A4R5VVE7	unreviewed	nitrate reductase (quinone)	taxID:2547811
A0A4R5WKD3	unreviewed	Nitrate reductase alpha subunit	taxID:56689
A0A4R5WV31	unreviewed	Nitrate reductase alpha subunit	taxID:1389713
A0A4R6AM49	unreviewed	nitrate reductase (quinone)	taxID:2552766
A0A4R6BF34	unreviewed	nitrate reductase (quinone)	taxID:198483
A0A4R6BJQ6	unreviewed	nitrate reductase (quinone)	taxID:198482
A0A4R6C512	unreviewed	nitrate reductase (quinone)	taxID:1855823
A0A4R6EMA7	unreviewed	nitrate reductase (quinone)	taxID:1851514
A0A4R6EWH6	unreviewed	nitrate reductase (quinone)	taxID:1851514
A0A4R6I190	unreviewed	nitrate reductase (quinone)	taxID:229007
A0A4R6JKR1	unreviewed	nitrate reductase (quinone)	taxID:52695
A0A4R6JMD4	unreviewed	Nitrate reductase alpha subunit	taxID:52695
A0A4R6MVB7	unreviewed	nitrate reductase (quinone)	taxID:582607
A0A4R6P1F6	unreviewed	Nitrate reductase alpha subunit	taxID:145285
A0A4R6P4F7	unreviewed	nitrate reductase (quinone)	taxID:1327752
A0A4R6PTC5	unreviewed	Nitrate reductase alpha subunit	taxID:145285
A0A4R6QJ98	unreviewed	nitrate reductase (quinone)	taxID:270368
A0A4R6QWB2	unreviewed	nitrate reductase (quinone)	taxID:2183989
A0A4R6RC87	unreviewed	nitrate reductase (quinone)	taxID:70586
A0A4R6TWJ1	unreviewed	nitrate reductase (quinone)	taxID:1501432
A0A4R6U5B9	unreviewed	nitrate reductase (quinone)	taxID:1508390
A0A4R6U646	unreviewed	nitrate reductase (quinone)	taxID:1510150
A0A4R6V2U5	unreviewed	4Fe-4S Mo/W bis-MGD-type domain-containing protein	taxID:1605990
A0A4R6YBD7	unreviewed	nitrate reductase (quinone)	taxID:1527608
A0A4R6YMC6	unreviewed	nitrate reductase (quinone)	taxID:520092
A0A4R6ZQ63	unreviewed	nitrate reductase (quinone)	taxID:647910
A0A4R6ZW01	unreviewed	nitrate reductase (quinone)	taxID:229007
A0A4R7B7Y1	unreviewed	nitrate reductase (quinone)	taxID:1144873
A0A4R7BXN4	unreviewed	nitrate reductase (quinone)	taxID:1339210
A0A4R7FTL2	unreviewed	nitrate reductase (quinone)	taxID:2485114
A0A4R7G6P9	unreviewed	nitrate reductase (quinone)	taxID:2485117
A0A4R7J2S4	unreviewed	Nitrate reductase alpha subunit	taxID:2512150
A0A4R7JJA7	unreviewed	nitrate reductase (quinone)	taxID:2512150
A0A4R7K0J4	unreviewed	nitrate reductase (quinone)	taxID:332522
A0A4R7LSS7	unreviewed	nitrate reductase (quinone)	taxID:1242689
A0A4R7SXS8	unreviewed	Nitrate reductase alpha subunit	taxID:2512212
A0A4R8DD57	unreviewed	Nitrate reductase alpha subunit	taxID:2512218
A0A4R8FAD3	unreviewed	nitrate reductase (quinone)	taxID:2485120
A0A4R8FKW3	unreviewed	nitrate reductase (quinone)	taxID:364297
A0A4R8FS54	unreviewed	nitrate reductase (quinone)	taxID:442341
A0A4R8L196	unreviewed	nitrate reductase (quinone)	taxID:2135628
A0A4R8LGH9	unreviewed	nitrate reductase (quinone)	taxID:480658
A0A4R8UCV0	unreviewed	nitrate reductase (quinone)	taxID:1259199
A0A4R8V5V2	unreviewed	nitrate reductase (quinone)	taxID:1259145
A0A4R8VAF0	unreviewed	nitrate reductase (quinone)	taxID:433647
A0A4R8VFM0	unreviewed	nitrate reductase (quinone)	taxID:1424659
A0A4R8WIY7	unreviewed	nitrate reductase (quinone)	taxID:1259184
A0A4R8WQ44	unreviewed	nitrate reductase (quinone)	taxID:1259182
A0A4R8X959	unreviewed	Nitrate reductase alpha subunit	taxID:1259254
A0A4R8XA20	unreviewed	nitrate reductase (quinone)	taxID:1259254
A0A4R8XKF6	unreviewed	nitrate reductase (quinone)	taxID:1259223
A0A4R8XRB5	unreviewed	nitrate reductase (quinone)	taxID:1259262
A0A4R8Z4R6	unreviewed	nitrate reductase (quinone)	taxID:1259220
A0A4R8ZUK4	unreviewed	nitrate reductase (quinone)	taxID:1259150
A0A4R9A0W2	unreviewed	nitrate reductase (quinone)	taxID:2555868
A0A4R9A1F4	unreviewed	nitrate reductase (quinone)	taxID:1259150
A0A4R9AD43	unreviewed	nitrate reductase (quinone)	taxID:1259198
A0A4R9AI57	unreviewed	nitrate reductase (quinone)	taxID:1259198
A0A4R9AYX0	unreviewed	nitrate reductase (quinone)	taxID:1259164
A0A4R9B377	unreviewed	nitrate reductase (quinone)	taxID:1259157
A0A4R9BE25	unreviewed	nitrate reductase (quinone)	taxID:1259203
A0A4R9BKR9	unreviewed	nitrate reductase (quinone)	taxID:1259201
A0A4R9BLB8	unreviewed	nitrate reductase (quinone)	taxID:1259201
A0A4S0GC65	unreviewed	nitrate reductase (quinone)	taxID:2496667
A0A4S0KTY0	unreviewed	nitrate reductase (quinone)	taxID:2563923
A0A4S0W0Z3	unreviewed	nitrate reductase (quinone)	taxID:2500523
A0A4S1CGU9	unreviewed	nitrate reductase (quinone)	taxID:2562681
A0A4S1ECV9	unreviewed	nitrate reductase (quinone)	taxID:2562948
A0A4S1FDC0	unreviewed	nitrate reductase (quinone)	taxID:2563947
A0A4S3DDB1	unreviewed	nitrate reductase (quinone)	taxID:28147
A0A4S3LKW1	unreviewed	nitrate reductase (quinone)	taxID:2507584
A0A4S3PUW8	unreviewed	nitrate reductase (quinone)	taxID:1033734
A0A4S4ATP6	unreviewed	nitrate reductase (quinone)	taxID:2565932
A0A4S4BMK2	unreviewed	nitrate reductase (quinone)	taxID:2565925
A0A4S4HTV4	unreviewed	nitrate reductase (quinone)	taxID:2568878
A0A4S5EAV4	unreviewed	nitrate reductase (quinone)	taxID:1529066
A0A4S7JQL2	unreviewed	nitrate reductase (quinone)	taxID:72407
A0A4S8C9U0	unreviewed	nitrate reductase (quinone)	taxID:72407
A0A4S8EUK8	unreviewed	nitrate reductase (quinone)	taxID:1330072
A0A4S8PI23	unreviewed	nitrate reductase (quinone)	taxID:2126555
A0A4T0UK47	unreviewed	nitrate reductase (quinone)	taxID:2563443
A0A4T0UUS9	unreviewed	nitrate reductase (quinone)	taxID:2569761
A0A4T0V338	unreviewed	nitrate reductase (quinone)	taxID:2569762
A0A4U0GE58	unreviewed	nitrate reductase (quinone)	taxID:2562283
A0A4U0HHR0	unreviewed	Nitrate reductase alpha subunit	taxID:2560052
A0A4U0PBW6	unreviewed	nitrate reductase (quinone)	taxID:2571148
A0A4U0ZGZ9	unreviewed	nitrate reductase (quinone)	taxID:2569543
A0A4U2MTD8	unreviewed	nitrate reductase (quinone)	taxID:1890302
A0A4U2YUM8	unreviewed	nitrate reductase (quinone)	taxID:2575440
A0A4U2ZUU6	unreviewed	Molybdopterin oxidoreductase domain-containing protein	taxID:1405
A0A4U3CEK1	unreviewed	Nitrate reductase alpha subunit	taxID:1840703
A0A4U3FDG0	unreviewed	nitrate reductase (quinone)	taxID:55211
A0A4U3FGY0	unreviewed	nitrate reductase (quinone)	taxID:2184007
A0A4U6LYQ5	unreviewed	nitrate reductase (quinone)	taxID:2576432
A0A4U6MC12	unreviewed	nitrate reductase (quinone)	taxID:2576432
A0A4U6MN75	unreviewed	nitrate reductase (quinone)	taxID:2576409
A0A4U6MNL7	unreviewed	nitrate reductase (quinone)	taxID:2576409
A0A4U8ABD2	unreviewed	nitrate reductase (quinone)	taxID:149386
A0A4U8ABV0	unreviewed	nitrate reductase (quinone)	taxID:149386
A0A4U8GJE3	unreviewed	nitrate reductase (quinone)	taxID:224729
A0A4U8VZ89	unreviewed	Nitrate reductase alpha subunit	taxID:135487
A0A4U8W2Y8	unreviewed	Nitrate reductase alpha subunit	taxID:135487
A0A4U8W745	unreviewed	Nitrate reductase alpha subunit	taxID:135487
A0A4U9CV89	unreviewed	4Fe-4S Mo/W bis-MGD-type domain-containing protein	taxID:577
A0A4U9HVF5	unreviewed	Respiratory nitrate reductase 2 alpha chain	taxID:83655
A0A4U9HX64	unreviewed	4Fe-4S Mo/W bis-MGD-type domain-containing protein	taxID:83655
A0A4U9TMC9	unreviewed	Respiratory nitrate reductase 1 alpha chain	taxID:47917
A0A4V0GSQ8	unreviewed	nitrate reductase (quinone)	taxID:573
A0A4V0WU06	unreviewed	nitrate reductase (quinone)	taxID:2563088
A0A4V1BY42	unreviewed	nitrate reductase (quinone)	taxID:96344
A0A4V1N4N1	unreviewed	nitrate reductase (quinone)	taxID:1713
A0A4V1PQM7	unreviewed	nitrate reductase (quinone)	taxID:2109331
A0A4V1Q711	unreviewed	nitrate reductase (quinone)	taxID:550
A0A4V1R1Y7	unreviewed	nitrate reductase (quinone)	taxID:592376
A0A4V1RQS5	unreviewed	Nitrate reductase alpha subunit	taxID:1168729
A0A4V2JI82	unreviewed	Nitrate reductase alpha subunit	taxID:1946
A0A4V2KVZ7	unreviewed	nitrate reductase (quinone)	taxID:28035
A0A4V2PC99	unreviewed	Nitrate reductase alpha subunit	taxID:225051
A0A4V2W7Z0	unreviewed	nitrate reductase (quinone)	taxID:321318
A0A4V2WPE6	unreviewed	4Fe-4S Mo/W bis-MGD-type domain-containing protein	taxID:2545719
A0A4V2Y2S4	unreviewed	4Fe-4S Mo/W bis-MGD-type domain-containing protein	taxID:2530365
A0A4V2ZZQ3	unreviewed	nitrate reductase (quinone)	taxID:2528715
A0A4V3IC37	unreviewed	nitrate reductase (quinone)	taxID:1259189
A0A4V3ICL6	unreviewed	nitrate reductase (quinone)	taxID:1259190
A0A4V3J7B2	unreviewed	Nitrate reductase alpha subunit	taxID:2559236
A0A4V5NRS9	unreviewed	nitrate reductase (quinone)	taxID:2569542
A0A4V5NS32	unreviewed	nitrate reductase (quinone)	taxID:2569542
A0A4V6AWG5	unreviewed	Nitrate reductase alpha subunit	taxID:324833
A0A4V6CXN1	unreviewed	nitrate reductase (quinone)	taxID:2576384
A0A4V6IMU5	unreviewed	nitrate reductase (quinone)	taxID:227605
A0A4V6JI43	unreviewed	4Fe-4S Mo/W bis-MGD-type domain-containing protein	taxID:61652
A0A4V6P2T0	unreviewed	nitrate reductase (quinone)	taxID:1917182
A0A4V6QGQ5	unreviewed	Nitrate reductase alpha subunit	taxID:1259189
A0A4V6QI15	unreviewed	nitrate reductase (quinone)	taxID:1259228
A0A4Y3K6K7	unreviewed	nitrate reductase (quinone)	taxID:1714
A0A4Y3KLR8	unreviewed	nitrate reductase (quinone)	taxID:1712
A0A4Y3KX74	unreviewed	Nitrate reductase alpha subunit	taxID:43670
A0A4Y3QYT4	unreviewed	nitrate reductase (quinone)	taxID:1898
A0A4Y3TNT1	unreviewed	4Fe-4S Mo/W bis-MGD-type domain-containing protein	taxID:104099
A0A4Y3ULJ6	unreviewed	nitrate reductase (quinone)	taxID:33885
A0A4Y3WUH5	unreviewed	Nitrate reductase alpha subunit	taxID:76726
A0A4Y4C5S1	unreviewed	nitrate reductase (quinone)	taxID:1727
A0A4Y4D4U1	unreviewed	nitrate reductase (quinone)	taxID:1272
A0A4Y4DUY0	unreviewed	nitrate reductase (quinone)	taxID:43667
A0A4Y4E399	unreviewed	nitrate reductase (quinone)	taxID:1710
A0A4Y6MBQ3	unreviewed	nitrate reductase (quinone)	taxID:286783
A0A4Y6MC82	unreviewed	nitrate reductase (quinone)	taxID:286783
A0A4Y6R1V7	unreviewed	nitrate reductase (quinone)	taxID:2590775
A0A4Y6RAR3	unreviewed	nitrate reductase (quinone)	taxID:2590869
A0A4Y6UA65	unreviewed	nitrate reductase (quinone)	taxID:2558361
A0A4Y6V1H5	unreviewed	nitrate reductase (quinone)	taxID:2583377
A0A4Y7QTS1	unreviewed	nitrate reductase (quinone)	taxID:2528958
A0A4Y8GVM6	unreviewed	nitrate reductase (quinone)	taxID:562
A0A4Y8JKI2	unreviewed	Nitrate reductase alpha subunit	taxID:1259246
A0A4Y8JKU2	unreviewed	nitrate reductase (quinone)	taxID:1259246
A0A4Y8JXR3	unreviewed	nitrate reductase (quinone)	taxID:1259239
A0A4Y8K6B2	unreviewed	nitrate reductase (quinone)	taxID:1259159
A0A4Y8KAK2	unreviewed	nitrate reductase (quinone)	taxID:1259147
A0A4Y8KHP5	unreviewed	nitrate reductase (quinone)	taxID:1259147
A0A4Y8T7J3	unreviewed	nitrate reductase (quinone)	taxID:1428
A0A4Y9ADI3	unreviewed	nitrate reductase (quinone)	taxID:175306
A0A4Y9F0A7	unreviewed	nitrate reductase (quinone)	taxID:85336
A0A4Y9M9I1	unreviewed	Nitrate reductase alpha subunit	taxID:2559612
A0A4Y9N8M8	unreviewed	Nitrate reductase alpha subunit	taxID:2559610
A0A4Y9TDM3	unreviewed	nitrate reductase (quinone)	taxID:294
A0A4Z0F8F7	unreviewed	nitrate reductase (quinone)	taxID:2305248
A0A4Z0H929	unreviewed	Nitrate reductase alpha subunit	taxID:1701085
A0A4Z0HM79	unreviewed	Nitrate reductase alpha subunit	taxID:43304
A0A4Z0HTJ2	unreviewed	Nitrate reductase alpha subunit	taxID:43304
A0A4Z0TJV1	unreviewed	nitrate reductase (quinone)	taxID:562
A0A4Z0WAP0	unreviewed	nitrate reductase (quinone)	taxID:2759953
A0A4Z1C591	unreviewed	nitrate reductase (quinone)	taxID:1611836
A0A4Z9NZG9	unreviewed	nitrate reductase (quinone)	taxID:596
A0A502GTF5	unreviewed	nitrate reductase (quinone)	taxID:41202
A0A502IGE5	unreviewed	nitrate reductase (quinone)	taxID:75612
A0A503B557	unreviewed	nitrate reductase (quinone)	taxID:2589915
A0A503HBD9	unreviewed	nitrate reductase (quinone)	taxID:2589930
A0A504LF40	unreviewed	nitrate reductase (quinone)	taxID:2589979
A0A505DAU4	unreviewed	Nitrate reductase alpha subunit	taxID:2315329
A0A506PWI9	unreviewed	nitrate reductase (quinone)	taxID:470932
A0A506V9R6	unreviewed	nitrate reductase (quinone)	taxID:2562439
A0A506VGK1	unreviewed	nitrate reductase (quinone)	taxID:2562439
A0A507W6E9	unreviewed	nitrate reductase (quinone)	taxID:2591038
A0A507ZZ34	unreviewed	nitrate reductase (quinone)	taxID:544581
A0A508BSG7	unreviewed	nitrate reductase (quinone)	taxID:544580
A0A509BKY6	unreviewed	nitrate reductase (quinone)	taxID:2583580
A0A509BPS9	unreviewed	nitrate reductase (quinone)	taxID:2583580
A0A509C213	unreviewed	nitrate reductase (quinone)	taxID:2583581
A0A509C4E9	unreviewed	nitrate reductase (quinone)	taxID:2583581
A0A510HFD1	unreviewed	Nitrate reductase alpha subunit	taxID:49319
A0A510IU30	unreviewed	nitrate reductase (quinone)	taxID:2591606
A0A510US86	unreviewed	nitrate reductase (quinone)	taxID:76861
A0A510V093	unreviewed	Nitrate reductase alpha subunit	taxID:233583
A0A511AIX5	unreviewed	Nitrate reductase alpha subunit	taxID:153731
A0A511D6I2	unreviewed	Nitrate reductase alpha subunit	taxID:1123024
A0A511DF62	unreviewed	Nitrate reductase alpha subunit	taxID:1223511
A0A511FER9	unreviewed	Nitrate reductase alpha subunit	taxID:156981
A0A511FFC6	unreviewed	nitrate reductase (quinone)	taxID:156981
A0A511FRU1	unreviewed	4Fe-4S Mo/W bis-MGD-type domain-containing protein	taxID:104102
A0A511JDT4	unreviewed	nitrate reductase (quinone)	taxID:266130
A0A511MF90	unreviewed	Nitrate reductase alpha subunit	taxID:1210091
A0A511QX52	unreviewed	nitrate reductase (quinone)	taxID:1227553
A0A511RII4	unreviewed	nitrate reductase (quinone)	taxID:1227550
A0A511YUC7	unreviewed	Nitrate reductase alpha subunit	taxID:43671
A0A511Z6N5	unreviewed	nitrate reductase (quinone)	taxID:582850
A0A512CZG7	unreviewed	nitrate reductase (quinone)	taxID:422442
A0A512HM43	unreviewed	nitrate reductase (quinone)	taxID:1118451
A0A512HW36	unreviewed	nitrate reductase (quinone)	taxID:416568
A0A512PAV9	unreviewed	nitrate reductase (quinone)	taxID:931535
A0A512SY66	unreviewed	nitrate reductase (quinone)	taxID:882824
A0A514LJZ9	unreviewed	nitrate reductase (quinone)	taxID:2502791
A0A515CU06	unreviewed	nitrate reductase (quinone)	taxID:614
A0A515DFW9	unreviewed	nitrate reductase (quinone)	taxID:2509614
A0A516GBG9	unreviewed	nitrate reductase (quinone)	taxID:2594265
A0A516NGM4	unreviewed	Nitrate reductase alpha subunit	taxID:1823
A0A516Q0C7	unreviewed	Nitrate reductase alpha subunit	taxID:2596828
A0A516Q4D5	unreviewed	nitrate reductase (quinone)	taxID:2596828
A0A516RJF4	unreviewed	nitrate reductase (quinone)	taxID:68270
A0A516X7L7	unreviewed	nitrate reductase (quinone)	taxID:2597660
A0A517D5B8	unreviewed	nitrate reductase (quinone)	taxID:1598
A0A518U8T1	unreviewed	nitrate reductase (quinone)	taxID:1981880
A0A519H7U3	unreviewed	nitrate reductase (quinone)	taxID:51671
A0A519IQ73	unreviewed	nitrate reductase (quinone)	taxID:1872122
A0A520FI36	unreviewed	Nitrate reductase alpha subunit	taxID:1831
A0A520YJM5	unreviewed	4Fe-4S Mo/W bis-MGD-type domain-containing protein	taxID:1891229
A0A521C5L5	unreviewed	nitrate reductase (quinone)	taxID:1168039
A0A521CMS2	unreviewed	nitrate reductase (quinone)	taxID:910412
A0A521H274	unreviewed	nitrate reductase (quinone)	taxID:1913988
A0A521MC11	unreviewed	nitrate reductase (quinone)	taxID:1929291
A0A521NN25	unreviewed	nitrate reductase (quinone)	taxID:1871086
A0A521PI10	unreviewed	nitrate reductase (quinone)	taxID:1871053
A0A521QKU5	unreviewed	nitrate reductase (quinone)	taxID:1929291
A0A521RE38	unreviewed	nitrate reductase (quinone)	taxID:1913989
A0A521UHE1	unreviewed	nitrate reductase (quinone)	taxID:2026724
A0A521V3E9	unreviewed	nitrate reductase (quinone)	taxID:2202734
A0A521VVG0	unreviewed	nitrate reductase (quinone)	taxID:2021379
A0A521WDH5	unreviewed	nitrate reductase (quinone)	taxID:1913989
A0A521WN10	unreviewed	Nitrate reductase subunit alpha	taxID:1898104
A0A522D1T0	unreviewed	nitrate reductase (quinone)	taxID:1913988
A0A522EPS8	unreviewed	nitrate reductase (quinone)	taxID:1883445
A0A522F6G3	unreviewed	nitrate reductase (quinone)	taxID:1898104
A0A522GU11	unreviewed	Nitrate reductase subunit alpha	taxID:1883446
A0A522HIR3	unreviewed	nitrate reductase (quinone)	taxID:1883446
A0A522IA78	unreviewed	Nitrate reductase subunit alpha	taxID:1926495
A0A522IA80	unreviewed	nitrate reductase (quinone)	taxID:1926495
A0A522K968	unreviewed	nitrate reductase (quinone)	taxID:1912597
A0A522L7D3	unreviewed	4Fe-4S Mo/W bis-MGD-type domain-containing protein	taxID:1883446
A0A522M6K7	unreviewed	nitrate reductase (quinone)	taxID:1913989
A0A522MDL2	unreviewed	nitrate reductase (quinone)	taxID:1926495
A0A522MLE6	unreviewed	nitrate reductase (quinone)	taxID:1926495
A0A522MQM1	unreviewed	nitrate reductase (quinone)	taxID:2030806
A0A522MYW3	unreviewed	nitrate reductase (quinone)	taxID:2026724
A0A522N4Z0	unreviewed	nitrate reductase (quinone)	taxID:1883446
A0A522N8R1	unreviewed	nitrate reductase (quinone)	taxID:1869227
A0A522NQC2	unreviewed	nitrate reductase (quinone)	taxID:1873462
A0A522P238	unreviewed	Nitrate reductase alpha subunit	taxID:1785
A0A522PPF2	unreviewed	nitrate reductase (quinone)	taxID:1978231
A0A522PZ20	unreviewed	nitrate reductase (quinone)	taxID:1912597
A0A522Q6B2	unreviewed	nitrate reductase (quinone)	taxID:1978231
A0A522QDA1	unreviewed	Nitrate reductase alpha subunit	taxID:1932789
A0A522R2B3	unreviewed	nitrate reductase (quinone)	taxID:1913961
A0A522RD85	unreviewed	nitrate reductase (quinone)	taxID:1913961
A0A522RHC9	unreviewed	Nitrate reductase subunit alpha	taxID:2052182
A0A522RYM5	unreviewed	nitrate reductase (quinone)	taxID:2052182
A0A522S1P7	unreviewed	nitrate reductase (quinone)	taxID:2052182
A0A522SDA3	unreviewed	nitrate reductase (quinone)	taxID:2030806
A0A522SLU5	unreviewed	nitrate reductase (quinone)	taxID:1883446
A0A522T6T6	unreviewed	nitrate reductase (quinone)	taxID:1978231
A0A522TM43	unreviewed	nitrate reductase (quinone)	taxID:1883446
A0A522TS55	unreviewed	nitrate reductase (quinone)	taxID:1883427
A0A522U0K0	unreviewed	nitrate reductase (quinone)	taxID:1869227
A0A522VS83	unreviewed	nitrate reductase (quinone)	taxID:1933926
A0A522WTI1	unreviewed	nitrate reductase (quinone)	taxID:2051955
A0A522X498	unreviewed	nitrate reductase (quinone)	taxID:2052161
A0A523A091	unreviewed	nitrate reductase (quinone)	taxID:2030806
A0A523BRD6	unreviewed	nitrate reductase (quinone)	taxID:2026724
A0A524IW10	unreviewed	nitrate reductase (quinone)	taxID:2448054
A0A527RSK0	unreviewed	nitrate reductase (quinone)	taxID:1871066
A0A528E3K4	unreviewed	nitrate reductase (quinone)	taxID:1871066
A0A537RWT1	unreviewed	Nitrate reductase subunit alpha	taxID:1913988
A0A540R7L3	unreviewed	nitrate reductase (quinone)	taxID:1686286
A0A541B3T3	unreviewed	nitrate reductase (quinone)	taxID:2546320
A0A541B7W6	unreviewed	Nitrate reductase alpha subunit	taxID:2546320
A0A541CM77	unreviewed	nitrate reductase (quinone)	taxID:2592070
A0A542DDZ7	unreviewed	Nitrate reductase alpha subunit	taxID:1128664
A0A542DKG0	unreviewed	nitrate reductase (quinone)	taxID:1128664
A0A542EJI0	unreviewed	nitrate reductase (quinone)	taxID:587872
A0A542G0M7	unreviewed	nitrate reductase (quinone)	taxID:2768455
A0A542GPY3	unreviewed	nitrate reductase (quinone)	taxID:2768452
A0A542I729	unreviewed	nitrate reductase (quinone)	taxID:2768449
A0A542IPY9	unreviewed	nitrate reductase (quinone)	taxID:2768450
A0A542KQ82	unreviewed	Nitrate reductase alpha subunit	taxID:2768444
A0A542KQA7	unreviewed	Nitrate reductase alpha subunit	taxID:2768444
A0A542QIL0	unreviewed	Nitrate reductase alpha subunit	taxID:2768454
A0A542QIN9	unreviewed	Nitrate reductase alpha subunit	taxID:2768454
A0A542S9J5	unreviewed	nitrate reductase (quinone)	taxID:2768445
A0A542UYW5	unreviewed	nitrate reductase (quinone)	taxID:2768446
A0A542XJI1	unreviewed	nitrate reductase (quinone)	taxID:168697
A0A542XQJ6	unreviewed	Nitrate reductase alpha subunit	taxID:168697
A0A542YMC7	unreviewed	nitrate reductase (quinone)	taxID:82346
A0A542ZRG3	unreviewed	nitrate reductase (quinone)	taxID:1753
A0A543AMH8	unreviewed	nitrate reductase (quinone)	taxID:1027633
A0A543B375	unreviewed	nitrate reductase (quinone)	taxID:1496996
A0A543DRR0	unreviewed	Nitrate reductase alpha subunit	taxID:630975
A0A543F0T8	unreviewed	nitrate reductase (quinone)	taxID:1263636
A0A543FAX3	unreviewed	Nitrate reductase alpha subunit	taxID:1215925
A0A543FST3	unreviewed	Nitrate reductase alpha subunit	taxID:882449
A0A543HA60	unreviewed	nitrate reductase (quinone)	taxID:412689
A0A543IG41	unreviewed	Nitrate reductase alpha subunit	taxID:337895
A0A543IUG0	unreviewed	Nitrate reductase alpha subunit	taxID:103836
A0A543J700	unreviewed	Nitrate reductase alpha subunit	taxID:571190
A0A543JR27	unreviewed	Nitrate reductase alpha subunit	taxID:571190
A0A543K6M9	unreviewed	nitrate reductase (quinone)	taxID:125288
A0A543LM18	unreviewed	nitrate reductase (quinone)	taxID:80878
A0A543PNE9	unreviewed	nitrate reductase (quinone)	taxID:412689
A0A543Q4L6	unreviewed	nitrate reductase (quinone)	taxID:637390
A0A544Y4P5	unreviewed	Nitrate reductase alpha subunit	taxID:568844
A0A545SU33	unreviewed	nitrate reductase (quinone)	taxID:985055
A0A545T028	unreviewed	nitrate reductase (quinone)	taxID:2591008
A0A545TN56	unreviewed	nitrate reductase (quinone)	taxID:2591009
A0A545UHX5	unreviewed	nitrate reductase (quinone)	taxID:2592383
A0A549T6P4	unreviewed	nitrate reductase (quinone)	taxID:1387186
A0A549YJ25	unreviewed	nitrate reductase (quinone)	taxID:2583219
A0A549YKW7	unreviewed	nitrate reductase (quinone)	taxID:2583219
A0A550HEV5	unreviewed	Nitrate reductase alpha subunit	taxID:2561920
A0A552WWU6	unreviewed	nitrate reductase (quinone)	taxID:2589797
A0A552X3L5	unreviewed	nitrate reductase (quinone)	taxID:2593535
A0A553AQ51	unreviewed	nitrate reductase (quinone)	taxID:2594268
A0A553JWS1	unreviewed	nitrate reductase (quinone)	taxID:1689449
A0A553LHG7	unreviewed	nitrate reductase (quinone)	taxID:2595057
A0A553M5Z6	unreviewed	nitrate reductase (quinone)	taxID:2595057
A0A553SSM0	unreviewed	4Fe-4S Mo/W bis-MGD-type domain-containing protein	taxID:1397
A0A554PAB5	unreviewed	nitrate reductase (quinone)	taxID:2578105
A0A554QZD4	unreviewed	Nitrate reductase alpha subunit	taxID:1179674
A0A554UX96	unreviewed	nitrate reductase (quinone)	taxID:2597516
A0A554WQD8	unreviewed	nitrate reductase (quinone)	taxID:247482
A0A554WWU9	unreviewed	Molybdopterin oxidoreductase domain-containing protein	taxID:335431
A0A554X2P7	unreviewed	nitrate reductase (quinone)	taxID:307486
A0A554XM24	unreviewed	nitrate reductase (quinone)	taxID:1101373
A0A556CLG9	unreviewed	nitrate reductase (quinone)	taxID:2597691
A0A557PEJ7	unreviewed	nitrate reductase (quinone)	taxID:1667024
A0A557QK36	unreviewed	nitrate reductase (quinone)	taxID:1629404
A0A557RL39	unreviewed	nitrate reductase (quinone)	taxID:1629404
A0A557XRU6	unreviewed	Nitrate reductase alpha subunit	taxID:2592811
A0A558AR51	unreviewed	nitrate reductase (quinone)	taxID:2493691
A0A558DGE6	unreviewed	nitrate reductase (quinone)	taxID:1543721
A0A558DVI1	unreviewed	nitrate reductase (quinone)	taxID:191960
A0A558J6W5	unreviewed	nitrate reductase (quinone)	taxID:664683
A0A558NQP0	unreviewed	nitrate reductase (quinone)	taxID:2597518
A0A559QUG5	unreviewed	nitrate reductase (quinone)	taxID:1403320
A0A559U4J8	unreviewed	Nitrate reductase alpha subunit	taxID:2572903
A0A560PF53	unreviewed	nitrate reductase (quinone)	taxID:2572886
A0A560SC28	unreviewed	nitrate reductase (quinone)	taxID:2572893
A0A560V954	unreviewed	nitrate reductase (quinone)	taxID:2572882
A0A560W7Z3	unreviewed	nitrate reductase (quinone)	taxID:415218
A0A561BWI3	unreviewed	Nitrate reductase alpha subunit	taxID:996641
A0A561C3B4	unreviewed	nitrate reductase (quinone)	taxID:2496117
A0A561SJR4	unreviewed	Nitrate reductase alpha subunit	taxID:1128676
A0A561WLY6	unreviewed	nitrate reductase (quinone)	taxID:1867
A0A561XT57	unreviewed	nitrate reductase (quinone)	taxID:47920
A0A562C1Y3	unreviewed	nitrate reductase (quinone)	taxID:935844
A0A562E6D7	unreviewed	Nitrate reductase alpha subunit	taxID:935266
A0A562LHY0	unreviewed	nitrate reductase (quinone)	taxID:686800
A0A562PBF7	unreviewed	nitrate reductase (quinone)	taxID:871742
A0A562UMH9	unreviewed	nitrate reductase (quinone)	taxID:476157
A0A562VBQ0	unreviewed	nitrate reductase (quinone)	taxID:406432
A0A562VGZ1	unreviewed	nitrate reductase (quinone)	taxID:345631
A0A562WQF3	unreviewed	Nitrate reductase alpha subunit	taxID:47875
A0A562ZWI3	unreviewed	nitrate reductase (quinone)	taxID:2596921
A0A563DZY9	unreviewed	Nitrate reductase alpha subunit	taxID:1660198
A0A564HFW0	unreviewed	nitrate reductase (quinone)	taxID:2587528
A0A564KM10	unreviewed	nitrate reductase (quinone)	taxID:2587528
A0A564LC68	unreviewed	nitrate reductase (quinone)	taxID:2153354
A0A564LWR1	unreviewed	nitrate reductase (quinone)	taxID:2153354
A0A564ZMA4	unreviewed	nitrate reductase (quinone)	taxID:2211376
A0A5A7N6S6	unreviewed	nitrate reductase (quinone)	taxID:1236968
A0A5A7WNU2	unreviewed	Nitrate reductase alpha subunit	taxID:2024612
A0A5A8A5K3	unreviewed	nitrate reductase (quinone)	taxID:2024616
A0A5A9XIT6	unreviewed	nitrate reductase (quinone)	taxID:2597356
A0A5A9Z205	unreviewed	nitrate reductase (quinone)	taxID:2597356
A0A5A9ZDU7	unreviewed	nitrate reductase (quinone)	taxID:2597355
A0A5A9ZLU6	unreviewed	nitrate reductase (quinone)	taxID:2597345
A0A5B0BNB7	unreviewed	nitrate reductase (quinone)	taxID:2597350
A0A5B0DN22	unreviewed	nitrate reductase (quinone)	taxID:2597348
A0A5B0E8Y9	unreviewed	Nitrate reductase alpha subunit	taxID:254787
A0A5B0KBX9	unreviewed	nitrate reductase (quinone)	taxID:2605731
A0A5B0KD95	unreviewed	nitrate reductase (quinone)	taxID:2605731
A0A5B0T1C1	unreviewed	nitrate reductase (quinone)	taxID:1639133
A0A5B0T984	unreviewed	nitrate reductase (quinone)	taxID:1639133
A0A5B0VP51	unreviewed	nitrate reductase (quinone)	taxID:2919747
A0A5B0X120	unreviewed	nitrate reductase (quinone)	taxID:2606449
A0A5B1LC31	unreviewed	nitrate reductase (quinone)	taxID:2607660
A0A5B2V2S1	unreviewed	nitrate reductase (quinone)	taxID:129817
A0A5B2Z3M4	unreviewed	nitrate reductase (quinone)	taxID:2608390
A0A5B7V7L8	unreviewed	nitrate reductase (quinone)	taxID:2136401
A0A5B7W0V9	unreviewed	nitrate reductase (quinone)	taxID:2498848
A0A5B7WQH9	unreviewed	nitrate reductase (quinone)	taxID:162496
A0A5B7ZPC7	unreviewed	nitrate reductase (quinone)	taxID:2202149
A0A5B8C094	unreviewed	nitrate reductase (quinone)	taxID:2589797
A0A5B8IAM6	unreviewed	nitrate reductase (quinone)	taxID:568768
A0A5B8K3V8	unreviewed	nitrate reductase (quinone)	taxID:2600159
A0A5B8M1V7	unreviewed	nitrate reductase (quinone)	taxID:2599293
A0A5B8N588	unreviewed	nitrate reductase (quinone)	taxID:2601898
A0A5B8QXN9	unreviewed	nitrate reductase (quinone)	taxID:256839
A0A5B8RAU3	unreviewed	nitrate reductase (quinone)	taxID:155900
A0A5B8SVU9	unreviewed	nitrate reductase (quinone)	taxID:1883414
A0A5B8TDM6	unreviewed	nitrate reductase (quinone)	taxID:1610
A0A5B8U7K7	unreviewed	nitrate reductase (quinone)	taxID:496014
A0A5B9EKD0	unreviewed	nitrate reductase (quinone)	taxID:2602067
A0A5B9HP63	unreviewed	nitrate reductase (quinone)	taxID:1396
A0A5C0AT52	unreviewed	nitrate reductase (quinone)	taxID:1940612
A0A5C1DCF5	unreviewed	nitrate reductase (quinone)	taxID:2605945
A0A5C1NFC2	unreviewed	nitrate reductase (quinone)	taxID:2562282
A0A5C1W5M2	unreviewed	nitrate reductase (quinone)	taxID:2789216
A0A5C1YCP9	unreviewed	nitrate reductase (quinone)	taxID:2592652
A0A5C2FHP7	unreviewed	nitrate reductase (quinone)	taxID:1155384
A0A5C2HXF8	unreviewed	nitrate reductase (quinone)	taxID:947515
A0A5C2LW77	unreviewed	nitrate reductase (quinone)	taxID:28901
A0A5C2LZW8	unreviewed	nitrate reductase (quinone)	taxID:28901
A0A5C4JKI8	unreviewed	Nitrate reductase alpha subunit	taxID:2508997
A0A5C4LTG9	unreviewed	Nitrate reductase alpha subunit	taxID:2547244
A0A5C4MH75	unreviewed	nitrate reductase (quinone)	taxID:2585211
A0A5C4MSB6	unreviewed	nitrate reductase (quinone)	taxID:2585211
A0A5C4NRV1	unreviewed	nitrate reductase (quinone)	taxID:29581
A0A5C4PKF3	unreviewed	nitrate reductase (quinone)	taxID:2583807
A0A5C4QUL2	unreviewed	Nitrate reductase alpha subunit	taxID:1420891
A0A5C4U6I7	unreviewed	nitrate reductase (quinone)	taxID:1448266
A0A5C4VG71	unreviewed	nitrate reductase (quinone)	taxID:2219224
A0A5C4VL08	unreviewed	Nitrate reductase alpha subunit	taxID:2219224
A0A5C5A8S4	unreviewed	nitrate reductase (quinone)	taxID:2026188
A0A5C5ATF2	unreviewed	nitrate reductase (quinone)	taxID:2587157
A0A5C5CKP9	unreviewed	nitrate reductase (quinone)	taxID:867683
A0A5C5DDZ5	unreviewed	nitrate reductase (quinone)	taxID:2587812
A0A5C5HJX3	unreviewed	nitrate reductase (quinone)	taxID:46626
A0A5C5HME9	unreviewed	nitrate reductase (quinone)	taxID:46626
A0A5C5QCA9	unreviewed	nitrate reductase (quinone)	taxID:359110
A0A5C5UR88	unreviewed	nitrate reductase (quinone)	taxID:679663
A0A5C6CGC0	unreviewed	nitrate reductase (quinone)	taxID:2528003
A0A5C6VH96	unreviewed	nitrate reductase (quinone)	taxID:2057004
A0A5C7CQ88	unreviewed	nitrate reductase (quinone)	taxID:615
A0A5C7G2Y9	unreviewed	nitrate reductase (quinone)	taxID:2603288
A0A5C7KXK5	unreviewed	Nitrate reductase subunit alpha	taxID:2045217
A0A5C7L435	unreviewed	nitrate reductase (quinone)	taxID:2045217
A0A5C7M4T3	unreviewed	Nitrate reductase alpha subunit	taxID:1785
A0A5C7NB65	unreviewed	4Fe-4S Mo/W bis-MGD-type domain-containing protein	taxID:1883427
A0A5C7PDA0	unreviewed	Nitrate reductase alpha subunit	taxID:2900548
A0A5C7PWU7	unreviewed	4Fe-4S Mo/W bis-MGD-type domain-containing protein	taxID:2026722
A0A5C7QNQ7	unreviewed	nitrate reductase (quinone)	taxID:2030806
A0A5C7QSY6	unreviewed	4Fe-4S Mo/W bis-MGD-type domain-containing protein	taxID:1032
A0A5C7R2Z2	unreviewed	nitrate reductase (quinone)	taxID:1971895
A0A5C7SZ29	unreviewed	nitrate reductase (quinone)	taxID:50421
A0A5C7TQW3	unreviewed	4Fe-4S Mo/W bis-MGD-type domain-containing protein	taxID:1869214
A0A5C7UBP4	unreviewed	nitrate reductase (quinone)	taxID:2029855
A0A5C7WAY8	unreviewed	nitrate reductase (quinone)	taxID:43263
A0A5C7X1N8	unreviewed	Nitrate reductase alpha subunit	taxID:1785
A0A5C8AT79	unreviewed	nitrate reductase (quinone)	taxID:2030806
A0A5C8C1E0	unreviewed	nitrate reductase (quinone)	taxID:1871063
A0A5C8JAW2	unreviewed	nitrate reductase (quinone)	taxID:2600577
A0A5C8JUC0	unreviewed	Nitrate reductase alpha subunit	taxID:2600577
A0A5C8ML93	unreviewed	Molybdopterin oxidoreductase domain-containing protein	taxID:2603622
A0A5C8NDH4	unreviewed	Nitrate reductase alpha subunit	taxID:2498846
A0A5C8NHI3	unreviewed	nitrate reductase (quinone)	taxID:2498845
A0A5C8NZ89	unreviewed	nitrate reductase (quinone)	taxID:2498847
A0A5C8P3Q5	unreviewed	nitrate reductase (quinone)	taxID:2498845
A0A5C8P6D9	unreviewed	nitrate reductase (quinone)	taxID:2586908
A0A5C8UQU6	unreviewed	nitrate reductase (quinone)	taxID:2594790
A0A5C9AKE2	unreviewed	Nitrate reductase subunit alpha	taxID:562
A0A5C9ANL9	unreviewed	Nitrate reductase	taxID:562
A0A5C9BAA5	unreviewed	nitrate reductase (quinone)	taxID:1869227
A0A5C9BEF3	unreviewed	4Fe-4S Mo/W bis-MGD-type domain-containing protein	taxID:2052162
A0A5C9CUE1	unreviewed	4Fe-4S Mo/W bis-MGD-type domain-containing protein	taxID:1871071
A0A5D0CMY1	unreviewed	nitrate reductase (quinone)	taxID:862114
A0A5D0MQ07	unreviewed	Nitrate reductase subunit alpha	taxID:2352
A0A5D0MTK5	unreviewed	Nitrate reductase alpha subunit	taxID:2604467
A0A5D0NE49	unreviewed	Nitrate reductase alpha subunit	taxID:392828
A0A5D0NMT2	unreviewed	nitrate reductase (quinone)	taxID:392828
A0A5D0PIL0	unreviewed	nitrate reductase (quinone)	taxID:2604466
A0A5D0QLS7	unreviewed	Nitrate reductase alpha subunit	taxID:2604466
A0A5D0TTB7	unreviewed	Nitrate reductase alpha subunit	taxID:1427538
A0A5D0UHM0	unreviewed	nitrate reductase (quinone)	taxID:1427538
A0A5D0VM75	unreviewed	nitrate reductase (quinone)	taxID:2592624
A0A5D3WHK2	unreviewed	nitrate reductase (quinone)	taxID:213224
A0A5D6W0R7	unreviewed	nitrate reductase (quinone)	taxID:2593411
A0A5D6WVR2	unreviewed	nitrate reductase (quinone)	taxID:2606905
A0A5D8M8N1	unreviewed	nitrate reductase (quinone)	taxID:562
A0A5D9CRE0	unreviewed	nitrate reductase (quinone)	taxID:42566
A0A5E4RMX7	unreviewed	nitrate reductase (quinone)	taxID:2508300
A0A5E4RQ83	unreviewed	nitrate reductase (quinone)	taxID:2508289
A0A5E4UKR6	unreviewed	nitrate reductase (quinone)	taxID:2508294
A0A5E4WQF4	unreviewed	nitrate reductase (quinone)	taxID:2508292
A0A5E4XGU1	unreviewed	nitrate reductase (quinone)	taxID:2508291
A0A5E4YHF4	unreviewed	nitrate reductase (quinone)	taxID:2508294
A0A5E5PN74	unreviewed	nitrate reductase (quinone)	taxID:86473
A0A5E5PTQ1	unreviewed	nitrate reductase (quinone)	taxID:86473
A0A5E5PXK5	unreviewed	nitrate reductase (quinone)	taxID:86473
A0A5E5QND0	unreviewed	nitrate reductase (quinone)	taxID:86473
A0A5E6PUK7	unreviewed	nitrate reductase (quinone)	taxID:294
A0A5E6RW37	unreviewed	nitrate reductase (quinone)	taxID:294
A0A5E7AER3	unreviewed	nitrate reductase (quinone)	taxID:294
A0A5E7B3P5	unreviewed	nitrate reductase (quinone)	taxID:294
A0A5E7BWK7	unreviewed	nitrate reductase (quinone)	taxID:294
A0A5E7CPS5	unreviewed	nitrate reductase (quinone)	taxID:294
A0A5E7DUC1	unreviewed	nitrate reductase (quinone)	taxID:294
A0A5E7H348	unreviewed	nitrate reductase (quinone)	taxID:294
A0A5E7RYW6	unreviewed	nitrate reductase (quinone)	taxID:294
A0A5E7W3P6	unreviewed	nitrate reductase (quinone)	taxID:294
A0A5E9M2A3	unreviewed	nitrate reductase (quinone)	taxID:1282
A0A5F0D3H3	unreviewed	nitrate reductase (quinone)	taxID:1424661
A0A5F1EU10	unreviewed	nitrate reductase (quinone)	taxID:2044462
A0A5F1FDI2	unreviewed	nitrate reductase (quinone)	taxID:2044462
A0A5F1I2K7	unreviewed	nitrate reductase (quinone)	taxID:2041645
A0A5F1I4L1	unreviewed	nitrate reductase (quinone)	taxID:2041645
A0A5F2H703	unreviewed	nitrate reductase (quinone)	taxID:2500531
A0A5H3VN32	unreviewed	nitrate reductase (quinone)	taxID:192955
A0A5H3WDD3	unreviewed	nitrate reductase (quinone)	taxID:90371
A0A5H5FSE2	unreviewed	nitrate reductase (quinone)	taxID:54388
A0A5H5HDF0	unreviewed	nitrate reductase (quinone)	taxID:54388
A0A5H5JQG4	unreviewed	nitrate reductase (quinone)	taxID:1005394
A0A5H5P6A9	unreviewed	nitrate reductase (quinone)	taxID:149386
A0A5H5SY47	unreviewed	nitrate reductase (quinone)	taxID:224727
A0A5H5WCB3	unreviewed	nitrate reductase (quinone)	taxID:59201
A0A5H5ZJD3	unreviewed	nitrate reductase (quinone)	taxID:399587
A0A5H6BUV7	unreviewed	nitrate reductase (quinone)	taxID:597
A0A5H6DM90	unreviewed	nitrate reductase (quinone)	taxID:286782
A0A5H6F645	unreviewed	nitrate reductase (quinone)	taxID:913240
A0A5H6FAX5	unreviewed	nitrate reductase (quinone)	taxID:913240
A0A5H6FNY6	unreviewed	nitrate reductase (quinone)	taxID:358771
A0A5H6J8G1	unreviewed	nitrate reductase (quinone)	taxID:1151001
A0A5H6JK65	unreviewed	nitrate reductase (quinone)	taxID:1151001
A0A5H6JQ41	unreviewed	nitrate reductase (quinone)	taxID:940233
A0A5H6NZP1	unreviewed	nitrate reductase (quinone)	taxID:2021403
A0A5H6NZU9	unreviewed	nitrate reductase (quinone)	taxID:2021403
A0A5H6RA82	unreviewed	nitrate reductase (quinone)	taxID:165302
A0A5H6REV3	unreviewed	nitrate reductase (quinone)	taxID:165302
A0A5H6TPM3	unreviewed	nitrate reductase (quinone)	taxID:29482
A0A5H6YFM9	unreviewed	nitrate reductase (quinone)	taxID:48409
A0A5H7CS31	unreviewed	nitrate reductase (quinone)	taxID:2021402
A0A5H7FU53	unreviewed	nitrate reductase (quinone)	taxID:486999
A0A5H7IDD3	unreviewed	nitrate reductase (quinone)	taxID:2564752
A0A5H7IH73	unreviewed	nitrate reductase (quinone)	taxID:2564752
A0A5H7LEH8	unreviewed	nitrate reductase (quinone)	taxID:28146
A0A5H7LK08	unreviewed	nitrate reductase (quinone)	taxID:28146
A0A5H7N747	unreviewed	nitrate reductase (quinone)	taxID:1954178
A0A5H7S7Z4	unreviewed	nitrate reductase (quinone)	taxID:59201
A0A5H7WBE4	unreviewed	nitrate reductase (quinone)	taxID:1151002
A0A5H7YAE1	unreviewed	nitrate reductase (quinone)	taxID:149386
A0A5H8FEJ5	unreviewed	nitrate reductase (quinone)	taxID:487004
A0A5H8H629	unreviewed	nitrate reductase (quinone)	taxID:57741
A0A5H8HEM6	unreviewed	nitrate reductase (quinone)	taxID:57741
A0A5H8NRQ9	unreviewed	nitrate reductase (quinone)	taxID:149388
A0A5H8QYY3	unreviewed	nitrate reductase (quinone)	taxID:48409
A0A5H8RV20	unreviewed	nitrate reductase (quinone)	taxID:1954178
A0A5H8SVG7	unreviewed	nitrate reductase (quinone)	taxID:913079
A0A5H8U6F1	unreviewed	nitrate reductase (quinone)	taxID:399581
A0A5H9H077	unreviewed	nitrate reductase (quinone)	taxID:487004
A0A5H9RUP8	unreviewed	nitrate reductase (quinone)	taxID:611
A0A5H9S2L0	unreviewed	nitrate reductase (quinone)	taxID:28147
A0A5H9V3C8	unreviewed	nitrate reductase (quinone)	taxID:82689
A0A5H9Y9K1	unreviewed	nitrate reductase (quinone)	taxID:29473
A0A5I0BCL9	unreviewed	nitrate reductase (quinone)	taxID:2564632
A0A5I0BM62	unreviewed	nitrate reductase (quinone)	taxID:2564632
A0A5I0CTY1	unreviewed	nitrate reductase (quinone)	taxID:2564899
A0A5I0D5H0	unreviewed	nitrate reductase (quinone)	taxID:2564899
A0A5I0ET05	unreviewed	nitrate reductase (quinone)	taxID:2564610
A0A5I0EZB5	unreviewed	nitrate reductase (quinone)	taxID:2564610
A0A5I0F5D8	unreviewed	nitrate reductase (quinone)	taxID:486994
A0A5I0KNN3	unreviewed	nitrate reductase (quinone)	taxID:1151001
A0A5I0M5V6	unreviewed	nitrate reductase (quinone)	taxID:486992
A0A5I0MQP8	unreviewed	nitrate reductase (quinone)	taxID:1151180
A0A5I0MSJ9	unreviewed	nitrate reductase (quinone)	taxID:1151180
A0A5I0QC56	unreviewed	nitrate reductase (quinone)	taxID:149390
A0A5I0QSJ4	unreviewed	nitrate reductase (quinone)	taxID:913079
A0A5I0S1U5	unreviewed	nitrate reductase (quinone)	taxID:1967642
A0A5I0S398	unreviewed	nitrate reductase (quinone)	taxID:1967642
A0A5I0SY82	unreviewed	nitrate reductase (quinone)	taxID:399584
A0A5I0UUG4	unreviewed	nitrate reductase (quinone)	taxID:486994
A0A5I0XF36	unreviewed	nitrate reductase (quinone)	taxID:611
A0A5I0ZAJ9	unreviewed	nitrate reductase (quinone)	taxID:2572724
A0A5I0ZN18	unreviewed	nitrate reductase (quinone)	taxID:2572724
A0A5I1FRR3	unreviewed	nitrate reductase (quinone)	taxID:29482
A0A5I1KKU0	unreviewed	nitrate reductase (quinone)	taxID:48409
A0A5I1N1R7	unreviewed	nitrate reductase (quinone)	taxID:189201
A0A5I1RB24	unreviewed	nitrate reductase (quinone)	taxID:48409
A0A5I1TXZ4	unreviewed	nitrate reductase (quinone)	taxID:149387
A0A5I1XI52	unreviewed	nitrate reductase (quinone)	taxID:149387
A0A5I1Z1A9	unreviewed	nitrate reductase (quinone)	taxID:363569
A0A5I2JPC5	unreviewed	nitrate reductase (quinone)	taxID:399581
A0A5I2L938	unreviewed	nitrate reductase (quinone)	taxID:1954178
A0A5I2XDM9	unreviewed	nitrate reductase (quinone)	taxID:597
A0A5I3D0I4	unreviewed	nitrate reductase (quinone)	taxID:1965103
A0A5I3GVM5	unreviewed	nitrate reductase (quinone)	taxID:48409
A0A5I3I4Y9	unreviewed	nitrate reductase (quinone)	taxID:940233
A0A5I3V0S3	unreviewed	nitrate reductase (quinone)	taxID:913079
A0A5I3WQJ9	unreviewed	nitrate reductase (quinone)	taxID:286782
A0A5I3YHK4	unreviewed	nitrate reductase (quinone)	taxID:1151002
A0A5I4ATY1	unreviewed	nitrate reductase (quinone)	taxID:224727
A0A5I4KGH1	unreviewed	nitrate reductase (quinone)	taxID:260367
A0A5I4KJH6	unreviewed	nitrate reductase (quinone)	taxID:260367
A0A5I4QE17	unreviewed	nitrate reductase (quinone)	taxID:28147
A0A5I4U1H1	unreviewed	nitrate reductase (quinone)	taxID:29473
A0A5I4X9Y3	unreviewed	nitrate reductase (quinone)	taxID:82689
A0A5I4ZTJ2	unreviewed	nitrate reductase (quinone)	taxID:2565162
A0A5I4ZVC8	unreviewed	nitrate reductase (quinone)	taxID:2565162
A0A5I5DBG4	unreviewed	nitrate reductase (quinone)	taxID:1160755
A0A5I5DEP4	unreviewed	nitrate reductase (quinone)	taxID:149390
A0A5I5DPV1	unreviewed	nitrate reductase (quinone)	taxID:286780
A0A5I5DVP4	unreviewed	nitrate reductase (quinone)	taxID:286780
A0A5I5GMJ6	unreviewed	nitrate reductase (quinone)	taxID:1005394
A0A5I5SSR5	unreviewed	nitrate reductase (quinone)	taxID:1386015
A0A5I5SYT0	unreviewed	nitrate reductase (quinone)	taxID:1386015
A0A5I5YUX1	unreviewed	nitrate reductase (quinone)	taxID:189201
A0A5I6C991	unreviewed	nitrate reductase (quinone)	taxID:1403564
A0A5I6I0P6	unreviewed	nitrate reductase (quinone)	taxID:1403564
A0A5I6Q5U0	unreviewed	nitrate reductase (quinone)	taxID:682797
A0A5I6QQC4	unreviewed	nitrate reductase (quinone)	taxID:682797
A0A5I6WMT6	unreviewed	nitrate reductase (quinone)	taxID:149387
A0A5I8HDL8	unreviewed	nitrate reductase (quinone)	taxID:98360
A0A5I8HWS6	unreviewed	nitrate reductase (quinone)	taxID:1243585
A0A5I8I1R2	unreviewed	nitrate reductase (quinone)	taxID:1243585
A0A5I8PXS8	unreviewed	nitrate reductase (quinone)	taxID:119912
A0A5I8VDP6	unreviewed	nitrate reductase (quinone)	taxID:2565057
A0A5I8VL87	unreviewed	nitrate reductase (quinone)	taxID:2565057
A0A5I8XT33	unreviewed	nitrate reductase (quinone)	taxID:399584
A0A5I9BEN3	unreviewed	nitrate reductase (quinone)	taxID:2564391
A0A5I9BFS0	unreviewed	nitrate reductase (quinone)	taxID:2564391
A0A5I9S3E0	unreviewed	nitrate reductase (quinone)	taxID:486999
A0A5I9Y8N6	unreviewed	nitrate reductase (quinone)	taxID:98360
A0A5J0C499	unreviewed	nitrate reductase (quinone)	taxID:224727
A0A5J0HTW4	unreviewed	nitrate reductase (quinone)	taxID:1151173
A0A5J0KC78	unreviewed	nitrate reductase (quinone)	taxID:28147
A0A5J0REI7	unreviewed	nitrate reductase (quinone)	taxID:149388
A0A5J0S4G8	unreviewed	nitrate reductase (quinone)	taxID:224727
A0A5J0XJL7	unreviewed	nitrate reductase (quinone)	taxID:399581
A0A5J1SKT2	unreviewed	nitrate reductase (quinone)	taxID:149390
A0A5J1U637	unreviewed	nitrate reductase (quinone)	taxID:358771
A0A5J1V4L9	unreviewed	nitrate reductase (quinone)	taxID:48409
A0A5J1VT10	unreviewed	nitrate reductase (quinone)	taxID:28147
A0A5J2EHG7	unreviewed	nitrate reductase (quinone)	taxID:399587
A0A5J2K8J0	unreviewed	nitrate reductase (quinone)	taxID:1151001
A0A5J2RCH3	unreviewed	4Fe-4S Mo/W bis-MGD-type domain-containing protein	taxID:611
A0A5J5HPE3	unreviewed	nitrate reductase (quinone)	taxID:2036016
A0A5J5INZ7	unreviewed	nitrate reductase (quinone)	taxID:661398
A0A5J5JVX2	unreviewed	Nitrate reductase alpha subunit	taxID:2614688
A0A5J5KXQ0	unreviewed	nitrate reductase (quinone)	taxID:1461025
A0A5J6FIB6	unreviewed	Nitrate reductase alpha subunit	taxID:28894
A0A5J6GFM1	unreviewed	Nitrate reductase alpha subunit	taxID:1967
A0A5J6GPD8	unreviewed	nitrate reductase (quinone)	taxID:1967
A0A5J6HSG0	unreviewed	Nitrate reductase alpha subunit	taxID:132473
A0A5J6MQR6	unreviewed	nitrate reductase (quinone)	taxID:2602015
A0A5J6P846	unreviewed	nitrate reductase (quinone)	taxID:2303332
A0A5J6PZJ7	unreviewed	nitrate reductase (quinone)	taxID:640030
A0A5J6QE58	unreviewed	nitrate reductase (quinone)	taxID:2604941
A0A5J6QSJ7	unreviewed	nitrate reductase (quinone)	taxID:2604832
A0A5J6V911	unreviewed	nitrate reductase (quinone)	taxID:2593973
A0A5K1I5Z1	unreviewed	nitrate reductase (quinone)	taxID:2607506
A0A5K7SF61	unreviewed	nitrate reductase (quinone)	taxID:2010828
A0A5K7Z9P9	unreviewed	nitrate reductase (quinone)	taxID:947919
A0A5M3PL76	unreviewed	nitrate reductase (quinone)	taxID:418719
A0A5M3PY98	unreviewed	nitrate reductase (quinone)	taxID:418719
A0A5M3Y1U5	unreviewed	Nitrate reductase alpha subunit	taxID:90975
A0A5M4ANB9	unreviewed	nitrate reductase (quinone)	taxID:2652391
A0A5M7C8U3	unreviewed	Nitrate reductase alpha subunit	taxID:1837
A0A5M7PYH1	unreviewed	nitrate reductase (quinone)	taxID:2608038
A0A5M8E3I1	unreviewed	nitrate reductase (quinone)	taxID:76761
A0A5M8RW32	unreviewed	nitrate reductase (quinone)	taxID:1925020
A0A5M8RXU1	unreviewed	nitrate reductase (quinone)	taxID:1925020
A0A5M9H5D0	unreviewed	nitrate reductase (quinone)	taxID:2026186
A0A5M9J245	unreviewed	nitrate reductase (quinone)	taxID:359110
A0A5M9R4D3	unreviewed	nitrate reductase (quinone)	taxID:368603
A0A5M9U2H7	unreviewed	nitrate reductase (quinone)	taxID:2580422
A0A5M9WXL5	unreviewed	nitrate reductase (quinone)	taxID:1451
A0A5N0TK37	unreviewed	nitrate reductase (quinone)	taxID:2614638
A0A5N3CT81	unreviewed	nitrate reductase (quinone)	taxID:562
A0A5N3CYE3	unreviewed	nitrate reductase (quinone)	taxID:562
A0A5N5VDJ7	unreviewed	Nitrate reductase alpha subunit	taxID:1226750
A0A5N6BIJ5	unreviewed	Nitrate reductase alpha subunit	taxID:1712871
A0A5N6BKB9	unreviewed	nitrate reductase (quinone)	taxID:1712871
A0A5N6MSL3	unreviewed	nitrate reductase (quinone)	taxID:2606616
A0A5N8UTM1	unreviewed	nitrate reductase (quinone)	taxID:2601268
A0A5N8V7M3	unreviewed	Nitrate reductase alpha subunit	taxID:1609272
A0A5N8V837	unreviewed	Nitrate reductase alpha subunit	taxID:1609272
A0A5N8VV00	unreviewed	Nitrate reductase alpha subunit	taxID:1803180
A0A5N8W611	unreviewed	Nitrate reductase alpha subunit	taxID:1803180
A0A5N9G5T0	unreviewed	nitrate reductase (quinone)	taxID:2030829
A0A5P1RD55	unreviewed	nitrate reductase (quinone)	taxID:1031538
A0A5P2BFX1	unreviewed	Nitrate reductase alpha subunit	taxID:54571
A0A5P2BK50	unreviewed	Nitrate reductase alpha subunit	taxID:54571
A0A5P2BST5	unreviewed	Nitrate reductase alpha subunit	taxID:54571
A0A5P2C738	unreviewed	nitrate reductase (quinone)	taxID:54571
A0A5P2C8K6	unreviewed	nitrate reductase (quinone)	taxID:54571
A0A5P2CD91	unreviewed	nitrate reductase (quinone)	taxID:54571
A0A5P2CN09	unreviewed	Nitrate reductase alpha subunit	taxID:54571
A0A5P2CPH0	unreviewed	Nitrate reductase alpha subunit	taxID:54571
A0A5P2QRD0	unreviewed	4Fe-4S Mo/W bis-MGD-type domain-containing protein	taxID:147645
A0A5P2WAL6	unreviewed	Nitrate reductase alpha subunit	taxID:40318
A0A5P2XBF6	unreviewed	Nitrate reductase alpha subunit	taxID:68270
A0A5P2XP17	unreviewed	nitrate reductase (quinone)	taxID:68270
A0A5P3HXN8	unreviewed	nitrate reductase (quinone)	taxID:573
A0A5P3VEY1	unreviewed	nitrate reductase (quinone)	taxID:96344
A0A5P8FKV2	unreviewed	nitrate reductase (quinone)	taxID:262209
A0A5P9C8V8	unreviewed	nitrate reductase (quinone)	taxID:2587863
A0A5P9IK09	unreviewed	nitrate reductase (quinone)	taxID:2587844
A0A5P9PNH4	unreviewed	Nitrate reductase alpha subunit	taxID:2653857
A0A5P9WFD1	unreviewed	Nitrate reductase alpha subunit	taxID:2662065
A0A5P9WGA3	unreviewed	Nitrate reductase alpha subunit	taxID:2662065
A0A5P9WWN6	unreviewed	nitrate reductase (quinone)	taxID:2662065
A0A5P9XPP4	unreviewed	nitrate reductase (quinone)	taxID:637390
A0A5P9XS17	unreviewed	nitrate reductase (quinone)	taxID:637390
A0A5Q0HEL9	unreviewed	nitrate reductase (quinone)	taxID:103733
A0A5Q0SK64	unreviewed	nitrate reductase (quinone)	taxID:2663019
A0A5Q0TPS5	unreviewed	nitrate reductase (quinone)	taxID:2663020
A0A5Q2F6Y4	unreviewed	nitrate reductase (quinone)	taxID:2662261
A0A5Q2T7X3	unreviewed	nitrate reductase (quinone)	taxID:61648
A0A5Q2TN45	unreviewed	nitrate reductase (quinone)	taxID:2663022
A0A5Q2VGI1	unreviewed	nitrate reductase (quinone)	taxID:28151
A0A5Q2VXL9	unreviewed	nitrate reductase (quinone)	taxID:2654547
A0A5Q5BGP7	unreviewed	Nitrate reductase alpha subunit	taxID:164756
A0A5Q5CD07	unreviewed	Nitrate reductase alpha subunit	taxID:164757
A0A5Q6S2Q3	unreviewed	nitrate reductase (quinone)	taxID:2585211
A0A5Q8CF84	unreviewed	nitrate reductase (quinone)	taxID:2496767
A0A5R1NRG6	unreviewed	nitrate reductase (quinone)	taxID:2555867
A0A5R1NWP3	unreviewed	nitrate reductase (quinone)	taxID:1259242
A0A5R1YFG0	unreviewed	nitrate reductase (quinone)	taxID:595
A0A5R1YQ28	unreviewed	nitrate reductase (quinone)	taxID:595
A0A5R1YT78	unreviewed	4Fe-4S Mo/W bis-MGD-type domain-containing protein	taxID:149539
A0A5R1Z1J5	unreviewed	Molybdopterin oxidoreductase domain-containing protein	taxID:149539
A0A5R8MKC3	unreviewed	nitrate reductase (quinone)	taxID:490901
A0A5R8NJJ8	unreviewed	Nitrate reductase alpha subunit	taxID:135487
A0A5R8PCW6	unreviewed	Nitrate reductase alpha subunit	taxID:135487
A0A5R8TD33	unreviewed	nitrate reductase (quinone)	taxID:941280
A0A5R8YJD3	unreviewed	nitrate reductase (quinone)	taxID:2576905
A0A5R8ZX47	unreviewed	nitrate reductase (quinone)	taxID:46680
A0A5R9A4B3	unreviewed	nitrate reductase (quinone)	taxID:46680
A0A5R9B0B7	unreviewed	nitrate reductase (quinone)	taxID:1288
A0A5R9ILJ9	unreviewed	nitrate reductase (quinone)	taxID:2020715
A0A5R9LKS3	unreviewed	nitrate reductase (quinone)	taxID:2582917
A0A5R9PD95	unreviewed	nitrate reductase (quinone)	taxID:215690
A0A5R9QA58	unreviewed	nitrate reductase (quinone)	taxID:1056496
A0A5R9QLA3	unreviewed	nitrate reductase (quinone)	taxID:2571105
A0A5S3QMS1	unreviewed	nitrate reductase (quinone)	taxID:2583219
A0A5S3QP03	unreviewed	nitrate reductase (quinone)	taxID:2583219
A0A5S3WNA7	unreviewed	nitrate reductase (quinone)	taxID:43658
A0A5S4EMW6	unreviewed	nitrate reductase (quinone)	taxID:327160
A0A5S4FQS5	unreviewed	nitrate reductase (quinone)	taxID:1642303
A0A5S4FT69	unreviewed	nitrate reductase (quinone)	taxID:103838
A0A5S4H118	unreviewed	Nitrate reductase subunit alpha	taxID:882440
A0A5S4H5D7	unreviewed	Nitrate reductase alpha subunit	taxID:882440
A0A5S4U575	unreviewed	nitrate reductase (quinone)	taxID:2576377
A0A5S4VGZ2	unreviewed	nitrate reductase (quinone)	taxID:2604423
A0A5S5B8H1	unreviewed	nitrate reductase (quinone)	taxID:316
A0A5S9EUF0	unreviewed	nitrate reductase (quinone)	taxID:1280
A0A5T2H4B7	unreviewed	nitrate reductase (quinone)	taxID:28901
A0A5T2NYC7	unreviewed	nitrate reductase (quinone)	taxID:28901
A0A5T2RQS5	unreviewed	nitrate reductase (quinone)	taxID:28901
A0A5T2VN10	unreviewed	nitrate reductase (quinone)	taxID:28901
A0A5T2WDE5	unreviewed	nitrate reductase (quinone)	taxID:28901
A0A5T3B0A6	unreviewed	nitrate reductase (quinone)	taxID:28901
A0A5T3BN46	unreviewed	nitrate reductase (quinone)	taxID:28901
A0A5T3D039	unreviewed	nitrate reductase (quinone)	taxID:28901
A0A5T3D142	unreviewed	nitrate reductase (quinone)	taxID:28901
A0A5T3DA99	unreviewed	nitrate reductase (quinone)	taxID:28901
A0A5T3M466	unreviewed	nitrate reductase (quinone)	taxID:28901
A0A5T3NCL7	unreviewed	nitrate reductase (quinone)	taxID:28901
A0A5T3NEW4	unreviewed	nitrate reductase (quinone)	taxID:28901
A0A5T3RDM5	unreviewed	nitrate reductase (quinone)	taxID:28901
A0A5T3RN75	unreviewed	nitrate reductase (quinone)	taxID:28901
A0A5T3VNL1	unreviewed	nitrate reductase (quinone)	taxID:28901
A0A5T4G8P8	unreviewed	nitrate reductase (quinone)	taxID:90370
A0A5T4WGU8	unreviewed	nitrate reductase (quinone)	taxID:28901
A0A5T5AJW4	unreviewed	nitrate reductase (quinone)	taxID:28901
A0A5T5I9A3	unreviewed	nitrate reductase (quinone)	taxID:57045
A0A5T5I9W2	unreviewed	nitrate reductase (quinone)	taxID:57045
A0A5T6D8B9	unreviewed	nitrate reductase (quinone)	taxID:28901
A0A5T6GF72	unreviewed	nitrate reductase (quinone)	taxID:28901
A0A5T6IMH2	unreviewed	nitrate reductase (quinone)	taxID:28901
A0A5T6K1P2	unreviewed	4Fe-4S Mo/W bis-MGD-type domain-containing protein	taxID:28901
A0A5T6NS97	unreviewed	nitrate reductase (quinone)	taxID:28901
A0A5T6PP04	unreviewed	nitrate reductase (quinone)	taxID:28901
A0A5T6W223	unreviewed	nitrate reductase (quinone)	taxID:28901
A0A5T6WUV9	unreviewed	nitrate reductase (quinone)	taxID:596
A0A5T6XWY6	unreviewed	nitrate reductase (quinone)	taxID:28901
A0A5T7KNJ3	unreviewed	nitrate reductase (quinone)	taxID:149539
A0A5T7KQ31	unreviewed	nitrate reductase (quinone)	taxID:149539
A0A5T7M8L2	unreviewed	nitrate reductase (quinone)	taxID:595
A0A5T7T9R0	unreviewed	nitrate reductase (quinone)	taxID:28901
A0A5T8I642	unreviewed	nitrate reductase (quinone)	taxID:28901
A0A5T8RKR7	unreviewed	nitrate reductase (quinone)	taxID:28901
A0A5T8U111	unreviewed	nitrate reductase (quinone)	taxID:28901
A0A5T8UVJ0	unreviewed	4Fe-4S Mo/W bis-MGD-type domain-containing protein	taxID:28901
A0A5T9EN25	unreviewed	nitrate reductase (quinone)	taxID:28901
A0A5U0FRS4	unreviewed	nitrate reductase (quinone)	taxID:28901
A0A5U0FZI5	unreviewed	nitrate reductase (quinone)	taxID:28901
A0A5U0QNM9	unreviewed	nitrate reductase (quinone)	taxID:28901
A0A5U0QPB2	unreviewed	nitrate reductase (quinone)	taxID:28901
A0A5U1EYF0	unreviewed	nitrate reductase (quinone)	taxID:28901
A0A5U1FDW6	unreviewed	nitrate reductase (quinone)	taxID:28901
A0A5U1Q5D8	unreviewed	nitrate reductase (quinone)	taxID:28901
A0A5U1SMK8	unreviewed	nitrate reductase (quinone)	taxID:28901
A0A5U1VQE9	unreviewed	nitrate reductase (quinone)	taxID:596
A0A5U2AH11	unreviewed	nitrate reductase (quinone)	taxID:28901
A0A5U2C0U2	unreviewed	nitrate reductase (quinone)	taxID:28901
A0A5U2D808	unreviewed	nitrate reductase (quinone)	taxID:28901
A0A5U2EZU8	unreviewed	nitrate reductase (quinone)	taxID:28901
A0A5U2F2H1	unreviewed	nitrate reductase (quinone)	taxID:28901
A0A5U2IYA2	unreviewed	nitrate reductase (quinone)	taxID:28901
A0A5U2NJ80	unreviewed	nitrate reductase (quinone)	taxID:28901
A0A5U2NKX1	unreviewed	nitrate reductase (quinone)	taxID:28901
A0A5U2PQ73	unreviewed	nitrate reductase (quinone)	taxID:28901
A0A5U2Q240	unreviewed	nitrate reductase (quinone)	taxID:28901
A0A5U2RRX0	unreviewed	nitrate reductase (quinone)	taxID:28901
A0A5U2RX32	unreviewed	nitrate reductase (quinone)	taxID:28901
A0A5U2TXR7	unreviewed	nitrate reductase (quinone)	taxID:28901
A0A5U2W5K1	unreviewed	nitrate reductase (quinone)	taxID:28901
A0A5U3AZF6	unreviewed	Nitrate reductase subunit alpha	taxID:28901
A0A5U3ED91	unreviewed	nitrate reductase (quinone)	taxID:59201
A0A5U3EPY7	unreviewed	Nitrate reductase subunit alpha	taxID:59201
A0A5U3EX92	unreviewed	nitrate reductase (quinone)	taxID:59201
A0A5U3FYA3	unreviewed	nitrate reductase (quinone)	taxID:59201
A0A5U3HLH0	unreviewed	nitrate reductase (quinone)	taxID:28901
A0A5U3J266	unreviewed	4Fe-4S Mo/W bis-MGD-type domain-containing protein	taxID:28901
A0A5U3J9K0	unreviewed	4Fe-4S Mo/W bis-MGD-type domain-containing protein	taxID:28901
A0A5U3JMT8	unreviewed	Nitrate reductase subunit alpha	taxID:28901
A0A5U3QBR0	unreviewed	nitrate reductase (quinone)	taxID:28901
A0A5U3R463	unreviewed	nitrate reductase (quinone)	taxID:28901
A0A5U3R5M2	unreviewed	nitrate reductase (quinone)	taxID:28901
A0A5U3RQC9	unreviewed	nitrate reductase (quinone)	taxID:59201
A0A5U3WQ95	unreviewed	nitrate reductase (quinone)	taxID:28901
A0A5U3XES3	unreviewed	nitrate reductase (quinone)	taxID:28901
A0A5U4BW00	unreviewed	nitrate reductase (quinone)	taxID:28901
A0A5U4CVK9	unreviewed	nitrate reductase (quinone)	taxID:28901
A0A5U4D7Z0	unreviewed	nitrate reductase (quinone)	taxID:28901
A0A5U4EDY2	unreviewed	4Fe-4S Mo/W bis-MGD-type domain-containing protein	taxID:28901
A0A5U4L1F8	unreviewed	nitrate reductase (quinone)	taxID:59201
A0A5U4S6L5	unreviewed	nitrate reductase (quinone)	taxID:28901
A0A5U4S9E5	unreviewed	nitrate reductase (quinone)	taxID:28901
A0A5U4SEC4	unreviewed	nitrate reductase (quinone)	taxID:28901
A0A5U4XA01	unreviewed	Nitrate reductase subunit alpha	taxID:59201
A0A5U4XAP5	unreviewed	4Fe-4S Mo/W bis-MGD-type domain-containing protein	taxID:59201
A0A5U4XBP5	unreviewed	nitrate reductase (quinone)	taxID:28901
A0A5U5BDT8	unreviewed	nitrate reductase (quinone)	taxID:28901
A0A5U5D7B8	unreviewed	nitrate reductase (quinone)	taxID:28901
A0A5U5DES9	unreviewed	nitrate reductase (quinone)	taxID:28901
A0A5U5FKH6	unreviewed	nitrate reductase (quinone)	taxID:28901
A0A5U5HL50	unreviewed	nitrate reductase (quinone)	taxID:28901
A0A5U5IKS6	unreviewed	nitrate reductase (quinone)	taxID:28901
A0A5U5LUT8	unreviewed	nitrate reductase (quinone)	taxID:28901
A0A5U5NKV6	unreviewed	4Fe-4S Mo/W bis-MGD-type domain-containing protein	taxID:28901
A0A5U5SWI0	unreviewed	nitrate reductase (quinone)	taxID:28901
A0A5U5Z820	unreviewed	nitrate reductase (quinone)	taxID:28901
A0A5U5ZP95	unreviewed	nitrate reductase (quinone)	taxID:28901
A0A5U6T1H5	unreviewed	nitrate reductase (quinone)	taxID:28901
A0A5U6TIB3	unreviewed	nitrate reductase (quinone)	taxID:28901
A0A5U7AJC8	unreviewed	nitrate reductase (quinone)	taxID:28901
A0A5U7LX17	unreviewed	nitrate reductase (quinone)	taxID:28901
A0A5U7QT12	unreviewed	nitrate reductase (quinone)	taxID:28901
A0A5U7R1N8	unreviewed	nitrate reductase (quinone)	taxID:28901
A0A5U7RGG2	unreviewed	nitrate reductase (quinone)	taxID:28901
A0A5U8A319	unreviewed	nitrate reductase (quinone)	taxID:28901
A0A5U8CVF0	unreviewed	nitrate reductase (quinone)	taxID:28901
A0A5U8JGA3	unreviewed	nitrate reductase (quinone)	taxID:29472
A0A5U8JMD8	unreviewed	4Fe-4S Mo/W bis-MGD-type domain-containing protein	taxID:149385
A0A5U8K8C2	unreviewed	nitrate reductase (quinone)	taxID:224729
A0A5U8PQE6	unreviewed	nitrate reductase (quinone)	taxID:595
A0A5U8RDB0	unreviewed	nitrate reductase (quinone)	taxID:108619
A0A5U8T3L1	unreviewed	nitrate reductase (quinone)	taxID:179997
A0A5U8Y762	unreviewed	nitrate reductase (quinone)	taxID:48409
A0A5U8YA04	unreviewed	nitrate reductase (quinone)	taxID:1151002
A0A5U9GMB3	unreviewed	nitrate reductase (quinone)	taxID:595
A0A5U9GMM1	unreviewed	nitrate reductase (quinone)	taxID:595
A0A5U9I0L2	unreviewed	nitrate reductase (quinone)	taxID:90105
A0A5U9PNI3	unreviewed	nitrate reductase (quinone)	taxID:1967657
A0A5U9QVY9	unreviewed	4Fe-4S Mo/W bis-MGD-type domain-containing protein	taxID:340190
A0A5U9R5K3	unreviewed	nitrate reductase (quinone)	taxID:224729
A0A5U9U3F1	unreviewed	nitrate reductase (quinone)	taxID:58097
A0A5V0B6Y3	unreviewed	nitrate reductase (quinone)	taxID:149539
A0A5V0FKS3	unreviewed	nitrate reductase (quinone)	taxID:29482
A0A5V0HN65	unreviewed	nitrate reductase (quinone)	taxID:90370
A0A5V0IIT7	unreviewed	nitrate reductase (quinone)	taxID:28901
A0A5V0IR96	unreviewed	nitrate reductase (quinone)	taxID:28901
A0A5V0KCK5	unreviewed	nitrate reductase (quinone)	taxID:28901
A0A5V0PRB8	unreviewed	nitrate reductase (quinone)	taxID:28901
A0A5V0QAZ6	unreviewed	nitrate reductase (quinone)	taxID:28901
A0A5V1A8V0	unreviewed	nitrate reductase (quinone)	taxID:28901
A0A5V1EKQ7	unreviewed	nitrate reductase (quinone)	taxID:28901
A0A5V1ETS1	unreviewed	nitrate reductase (quinone)	taxID:28901
A0A5V1GXA8	unreviewed	nitrate reductase (quinone)	taxID:28901
A0A5V1J2B8	unreviewed	nitrate reductase (quinone)	taxID:28901
A0A5V1JNN3	unreviewed	nitrate reductase (quinone)	taxID:28901
A0A5V1NHM0	unreviewed	nitrate reductase (quinone)	taxID:28901
A0A5V1PBG4	unreviewed	nitrate reductase (quinone)	taxID:28901
A0A5V1Y1P2	unreviewed	nitrate reductase (quinone)	taxID:28901
A0A5V1ZXV3	unreviewed	nitrate reductase (quinone)	taxID:28901
A0A5V2QRU4	unreviewed	nitrate reductase (quinone)	taxID:28901
A0A5V2WUM3	unreviewed	nitrate reductase (quinone)	taxID:28901
A0A5V3FDQ1	unreviewed	nitrate reductase (quinone)	taxID:28901
A0A5V3UTC0	unreviewed	nitrate reductase (quinone)	taxID:28901
A0A5V4EU36	unreviewed	nitrate reductase (quinone)	taxID:28901
A0A5V4KFY2	unreviewed	nitrate reductase (quinone)	taxID:28901
A0A5V4L9B6	unreviewed	nitrate reductase (quinone)	taxID:28901
A0A5V4LFQ5	unreviewed	nitrate reductase (quinone)	taxID:28901
A0A5V4Q435	unreviewed	nitrate reductase (quinone)	taxID:28901
A0A5V5ECH6	unreviewed	nitrate reductase (quinone)	taxID:28901
A0A5V5HBR6	unreviewed	nitrate reductase (quinone)	taxID:28901
A0A5V5HCB0	unreviewed	nitrate reductase (quinone)	taxID:28901
A0A5V5SNN2	unreviewed	nitrate reductase (quinone)	taxID:28901
A0A5V6PTW5	unreviewed	nitrate reductase (quinone)	taxID:2564309
A0A5V7QZU4	unreviewed	nitrate reductase (quinone)	taxID:224727
A0A5V8A8T4	unreviewed	nitrate reductase (quinone)	taxID:143221
A0A5V8Y6L1	unreviewed	nitrate reductase (quinone)	taxID:2564590
A0A5V8Y7Y6	unreviewed	nitrate reductase (quinone)	taxID:2564590
A0A5V9GEB6	unreviewed	nitrate reductase (quinone)	taxID:913085
A0A5V9GMM1	unreviewed	nitrate reductase (quinone)	taxID:913085
A0A5V9IAM2	unreviewed	nitrate reductase (quinone)	taxID:90105
A0A5V9ZKD1	unreviewed	nitrate reductase (quinone)	taxID:149539
A0A5W0A7L9	unreviewed	nitrate reductase (quinone)	taxID:260678
A0A5W0A8J7	unreviewed	nitrate reductase (quinone)	taxID:260678
A0A5W0D3I0	unreviewed	nitrate reductase (quinone)	taxID:596
A0A5W0MQ12	unreviewed	nitrate reductase (quinone)	taxID:211968
A0A5W0NP63	unreviewed	nitrate reductase (quinone)	taxID:1192839
A0A5W0X3Z5	unreviewed	nitrate reductase (quinone)	taxID:1620419
A0A5W0X8V6	unreviewed	nitrate reductase (quinone)	taxID:1620419
A0A5W1A187	unreviewed	nitrate reductase (quinone)	taxID:58096
A0A5W1RI13	unreviewed	nitrate reductase (quinone)	taxID:340188
A0A5W1UDP4	unreviewed	nitrate reductase (quinone)	taxID:90105
A0A5W2A6M6	unreviewed	nitrate reductase (quinone)	taxID:2564937
A0A5W2ACG0	unreviewed	nitrate reductase (quinone)	taxID:2564937
A0A5W2LPG1	unreviewed	nitrate reductase (quinone)	taxID:2564671
A0A5W2M073	unreviewed	4Fe-4S Mo/W bis-MGD-type domain-containing protein	taxID:2564671
A0A5W2RFH3	unreviewed	nitrate reductase (quinone)	taxID:192955
A0A5W2UH62	unreviewed	nitrate reductase (quinone)	taxID:90371
A0A5W2VBM7	unreviewed	nitrate reductase (quinone)	taxID:90371
A0A5W2WS67	unreviewed	nitrate reductase (quinone)	taxID:115981
A0A5W3B4R8	unreviewed	nitrate reductase (quinone)	taxID:1620419
A0A5W3E4N1	unreviewed	nitrate reductase (quinone)	taxID:58712
A0A5W3GGS2	unreviewed	nitrate reductase (quinone)	taxID:436295
A0A5W3I6D0	unreviewed	nitrate reductase (quinone)	taxID:192953
A0A5W3RSP1	unreviewed	nitrate reductase (quinone)	taxID:2564309
A0A5W4AXX5	unreviewed	nitrate reductase (quinone)	taxID:149385
A0A5W4F3T1	unreviewed	nitrate reductase (quinone)	taxID:1620419
A0A5W4NTZ2	unreviewed	nitrate reductase (quinone)	taxID:211968
A0A5W4R8M6	unreviewed	nitrate reductase (quinone)	taxID:192953
A0A5W4VC92	unreviewed	4Fe-4S Mo/W bis-MGD-type domain-containing protein	taxID:913079
A0A5W5GX30	unreviewed	nitrate reductase (quinone)	taxID:224729
A0A5W5H3T5	unreviewed	nitrate reductase (quinone)	taxID:224729
A0A5W5I485	unreviewed	nitrate reductase (quinone)	taxID:340188
A0A5W5K399	unreviewed	nitrate reductase (quinone)	taxID:612
A0A5W5KMR5	unreviewed	nitrate reductase (quinone)	taxID:612
A0A5W5N3T4	unreviewed	nitrate reductase (quinone)	taxID:224729
A0A5W5NJR0	unreviewed	nitrate reductase (quinone)	taxID:224729
A0A5W6DKX0	unreviewed	nitrate reductase (quinone)	taxID:595
A0A5W6HTG4	unreviewed	nitrate reductase (quinone)	taxID:192953
A0A5W6ZH42	unreviewed	nitrate reductase (quinone)	taxID:436295
A0A5W7BHT4	unreviewed	nitrate reductase (quinone)	taxID:90105
A0A5W7QL53	unreviewed	nitrate reductase (quinone)	taxID:90371
A0A5W7RQ16	unreviewed	nitrate reductase (quinone)	taxID:1192730
A0A5W7S252	unreviewed	nitrate reductase (quinone)	taxID:1192730
A0A5W7Z3W1	unreviewed	nitrate reductase (quinone)	taxID:28144
A0A5W8FEP3	unreviewed	nitrate reductase (quinone)	taxID:58095
A0A5W8FLN6	unreviewed	nitrate reductase (quinone)	taxID:28147
A0A5W8MEB4	unreviewed	nitrate reductase (quinone)	taxID:2564537
A0A5W8MFZ9	unreviewed	nitrate reductase (quinone)	taxID:2564537
A0A5W8R1L0	unreviewed	nitrate reductase (quinone)	taxID:593905
A0A5W9CJA8	unreviewed	nitrate reductase (quinone)	taxID:598
A0A5W9CKF1	unreviewed	nitrate reductase (quinone)	taxID:598
A0A5W9ENK2	unreviewed	nitrate reductase (quinone)	taxID:57743
A0A5W9KN26	unreviewed	nitrate reductase (quinone)	taxID:90371
A0A5X0DRA7	unreviewed	nitrate reductase (quinone)	taxID:28144
A0A5X0KIW5	unreviewed	nitrate reductase (quinone)	taxID:597
A0A5X0LH13	unreviewed	4Fe-4S Mo/W bis-MGD-type domain-containing protein	taxID:595
A0A5X0P4D8	unreviewed	nitrate reductase (quinone)	taxID:90371
A0A5X1C823	unreviewed	nitrate reductase (quinone)	taxID:28147
A0A5X2MD38	unreviewed	nitrate reductase (quinone)	taxID:115981
A0A5X2UM92	unreviewed	nitrate reductase (quinone)	taxID:595
A0A5X3G571	unreviewed	nitrate reductase (quinone)	taxID:192955
A0A5X3HYE9	unreviewed	nitrate reductase (quinone)	taxID:115981
A0A5X3P4F5	unreviewed	nitrate reductase (quinone)	taxID:1243597
A0A5X3P5I5	unreviewed	nitrate reductase (quinone)	taxID:1243597
A0A5X3QYZ7	unreviewed	nitrate reductase (quinone)	taxID:90105
A0A5X3QZ85	unreviewed	nitrate reductase (quinone)	taxID:90105
A0A5X5NF32	unreviewed	nitrate reductase (quinone)	taxID:1967991
A0A5X5NHJ5	unreviewed	nitrate reductase (quinone)	taxID:1967991
A0A5X5PSF7	unreviewed	nitrate reductase (quinone)	taxID:2564879
A0A5X5PXW2	unreviewed	nitrate reductase (quinone)	taxID:2564879
A0A5X5UNM9	unreviewed	nitrate reductase (quinone)	taxID:600
A0A5X6EFR9	unreviewed	nitrate reductase (quinone)	taxID:1302615
A0A5X6ERE9	unreviewed	nitrate reductase (quinone)	taxID:1302615
A0A5X6IVF9	unreviewed	nitrate reductase (quinone)	taxID:28144
A0A5X7K945	unreviewed	nitrate reductase (quinone)	taxID:682796
A0A5X7WM75	unreviewed	nitrate reductase (quinone)	taxID:115981
A0A5X8YK65	unreviewed	nitrate reductase (quinone)	taxID:2517242
A0A5X8YPB7	unreviewed	nitrate reductase (quinone)	taxID:2517242
A0A5X9FE45	unreviewed	nitrate reductase (quinone)	taxID:2565079
A0A5X9FGC2	unreviewed	4Fe-4S Mo/W bis-MGD-type domain-containing protein	taxID:2565079
A0A5X9I185	unreviewed	nitrate reductase (quinone)	taxID:596
A0A5X9MIV3	unreviewed	nitrate reductase (quinone)	taxID:90371
A0A5X9X5G6	unreviewed	nitrate reductase (quinone)	taxID:1160769
A0A5X9XC77	unreviewed	nitrate reductase (quinone)	taxID:1160769
A0A5Y0EZU9	unreviewed	nitrate reductase (quinone)	taxID:58095
A0A5Y0MFK4	unreviewed	nitrate reductase (quinone)	taxID:436295
A0A5Y0S1T4	unreviewed	nitrate reductase (quinone)	taxID:108619
A0A5Y0UM68	unreviewed	nitrate reductase (quinone)	taxID:593905
A0A5Y0WZF6	unreviewed	nitrate reductase (quinone)	taxID:913076
A0A5Y1QW67	unreviewed	nitrate reductase (quinone)	taxID:28901
A0A5Y1WG03	unreviewed	nitrate reductase (quinone)	taxID:59202
A0A5Y1X1Q1	unreviewed	nitrate reductase (quinone)	taxID:59201
A0A5Y1YFJ0	unreviewed	4Fe-4S Mo/W bis-MGD-type domain-containing protein	taxID:59204
A0A5Y2A226	unreviewed	nitrate reductase (quinone)	taxID:28901
A0A5Y2DXF4	unreviewed	nitrate reductase (quinone)	taxID:596
A0A5Y2H5W9	unreviewed	nitrate reductase (quinone)	taxID:28901
A0A5Y2IDR0	unreviewed	nitrate reductase (quinone)	taxID:28901
A0A5Y2IMF9	unreviewed	nitrate reductase (quinone)	taxID:28901
A0A5Y2KGD1	unreviewed	nitrate reductase (quinone)	taxID:59201
A0A5Y2KHC4	unreviewed	nitrate reductase (quinone)	taxID:59201
A0A5Y2LMI3	unreviewed	nitrate reductase (quinone)	taxID:59202
A0A5Y2LXM1	unreviewed	nitrate reductase (quinone)	taxID:59202
A0A5Y2QEE1	unreviewed	nitrate reductase (quinone)	taxID:59203
A0A5Y2QES1	unreviewed	nitrate reductase (quinone)	taxID:59203
A0A5Y2RX29	unreviewed	nitrate reductase (quinone)	taxID:59202
A0A5Y2RXA0	unreviewed	nitrate reductase (quinone)	taxID:59202
A0A5Y2SH80	unreviewed	nitrate reductase (quinone)	taxID:59205
A0A5Y2T1P4	unreviewed	nitrate reductase (quinone)	taxID:59201
A0A5Y2T2Q9	unreviewed	nitrate reductase (quinone)	taxID:59201
A0A5Y2WF73	unreviewed	nitrate reductase (quinone)	taxID:59201
A0A5Y3BA19	unreviewed	nitrate reductase (quinone)	taxID:28901
A0A5Y3I960	unreviewed	nitrate reductase (quinone)	taxID:59201
A0A5Y3KRY2	unreviewed	nitrate reductase (quinone)	taxID:913076
A0A5Y3L655	unreviewed	nitrate reductase (quinone)	taxID:149539
A0A5Y3MPV7	unreviewed	nitrate reductase (quinone)	taxID:59202
A0A5Y3MVI7	unreviewed	nitrate reductase (quinone)	taxID:59202
A0A5Y3Q1B1	unreviewed	nitrate reductase (quinone)	taxID:59203
A0A5Y3UHU4	unreviewed	nitrate reductase (quinone)	taxID:28901
A0A5Y3USU0	unreviewed	nitrate reductase (quinone)	taxID:59202
A0A5Y3V1E9	unreviewed	nitrate reductase (quinone)	taxID:59202
A0A5Y3VYH9	unreviewed	nitrate reductase (quinone)	taxID:59204
A0A5Y3X845	unreviewed	nitrate reductase (quinone)	taxID:59202
A0A5Y3X9R8	unreviewed	nitrate reductase (quinone)	taxID:59202
A0A5Y3Y3J8	unreviewed	nitrate reductase (quinone)	taxID:28901
A0A5Y3ZWB8	unreviewed	nitrate reductase (quinone)	taxID:28901
A0A5Y4CAK5	unreviewed	nitrate reductase (quinone)	taxID:28901
A0A5Y4CAN5	unreviewed	nitrate reductase (quinone)	taxID:28901
A0A5Y4QEM6	unreviewed	nitrate reductase (quinone)	taxID:28901
A0A5Y4V9F5	unreviewed	nitrate reductase (quinone)	taxID:90371
A0A5Y4VDP9	unreviewed	nitrate reductase (quinone)	taxID:90371
A0A5Y5DCR0	unreviewed	nitrate reductase (quinone)	taxID:28901
A0A5Y5DFC5	unreviewed	nitrate reductase (quinone)	taxID:28901
A0A5Y5WJR0	unreviewed	nitrate reductase (quinone)	taxID:28901
A0A5Y6EQG0	unreviewed	nitrate reductase (quinone)	taxID:28901
A0A5Y6M6B7	unreviewed	nitrate reductase (quinone)	taxID:59205
A0A5Y6MDP6	unreviewed	nitrate reductase (quinone)	taxID:59205
A0A5Y6ZYU3	unreviewed	nitrate reductase (quinone)	taxID:1299221
A0A5Y6ZZC0	unreviewed	nitrate reductase (quinone)	taxID:1299221
A0A5Y7AAC2	unreviewed	nitrate reductase (quinone)	taxID:1299258
A0A5Y7AHN5	unreviewed	nitrate reductase (quinone)	taxID:1299258
A0A5Y7J8U7	unreviewed	nitrate reductase (quinone)	taxID:28901
A0A5Y7RFM3	unreviewed	nitrate reductase (quinone)	taxID:28901
A0A5Y7RI78	unreviewed	nitrate reductase (quinone)	taxID:28901
A0A5Y7UVY0	unreviewed	nitrate reductase (quinone)	taxID:28901
A0A5Y7W4I2	unreviewed	nitrate reductase (quinone)	taxID:28901
A0A5Y7WCV7	unreviewed	nitrate reductase (quinone)	taxID:28901
A0A5Y8FXN1	unreviewed	nitrate reductase (quinone)	taxID:149539
A0A5Y8FXV8	unreviewed	nitrate reductase (quinone)	taxID:149539
A0A5Y8NYX7	unreviewed	nitrate reductase (quinone)	taxID:28901
A0A5Y8YW58	unreviewed	nitrate reductase (quinone)	taxID:59201
A0A5Y9Y2A3	unreviewed	nitrate reductase (quinone)	taxID:28901
A0A5Y9Y3L3	unreviewed	nitrate reductase (quinone)	taxID:28901
A0A5Z0VQ31	unreviewed	nitrate reductase (quinone)	taxID:28901
A0A5Z0VYZ4	unreviewed	nitrate reductase (quinone)	taxID:28901
A0A5Z1ZF60	unreviewed	nitrate reductase (quinone)	taxID:28901
A0A5Z2AJ46	unreviewed	nitrate reductase (quinone)	taxID:28901
A0A5Z2BYW4	unreviewed	nitrate reductase (quinone)	taxID:28901
A0A5Z2F9M9	unreviewed	nitrate reductase (quinone)	taxID:28901
A0A5Z2JQ53	unreviewed	nitrate reductase (quinone)	taxID:28901
A0A5Z3GET7	unreviewed	nitrate reductase (quinone)	taxID:28901
A0A5Z3RPG1	unreviewed	nitrate reductase (quinone)	taxID:28901
A0A5Z4BRH6	unreviewed	nitrate reductase (quinone)	taxID:28901
A0A5Z4DFC6	unreviewed	nitrate reductase (quinone)	taxID:28901
A0A5Z4RLM7	unreviewed	nitrate reductase (quinone)	taxID:28901
A0A5Z4WPT0	unreviewed	nitrate reductase (quinone)	taxID:28901
A0A5Z5CLS8	unreviewed	nitrate reductase (quinone)	taxID:28901
A0A5Z5MMR1	unreviewed	nitrate reductase (quinone)	taxID:340188
A0A5Z5TUG0	unreviewed	nitrate reductase (quinone)	taxID:108619
A0A5Z6W048	unreviewed	nitrate reductase (quinone)	taxID:90105
A0A5Z7ENE5	unreviewed	nitrate reductase (quinone)	taxID:28901
A0A5Z7LEY6	unreviewed	nitrate reductase (quinone)	taxID:90371
A0A5Z7YIM2	unreviewed	nitrate reductase (quinone)	taxID:115981
A0A5Z8GKW6	unreviewed	nitrate reductase (quinone)	taxID:58096
A0A5Z8LMX2	unreviewed	nitrate reductase (quinone)	taxID:28901
A0A5Z9KQY5	unreviewed	nitrate reductase (quinone)	taxID:192955
A0A5Z9LRG0	unreviewed	nitrate reductase (quinone)	taxID:149539
A0A5Z9NWK4	unreviewed	nitrate reductase (quinone)	taxID:46626
A0A600X0P7	unreviewed	nitrate reductase (quinone)	taxID:28144
A0A601XXF3	unreviewed	nitrate reductase (quinone)	taxID:192955
A0A602MN06	unreviewed	nitrate reductase (quinone)	taxID:913070
A0A602RGL0	unreviewed	nitrate reductase (quinone)	taxID:46626
A0A602YXC3	unreviewed	nitrate reductase (quinone)	taxID:34042
A0A602ZAJ1	unreviewed	nitrate reductase (quinone)	taxID:34042
A0A603B6T6	unreviewed	nitrate reductase (quinone)	taxID:1967621
A0A603B8P9	unreviewed	nitrate reductase (quinone)	taxID:1967621
A0A603BKS3	unreviewed	nitrate reductase (quinone)	taxID:90105
A0A603IEM3	unreviewed	nitrate reductase (quinone)	taxID:28901
A0A603KR47	unreviewed	nitrate reductase (quinone)	taxID:28901
A0A603MN19	unreviewed	nitrate reductase (quinone)	taxID:340188
A0A603NUM4	unreviewed	nitrate reductase (quinone)	taxID:436295
A0A603S5R8	unreviewed	nitrate reductase (quinone)	taxID:28901
A0A604CLN1	unreviewed	nitrate reductase (quinone)	taxID:595
A0A605YIJ6	unreviewed	nitrate reductase (quinone)	taxID:57045
A0A606Y5M0	unreviewed	nitrate reductase (quinone)	taxID:58712
A0A607I364	unreviewed	nitrate reductase (quinone)	taxID:1151002
A0A607IBN6	unreviewed	nitrate reductase (quinone)	taxID:1151002
A0A607IJ18	unreviewed	nitrate reductase (quinone)	taxID:149539
A0A607KT36	unreviewed	nitrate reductase (quinone)	taxID:28901
A0A607Q2M7	unreviewed	nitrate reductase (quinone)	taxID:134047
A0A608MJ60	unreviewed	nitrate reductase (quinone)	taxID:600
A0A608MJQ5	unreviewed	nitrate reductase (quinone)	taxID:600
A0A608S438	unreviewed	nitrate reductase (quinone)	taxID:28901
A0A608ZJ87	unreviewed	nitrate reductase (quinone)	taxID:28901
A0A609AGI8	unreviewed	nitrate reductase (quinone)	taxID:149391
A0A609BZ04	unreviewed	nitrate reductase (quinone)	taxID:28901
A0A609W9M0	unreviewed	nitrate reductase (quinone)	taxID:149391
A0A609WCW0	unreviewed	nitrate reductase (quinone)	taxID:149391
A0A610BR93	unreviewed	nitrate reductase (quinone)	taxID:1967657
A0A610LQI3	unreviewed	nitrate reductase (quinone)	taxID:59201
A0A610VD54	unreviewed	nitrate reductase (quinone)	taxID:28901
A0A610YXL4	unreviewed	nitrate reductase (quinone)	taxID:90371
A0A611V4K9	unreviewed	nitrate reductase (quinone)	taxID:90371
A0A612F700	unreviewed	nitrate reductase (quinone)	taxID:59201
A0A612RF19	unreviewed	nitrate reductase (quinone)	taxID:59201
A0A612U988	unreviewed	nitrate reductase (quinone)	taxID:28901
A0A612Z6X2	unreviewed	nitrate reductase (quinone)	taxID:28901
A0A613IF63	unreviewed	nitrate reductase (quinone)	taxID:28901
A0A613R938	unreviewed	nitrate reductase (quinone)	taxID:28901
A0A615JUL2	unreviewed	nitrate reductase (quinone)	taxID:28901
A0A615SRU2	unreviewed	nitrate reductase (quinone)	taxID:59201
A0A615U852	unreviewed	nitrate reductase (quinone)	taxID:28901
A0A615WXF1	unreviewed	nitrate reductase (quinone)	taxID:28901
A0A615Y5F8	unreviewed	nitrate reductase (quinone)	taxID:28901
A0A616EAL9	unreviewed	nitrate reductase (quinone)	taxID:28901
A0A616X691	unreviewed	nitrate reductase (quinone)	taxID:108619
A0A617KSG7	unreviewed	nitrate reductase (quinone)	taxID:58096
A0A618WV08	unreviewed	nitrate reductase (quinone)	taxID:28901
A0A618Z0P9	unreviewed	nitrate reductase (quinone)	taxID:28901
A0A619HVW3	unreviewed	nitrate reductase (quinone)	taxID:28901
A0A619Q6A0	unreviewed	nitrate reductase (quinone)	taxID:28901
A0A621DZG8	unreviewed	nitrate reductase (quinone)	taxID:436295
A0A621UX17	unreviewed	nitrate reductase (quinone)	taxID:28901
A0A621VJT7	unreviewed	nitrate reductase (quinone)	taxID:28901
A0A622CM49	unreviewed	nitrate reductase (quinone)	taxID:28901
A0A622L8Q2	unreviewed	nitrate reductase (quinone)	taxID:436295
A0A622T509	unreviewed	nitrate reductase (quinone)	taxID:28901
A0A622TSE0	unreviewed	nitrate reductase (quinone)	taxID:28901
A0A623EU85	unreviewed	nitrate reductase (quinone)	taxID:28901
A0A623JXX4	unreviewed	nitrate reductase (quinone)	taxID:28901
A0A623SUX5	unreviewed	nitrate reductase (quinone)	taxID:28901
A0A623SZB7	unreviewed	nitrate reductase (quinone)	taxID:28901
A0A624B448	unreviewed	nitrate reductase (quinone)	taxID:115981
A0A624B551	unreviewed	nitrate reductase (quinone)	taxID:115981
A0A624DWF1	unreviewed	nitrate reductase (quinone)	taxID:108619
A0A624MAC3	unreviewed	nitrate reductase (quinone)	taxID:28901
A0A624MBR5	unreviewed	nitrate reductase (quinone)	taxID:28901
A0A624PRX3	unreviewed	nitrate reductase (quinone)	taxID:28901
A0A624UC07	unreviewed	nitrate reductase (quinone)	taxID:28901
A0A624YFA7	unreviewed	nitrate reductase (quinone)	taxID:28901
A0A625CJ35	unreviewed	nitrate reductase (quinone)	taxID:28901
A0A625QY73	unreviewed	nitrate reductase (quinone)	taxID:59201
A0A625TDB2	unreviewed	nitrate reductase (quinone)	taxID:59201
A0A625WAN4	unreviewed	nitrate reductase (quinone)	taxID:149539
A0A625ZFU0	unreviewed	nitrate reductase (quinone)	taxID:28901
A0A627A3M0	unreviewed	4Fe-4S Mo/W bis-MGD-type domain-containing protein	taxID:115981
A0A627H5Z0	unreviewed	nitrate reductase (quinone)	taxID:149539
A0A627NQN5	unreviewed	nitrate reductase (quinone)	taxID:28901
A0A627X0Z1	unreviewed	nitrate reductase (quinone)	taxID:59204
A0A627XJJ3	unreviewed	nitrate reductase (quinone)	taxID:28901
A0A628GJ01	unreviewed	nitrate reductase (quinone)	taxID:149539
A0A628UYX5	unreviewed	nitrate reductase (quinone)	taxID:28901
A0A629CDE5	unreviewed	nitrate reductase (quinone)	taxID:143221
A0A629JE93	unreviewed	nitrate reductase (quinone)	taxID:28901
A0A629L124	unreviewed	nitrate reductase (quinone)	taxID:28901
A0A630ATK1	unreviewed	nitrate reductase (quinone)	taxID:28901
A0A630BF34	unreviewed	nitrate reductase (quinone)	taxID:28901
A0A630KEA7	unreviewed	nitrate reductase (quinone)	taxID:28144
A0A630N2P3	unreviewed	nitrate reductase (quinone)	taxID:28901
A0A630T3P0	unreviewed	nitrate reductase (quinone)	taxID:28901
A0A630V0R9	unreviewed	4Fe-4S Mo/W bis-MGD-type domain-containing protein	taxID:28144
A0A630V8N9	unreviewed	Nitrate reductase subunit alpha	taxID:28144
A0A631BHW6	unreviewed	nitrate reductase (quinone)	taxID:149539
A0A631R6V4	unreviewed	nitrate reductase (quinone)	taxID:90371
A0A631VHU2	unreviewed	nitrate reductase (quinone)	taxID:192955
A0A632N4U0	unreviewed	nitrate reductase (quinone)	taxID:58096
A0A632PQ63	unreviewed	nitrate reductase (quinone)	taxID:595
A0A632TPE0	unreviewed	nitrate reductase (quinone)	taxID:486992
A0A633DCT4	unreviewed	nitrate reductase (quinone)	taxID:28901
A0A633EPL3	unreviewed	nitrate reductase (quinone)	taxID:28901
A0A633FS26	unreviewed	nitrate reductase (quinone)	taxID:28901
A0A633GC41	unreviewed	nitrate reductase (quinone)	taxID:28901
A0A633M7B8	unreviewed	nitrate reductase (quinone)	taxID:28901
A0A633Q458	unreviewed	nitrate reductase (quinone)	taxID:28901
A0A633SRB2	unreviewed	nitrate reductase (quinone)	taxID:28901
A0A633UDS1	unreviewed	nitrate reductase (quinone)	taxID:28901
A0A634CTI7	unreviewed	nitrate reductase (quinone)	taxID:90371
A0A634MB48	unreviewed	nitrate reductase (quinone)	taxID:149539
A0A634N3G2	unreviewed	nitrate reductase (quinone)	taxID:28150
A0A634N9A6	unreviewed	nitrate reductase (quinone)	taxID:28150
A0A635JE59	unreviewed	nitrate reductase (quinone)	taxID:59204
A0A636BA55	unreviewed	4Fe-4S Mo/W bis-MGD-type domain-containing protein	taxID:90371
A0A636CSZ9	unreviewed	nitrate reductase (quinone)	taxID:483687
A0A636CYQ0	unreviewed	nitrate reductase (quinone)	taxID:483687
A0A636GCZ2	unreviewed	nitrate reductase (quinone)	taxID:29472
A0A636JZ58	unreviewed	nitrate reductase (quinone)	taxID:1965103
A0A636K8U0	unreviewed	nitrate reductase (quinone)	taxID:2565147
A0A636KCR3	unreviewed	nitrate reductase (quinone)	taxID:2565147
A0A636LKX5	unreviewed	4Fe-4S Mo/W bis-MGD-type domain-containing protein	taxID:2511819
A0A636NVC3	unreviewed	nitrate reductase (quinone)	taxID:2564497
A0A636P2M6	unreviewed	nitrate reductase (quinone)	taxID:2564497
A0A637WDA2	unreviewed	nitrate reductase (quinone)	taxID:192955
A0A640N312	unreviewed	nitrate reductase (quinone)	taxID:1392
A0A640NBL3	unreviewed	nitrate reductase (quinone)	taxID:1392
A0A641A807	unreviewed	nitrate reductase (quinone)	taxID:1280
A0A643EPY8	unreviewed	nitrate reductase (quinone)	taxID:287
A0A643F6P3	unreviewed	nitrate reductase (quinone)	taxID:36863
A0A643IP76	unreviewed	nitrate reductase (quinone)	taxID:287
A0A644VGW2	unreviewed	nitrate reductase (quinone)	taxID:1076179
A0A644XIW9	unreviewed	Nitrate reductase alpha subunit	taxID:1076179
A0A650CK08	unreviewed	nitrate reductase (quinone)	taxID:69656
A0A650CWW0	unreviewed	nitrate reductase (quinone)	taxID:2283
A0A652YM34	unreviewed	Nitrate reductase alpha subunit	taxID:1818
A0A653DXG6	unreviewed	nitrate reductase (quinone)	taxID:437900
A0A653EKP5	unreviewed	Nitrate reductase alpha subunit	taxID:1768
A0A653ETD3	unreviewed	Nitrate reductase alpha subunit	taxID:486698
A0A653EVW5	unreviewed	Nitrate reductase alpha subunit	taxID:486698
A0A653F041	unreviewed	Nitrate reductase alpha subunit	taxID:486698
A0A653F6F2	unreviewed	Nitrate reductase alpha subunit	taxID:1768
A0A653FMQ1	unreviewed	Nitrate reductase alpha subunit	taxID:1772
A0A653LLK0	unreviewed	Nitrate reductase alpha subunit	taxID:2653126
A0A653M3N4	unreviewed	nitrate reductase (quinone)	taxID:2653133
A0A653TC32	unreviewed	nitrate reductase (quinone)	taxID:2653163
A0A653ZH86	unreviewed	nitrate reductase (quinone)	taxID:1405
A0A654BVQ4	unreviewed	nitrate reductase (quinone)	taxID:2653174
A0A654CQ51	unreviewed	nitrate reductase (quinone)	taxID:2653167
A0A655CS82	unreviewed	Respiratory nitrate reductase 1 subunit alpha	taxID:58097
A0A655E0J5	unreviewed	Respiratory nitrate reductase 1 subunit alpha	taxID:58097
A0A655E1K6	unreviewed	4Fe-4S Mo/W bis-MGD-type domain-containing protein	taxID:58097
A0A655E395	unreviewed	Respiratory nitrate reductase 1 subunit alpha	taxID:58097
A0A655IKZ9	unreviewed	Nitrate reductase subunit alpha	taxID:1773
A0A656IJ28	unreviewed	nitrate reductase (quinone)	taxID:1192586
A0A656IK53	unreviewed	nitrate reductase (quinone)	taxID:1192586
A0A656QIE0	unreviewed	nitrate reductase (quinone)	taxID:871203
A0A656VQL0	unreviewed	nitrate reductase (quinone)	taxID:615
A0A656Y2I7	unreviewed	Nitrate reductase alpha subunit	taxID:1736459
A0A657AK96	unreviewed	nitrate reductase (quinone)	taxID:1822233
A0A657FK09	unreviewed	nitrate reductase (quinone)	taxID:1954177
A0A657FL69	unreviewed	nitrate reductase (quinone)	taxID:1954177
A0A657HBL5	unreviewed	nitrate reductase (quinone)	taxID:59201
A0A657HU67	unreviewed	nitrate reductase (quinone)	taxID:2572727
A0A657I0F5	unreviewed	nitrate reductase (quinone)	taxID:2572727
A0A658B6F3	unreviewed	nitrate reductase (quinone)	taxID:59201
A0A658BIC8	unreviewed	nitrate reductase (quinone)	taxID:2026761
A0A658IF48	unreviewed	nitrate reductase (quinone)	taxID:1299174
A0A658IMZ7	unreviewed	nitrate reductase (quinone)	taxID:1299174
A0A658NSP3	unreviewed	nitrate reductase (quinone)	taxID:2501298
A0A658NWD1	unreviewed	nitrate reductase (quinone)	taxID:2501298
A0A658YTC3	unreviewed	nitrate reductase (quinone)	taxID:623
A0A658YYY0	unreviewed	nitrate reductase (quinone)	taxID:623
A0A659JZ52	unreviewed	4Fe-4S Mo/W bis-MGD-type domain-containing protein	taxID:59201
A0A659LZ68	unreviewed	Nitrate reductase subunit alpha	taxID:2565187
A0A659MBF3	unreviewed	Nitrate reductase subunit alpha	taxID:2565187
A0A659ML99	unreviewed	nitrate reductase (quinone)	taxID:59201
A0A659NRC8	unreviewed	4Fe-4S Mo/W bis-MGD-type domain-containing protein	taxID:1960126
A0A659NSU0	unreviewed	nitrate reductase (quinone)	taxID:1960126
A0A659NZ93	unreviewed	nitrate reductase (quinone)	taxID:1960126
A0A659P4E8	unreviewed	4Fe-4S Mo/W bis-MGD-type domain-containing protein	taxID:1960126
A0A659PQD2	unreviewed	nitrate reductase (quinone)	taxID:436295
A0A659Q0F0	unreviewed	4Fe-4S Mo/W bis-MGD-type domain-containing protein	taxID:1960126
A0A659QAM7	unreviewed	4Fe-4S Mo/W bis-MGD-type domain-containing protein	taxID:1960126
A0A659QB69	unreviewed	nitrate reductase (quinone)	taxID:1960126
A0A659QC82	unreviewed	nitrate reductase (quinone)	taxID:1960126
A0A659QZQ4	unreviewed	nitrate reductase (quinone)	taxID:59201
A0A659R2A7	unreviewed	4Fe-4S Mo/W bis-MGD-type domain-containing protein	taxID:1960126
A0A659RU62	unreviewed	nitrate reductase (quinone)	taxID:1960126
A0A660LHG4	unreviewed	nitrate reductase (quinone)	taxID:29317
A0A660N5V8	unreviewed	nitrate reductase (quinone)	taxID:2020713
A0A660NIC8	unreviewed	nitrate reductase (quinone)	taxID:2053568
A0A660VW95	unreviewed	nitrate reductase (quinone)	taxID:2026780
A0A661A4F0	unreviewed	nitrate reductase (quinone)	taxID:1869227
A0A661D331	unreviewed	4Fe-4S Mo/W bis-MGD-type domain-containing protein	taxID:1913989
A0A661ES74	unreviewed	nitrate reductase (quinone)	taxID:1913989
A0A661ET66	unreviewed	4Fe-4S Mo/W bis-MGD-type domain-containing protein	taxID:1913989
A0A661GV68	unreviewed	Nitrate reductase subunit alpha	taxID:1913989
A0A661H5I9	unreviewed	nitrate reductase (quinone)	taxID:1913989
A0A661HM61	unreviewed	nitrate reductase (quinone)	taxID:2026809
A0A661MQ97	unreviewed	Nitrate reductase subunit alpha	taxID:2026735
A0A661N1Y3	unreviewed	nitrate reductase (quinone)	taxID:2026735
A0A661XJT8	unreviewed	4Fe-4S Mo/W bis-MGD-type domain-containing protein	taxID:1898104
A0A662A1Y9	unreviewed	nitrate reductase (quinone)	taxID:1898104
A0A662DCF5	unreviewed	Nitrate reductase subunit alpha	taxID:1883427
A0A662DGU7	unreviewed	nitrate reductase (quinone)	taxID:1883427
A0A679HUB3	unreviewed	nitrate reductase (quinone)	taxID:1751046
A0A6A0AYG5	unreviewed	Nitrate reductase alpha subunit	taxID:2705029
A0A6A0IN44	unreviewed	nitrate reductase (quinone)	taxID:1978231
A0A6A0QX19	unreviewed	nitrate reductase (quinone)	taxID:1898104
A0A6A2G1G6	unreviewed	nitrate reductase (quinone)	taxID:2032688
A0A6A4U3U2	unreviewed	nitrate reductase (quinone)	taxID:1904441
A0A6A7MUC0	unreviewed	nitrate reductase (quinone)	taxID:2743357
A0A6A7RX29	unreviewed	nitrate reductase (quinone)	taxID:327160
A0A6A7S996	unreviewed	nitrate reductase (quinone)	taxID:527639
A0A6A8FEV9	unreviewed	nitrate reductase (quinone)	taxID:1280
A0A6A8LC65	unreviewed	nitrate reductase (quinone)	taxID:492670
A0A6A8N2H8	unreviewed	Nitrate reductase alpha subunit	taxID:1883427
A0A6A8QAY4	unreviewed	nitrate reductase (quinone)	taxID:2079197
A0A6A9K6N7	unreviewed	nitrate reductase (quinone)	taxID:287
A0A6B0BDI1	unreviewed	4Fe-4S Mo/W bis-MGD-type domain-containing protein	taxID:1280
A0A6B0BP91	unreviewed	Nitrate reductase subunit alpha	taxID:1280
A0A6B1F3B6	unreviewed	nitrate reductase (quinone)	taxID:1904441
A0A6B1GIW4	unreviewed	Nitrate reductase subunit alpha	taxID:1913989
A0A6B1RE71	unreviewed	nitrate reductase (quinone)	taxID:1280
A0A6B2CUM3	unreviewed	nitrate reductase (quinone)	taxID:2004705
A0A6B2FSI5	unreviewed	nitrate reductase (quinone)	taxID:2699502
A0A6B2J585	unreviewed	nitrate reductase (quinone)	taxID:573
A0A6B2KV74	unreviewed	nitrate reductase (quinone)	taxID:2705474
A0A6B2R2R3	unreviewed	nitrate reductase (quinone)	taxID:2707330
A0A6B2SNB4	unreviewed	Nitrate reductase alpha subunit	taxID:2706016
A0A6B2SZ58	unreviewed	Nitrate reductase alpha subunit	taxID:2706016
A0A6B2T555	unreviewed	Nitrate reductase alpha subunit	taxID:2706017
A0A6B2UI50	unreviewed	Nitrate reductase alpha subunit	taxID:2706031
A0A6B2VEM6	unreviewed	Nitrate reductase alpha subunit	taxID:2706027
A0A6B2XFZ4	unreviewed	Nitrate reductase alpha subunit	taxID:2706058
A0A6B3B3L0	unreviewed	Nitrate reductase alpha subunit	taxID:2706100
A0A6B3BHS5	unreviewed	Nitrate reductase alpha subunit	taxID:2706042
A0A6B3E607	unreviewed	Nitrate reductase alpha subunit	taxID:2706106
A0A6B3QB98	unreviewed	Nitrate reductase alpha subunit	taxID:1932
A0A6B3QJ88	unreviewed	nitrate reductase (quinone)	taxID:1932
A0A6B3TQ01	unreviewed	nitrate reductase (quinone)	taxID:1215031
A0A6B5I234	unreviewed	nitrate reductase (quinone)	taxID:1280
A0A6B8MQ37	unreviewed	nitrate reductase (quinone)	taxID:571
A0A6B8MT08	unreviewed	nitrate reductase (quinone)	taxID:571
A0A6B8VGC4	unreviewed	nitrate reductase (quinone)	taxID:2675218
A0A6B8VNK2	unreviewed	nitrate reductase (quinone)	taxID:2675216
A0A6B8W854	unreviewed	nitrate reductase (quinone)	taxID:2675219
A0A6B9GFB2	unreviewed	nitrate reductase (quinone)	taxID:55209
A0A6B9Y9D6	unreviewed	nitrate reductase (quinone)	taxID:2700081
A0A6B9YCF4	unreviewed	nitrate reductase (quinone)	taxID:2700081
A0A6B9YDE3	unreviewed	nitrate reductase (quinone)	taxID:2700081
A0A6C0FDW5	unreviewed	nitrate reductase (quinone)	taxID:2704467
A0A6C0FF20	unreviewed	nitrate reductase (quinone)	taxID:2704467
A0A6C0QYM5	unreviewed	nitrate reductase (quinone)	taxID:147375
A0A6C1B686	unreviewed	nitrate reductase (quinone)	taxID:2016596
A0A6C1KF30	unreviewed	nitrate reductase (quinone)	taxID:280
A0A6C1XZQ0	unreviewed	nitrate reductase (quinone)	taxID:2014877
A0A6C6Z0J1	unreviewed	nitrate reductase (quinone)	taxID:1016998
A0A6C6Z0W3	unreviewed	nitrate reductase (quinone)	taxID:1016998
A0A6C6ZHL8	unreviewed	nitrate reductase (quinone)	taxID:454169
A0A6C6ZRS4	unreviewed	nitrate reductase (quinone)	taxID:454169
A0A6C6ZW73	unreviewed	nitrate reductase (quinone)	taxID:439851
A0A6C6ZWX4	unreviewed	nitrate reductase (quinone)	taxID:439851
A0A6C7ALR4	unreviewed	nitrate reductase (quinone)	taxID:990282
A0A6C7ARE9	unreviewed	nitrate reductase (quinone)	taxID:990282
A0A6C7CBQ8	unreviewed	nitrate reductase (quinone)	taxID:1243602
A0A6C7CCD6	unreviewed	nitrate reductase (quinone)	taxID:1243602
A0A6C7CXZ0	unreviewed	nitrate reductase (quinone)	taxID:2577858
A0A6C7DDC6	unreviewed	nitrate reductase (quinone)	taxID:2577858
A0A6C7HPN4	unreviewed	nitrate reductase (quinone)	taxID:550537
A0A6C7HQM8	unreviewed	nitrate reductase (quinone)	taxID:550537
A0A6C7HZE3	unreviewed	nitrate reductase (quinone)	taxID:554290
A0A6C7HZJ3	unreviewed	nitrate reductase (quinone)	taxID:554290
A0A6C7IAP8	unreviewed	nitrate reductase (quinone)	taxID:568708
A0A6C7IBI5	unreviewed	nitrate reductase (quinone)	taxID:568708
A0A6C8EYY6	unreviewed	nitrate reductase (quinone)	taxID:465517
A0A6C8F0Y1	unreviewed	nitrate reductase (quinone)	taxID:465517
A0A6C8G6E7	unreviewed	nitrate reductase (quinone)	taxID:596155
A0A6C8G6Z5	unreviewed	nitrate reductase (quinone)	taxID:596155
A0A6C8LR27	unreviewed	nitrate reductase (quinone)	taxID:2077273
A0A6C8LWP9	unreviewed	nitrate reductase (quinone)	taxID:2077273
A0A6C8MQ44	unreviewed	nitrate reductase (quinone)	taxID:59203
A0A6C8XUW1	unreviewed	nitrate reductase (quinone)	taxID:59204
A0A6C8Y5Q1	unreviewed	nitrate reductase (quinone)	taxID:59202
A0A6C8YEX1	unreviewed	nitrate reductase (quinone)	taxID:59202
A0A6C9FP31	unreviewed	nitrate reductase (quinone)	taxID:562
A0A6C9QBQ6	unreviewed	nitrate reductase (quinone)	taxID:562
A0A6D0DG93	unreviewed	nitrate reductase (quinone)	taxID:562
A0A6D0DNS2	unreviewed	nitrate reductase (quinone)	taxID:562
A0A6D0FYR6	unreviewed	nitrate reductase (quinone)	taxID:562
A0A6D0XUH6	unreviewed	nitrate reductase (quinone)	taxID:562
A0A6D1A691	unreviewed	nitrate reductase (quinone)	taxID:562
A0A6D1PTX7	unreviewed	nitrate reductase (quinone)	taxID:28901
A0A6D1PXU0	unreviewed	nitrate reductase (quinone)	taxID:28901
A0A6D2DFG0	unreviewed	nitrate reductase (quinone)	taxID:29472
A0A6D2F8T9	unreviewed	nitrate reductase (quinone)	taxID:562
A0A6D2G7S9	unreviewed	Respiratory nitrate reductase 2 subunit alpha	taxID:59202
A0A6D2G7T9	unreviewed	nitrate reductase (quinone)	taxID:59202
A0A6F8ZGJ2	unreviewed	nitrate reductase (quinone)	taxID:2707344
A0A6F9WSG9	unreviewed	nitrate reductase (quinone)	taxID:2495594
A0A6G0AA94	unreviewed	nitrate reductase (quinone)	taxID:1883427
A0A6G0ABA3	unreviewed	4Fe-4S Mo/W bis-MGD-type domain-containing protein	taxID:1883427
A0A6G2IBZ4	unreviewed	Nitrate reductase alpha subunit	taxID:2692198
A0A6G2IJ93	unreviewed	Nitrate reductase alpha subunit	taxID:2692198
A0A6G2ILG2	unreviewed	Nitrate reductase alpha subunit	taxID:2692198
A0A6G2TWX0	unreviewed	Nitrate reductase alpha subunit	taxID:2690328
A0A6G2U394	unreviewed	nitrate reductase (quinone)	taxID:2690328
A0A6G2XN73	unreviewed	Nitrate reductase alpha subunit	taxID:2690361
A0A6G3QTR5	unreviewed	Nitrate reductase alpha subunit	taxID:2706070
A0A6G3R8H6	unreviewed	Nitrate reductase alpha subunit	taxID:2706080
A0A6G3RR60	unreviewed	Nitrate reductase alpha subunit	taxID:2706080
A0A6G3RWU6	unreviewed	Nitrate reductase alpha subunit	taxID:2706073
A0A6G3T7G0	unreviewed	nitrate reductase (quinone)	taxID:194673
A0A6G3TLT0	unreviewed	Nitrate reductase alpha subunit	taxID:194673
A0A6G3TRU6	unreviewed	Nitrate reductase alpha subunit	taxID:194673
A0A6G3U1G8	unreviewed	Nitrate reductase alpha subunit	taxID:2706093
A0A6G4C2L9	unreviewed	nitrate reductase (quinone)	taxID:562
A0A6G4JVC0	unreviewed	nitrate reductase (quinone)	taxID:562
A0A6G4M4E4	unreviewed	nitrate reductase (quinone)	taxID:573
A0A6G4MKM8	unreviewed	nitrate reductase (quinone)	taxID:158836
A0A6G4ML57	unreviewed	nitrate reductase (quinone)	taxID:158836
A0A6G4TWN5	unreviewed	Nitrate reductase alpha subunit	taxID:1128680
A0A6G4X489	unreviewed	Nitrate reductase alpha subunit	taxID:2711219
A0A6G4XQM7	unreviewed	Nitrate reductase alpha subunit	taxID:1775132
A0A6G4XR56	unreviewed	Nitrate reductase alpha subunit	taxID:1775132
A0A6G6J4Y5	unreviewed	nitrate reductase (quinone)	taxID:46680
A0A6G6PPP5	unreviewed	nitrate reductase (quinone)	taxID:2603244
A0A6G6SBC8	unreviewed	nitrate reductase (quinone)	taxID:626774
A0A6G6SG93	unreviewed	nitrate reductase (quinone)	taxID:585
A0A6G6TLV9	unreviewed	nitrate reductase (quinone)	taxID:2697019
A0A6G6WN90	unreviewed	nitrate reductase (quinone)	taxID:2712222
A0A6G6ZZX5	unreviewed	nitrate reductase (quinone)	taxID:1758730
A0A6G7VRS4	unreviewed	nitrate reductase (quinone)	taxID:2758038
A0A6G7XDI9	unreviewed	Nitrate reductase alpha subunit	taxID:2714935
A0A6G7XS37	unreviewed	nitrate reductase (quinone)	taxID:2714939
A0A6G7Y8B0	unreviewed	nitrate reductase (quinone)	taxID:2714937
A0A6G7Z6X3	unreviewed	nitrate reductase (quinone)	taxID:2714931
A0A6G7ZFQ6	unreviewed	nitrate reductase (quinone)	taxID:2714942
A0A6G7ZU93	unreviewed	nitrate reductase (quinone)	taxID:2714945
A0A6G8AD59	unreviewed	nitrate reductase (quinone)	taxID:2714923
A0A6G8BVL2	unreviewed	nitrate reductase (quinone)	taxID:2714925
A0A6G8CT16	unreviewed	nitrate reductase (quinone)	taxID:2714924
A0A6G8DGJ4	unreviewed	nitrate reductase (quinone)	taxID:2681547
A0A6G8NXN1	unreviewed	nitrate reductase (quinone)	taxID:2705548
A0A6G8NYU8	unreviewed	nitrate reductase (quinone)	taxID:2705548
A0A6G8Q9D3	unreviewed	Nitrate reductase alpha subunit	taxID:2653851
A0A6G8QEA0	unreviewed	Nitrate reductase alpha subunit	taxID:2653851
A0A6G9ICZ8	unreviewed	nitrate reductase (quinone)	taxID:1635327
A0A6G9J2B8	unreviewed	nitrate reductase (quinone)	taxID:1223503
A0A6G9J5B5	unreviewed	nitrate reductase (quinone)	taxID:1223503
A0A6G9QQM8	unreviewed	nitrate reductase (quinone)	taxID:1028752
A0A6G9RKF6	unreviewed	nitrate reductase (quinone)	taxID:2774055
A0A6G9RLM8	unreviewed	nitrate reductase (quinone)	taxID:2774055
A0A6G9XXW8	unreviewed	Nitrate reductase alpha subunit	taxID:37326
A0A6G9Y2S3	unreviewed	Nitrate reductase alpha subunit	taxID:37326
A0A6G9Z3N1	unreviewed	nitrate reductase (quinone)	taxID:455432
A0A6H0CVF7	unreviewed	Nitrate reductase alpha subunit	taxID:2721173
A0A6H0IWY8	unreviewed	nitrate reductase (quinone)	taxID:2740807
A0A6H0S1S9	unreviewed	Nitrate reductase alpha subunit	taxID:117567
A0A6H0WR23	unreviewed	nitrate reductase (quinone)	taxID:227866
A0A6H1BYC8	unreviewed	Nitrate reductase alpha subunit	taxID:2722825
A0A6H1FT70	unreviewed	nitrate reductase (quinone)	taxID:2545798
A0A6H2DQ30	unreviewed	nitrate reductase (quinone)	taxID:2725558
A0A6H2GEM3	unreviewed	nitrate reductase (quinone)	taxID:2725997
A0A6H2GF36	unreviewed	nitrate reductase (quinone)	taxID:2725997
A0A6H4E116	unreviewed	nitrate reductase (quinone)	taxID:1280
A0A6H9I3P4	unreviewed	nitrate reductase (quinone)	taxID:2268192
A0A6H9IKM7	unreviewed	nitrate reductase (quinone)	taxID:1977087
A0A6H9IQW0	unreviewed	nitrate reductase (quinone)	taxID:2217823
A0A6H9KK63	unreviewed	nitrate reductase (quinone)	taxID:2212469
A0A6H9KWS3	unreviewed	nitrate reductase (quinone)	taxID:2212469
A0A6H9UU06	unreviewed	Nitrate reductase alpha subunit	taxID:2615112
A0A6H9UY44	unreviewed	Nitrate reductase alpha subunit	taxID:2615112
A0A6H9V4Y6	unreviewed	Nitrate reductase alpha subunit	taxID:2615112
A0A6H9XKX2	unreviewed	nitrate reductase (quinone)	taxID:43768
A0A6H9XZ77	unreviewed	nitrate reductase (quinone)	taxID:2651628
A0A6I0C0P1	unreviewed	nitrate reductase (quinone)	taxID:1436363
A0A6I0ERI1	unreviewed	nitrate reductase (quinone)	taxID:82
A0A6I1E6D6	unreviewed	nitrate reductase (quinone)	taxID:2652722
A0A6I1G0Q4	unreviewed	nitrate reductase (quinone)	taxID:2653936
A0A6I1HDQ1	unreviewed	nitrate reductase (quinone)	taxID:2654255
A0A6I1HJR2	unreviewed	nitrate reductase (quinone)	taxID:2654253
A0A6I1IF83	unreviewed	nitrate reductase (quinone)	taxID:2654252
A0A6I1JJC2	unreviewed	nitrate reductase (quinone)	taxID:2021379
A0A6I2F7U3	unreviewed	nitrate reductase (quinone)	taxID:2662258
A0A6I2FR89	unreviewed	Nitrate reductase alpha subunit	taxID:2663237
A0A6I2I447	unreviewed	nitrate reductase (quinone)	taxID:2666199
A0A6I2I7E2	unreviewed	nitrate reductase (quinone)	taxID:2666199
A0A6I2IBA6	unreviewed	nitrate reductase (quinone)	taxID:2666193
A0A6I2IDW3	unreviewed	nitrate reductase (quinone)	taxID:2666193
A0A6I2ISA7	unreviewed	nitrate reductase (quinone)	taxID:2666194
A0A6I2L796	unreviewed	nitrate reductase (quinone)	taxID:2666084
A0A6I2SML4	unreviewed	nitrate reductase (quinone)	taxID:46610
A0A6I2UNL1	unreviewed	4Fe-4S Mo/W bis-MGD-type domain-containing protein	taxID:2652285
A0A6I2VNI6	unreviewed	Nitrate reductase alpha subunit	taxID:1883427
A0A6I2YVD8	unreviewed	4Fe-4S Mo/W bis-MGD-type domain-containing protein	taxID:2900548
A0A6I3BIS4	unreviewed	Nitrate reductase alpha subunit	taxID:1883427
A0A6I3FCC2	unreviewed	4Fe-4S Mo/W bis-MGD-type domain-containing protein	taxID:1883427
A0A6I3HVL9	unreviewed	Nitrate reductase alpha subunit	taxID:2900548
A0A6I3IN35	unreviewed	nitrate reductase (quinone)	taxID:2663847
A0A6I3KPW3	unreviewed	Nitrate reductase alpha subunit	taxID:2675850
A0A6I3S3H8	unreviewed	nitrate reductase (quinone)	taxID:487175
A0A6I3STJ5	unreviewed	nitrate reductase (quinone)	taxID:1949069
A0A6I4J090	unreviewed	nitrate reductase (quinone)	taxID:2682842
A0A6I4KSC4	unreviewed	nitrate reductase (quinone)	taxID:2654845
A0A6I4LV07	unreviewed	nitrate reductase (quinone)	taxID:2509718
A0A6I4NAT4	unreviewed	Nitrate reductase alpha subunit	taxID:436595
A0A6I4NZP4	unreviewed	nitrate reductase (quinone)	taxID:2662446
A0A6I4RE40	unreviewed	nitrate reductase (quinone)	taxID:2610893
A0A6I4TBP3	unreviewed	nitrate reductase (quinone)	taxID:1837929
A0A6I5CJW7	unreviewed	nitrate reductase (quinone)	taxID:2690321
A0A6I5VN57	unreviewed	nitrate reductase (quinone)	taxID:2672569
A0A6I6DQZ5	unreviewed	nitrate reductase (quinone)	taxID:2681308
A0A6I6DU12	unreviewed	nitrate reductase (quinone)	taxID:2681308
A0A6I6EN82	unreviewed	nitrate reductase (quinone)	taxID:2681984
A0A6I6GW13	unreviewed	nitrate reductase (quinone)	taxID:237609
A0A6I6L9P2	unreviewed	nitrate reductase (quinone)	taxID:392610
A0A6I6SHB6	unreviewed	nitrate reductase (quinone)	taxID:2692234
A0A6I6SPH8	unreviewed	nitrate reductase (quinone)	taxID:2497861
A0A6I6XG91	unreviewed	nitrate reductase (quinone)	taxID:303
A0A6I6Y8V1	unreviewed	nitrate reductase (quinone)	taxID:303
A0A6I7D0T9	unreviewed	nitrate reductase (quinone)	taxID:1987580
A0A6I7FB68	unreviewed	nitrate reductase (quinone)	taxID:1071078
A0A6I7WR34	unreviewed	nitrate reductase (quinone)	taxID:1916061
A0A6I7WZW1	unreviewed	nitrate reductase (quinone)	taxID:1916068
A0A6I7X5C1	unreviewed	nitrate reductase (quinone)	taxID:1916063
A0A6I7X8K3	unreviewed	nitrate reductase (quinone)	taxID:1916064
A0A6I7XXB7	unreviewed	nitrate reductase (quinone)	taxID:2217818
A0A6J4ZGR8	unreviewed	nitrate reductase (quinone)	taxID:256318
A0A6J4ZMG1	unreviewed	nitrate reductase (quinone)	taxID:256318
A0A6J5AZA5	unreviewed	nitrate reductase (quinone)	taxID:1287735
A0A6J5CD00	unreviewed	4Fe-4S Mo/W bis-MGD-type domain-containing protein	taxID:252970
A0A6J5FSX1	unreviewed	nitrate reductase (quinone)	taxID:1723730
A0A6J5IRC3	unreviewed	nitrate reductase (quinone)	taxID:2015348
A0A6J5JVF8	unreviewed	nitrate reductase (quinone)	taxID:2652803
A0A6J5ZIV9	unreviewed	nitrate reductase (quinone)	taxID:449393
A0A6J6G2A5	unreviewed	nitrate reductase (quinone)	taxID:449393
A0A6J6L044	unreviewed	nitrate reductase (quinone)	taxID:449393
A0A6J6M2C4	unreviewed	nitrate reductase (quinone)	taxID:449393
A0A6J6MY51	unreviewed	nitrate reductase (quinone)	taxID:449393
A0A6J6N4J2	unreviewed	nitrate reductase (quinone)	taxID:449393
A0A6J6NTK0	unreviewed	nitrate reductase (quinone)	taxID:449393
A0A6J6Q678	unreviewed	nitrate reductase (quinone)	taxID:449393
A0A6J6T8D9	unreviewed	nitrate reductase (quinone)	taxID:449393
A0A6J7B1P3	unreviewed	nitrate reductase (quinone)	taxID:449393
A0A6J7BI61	unreviewed	nitrate reductase (quinone)	taxID:449393
A0A6J7EVI2	unreviewed	nitrate reductase (quinone)	taxID:449393
A0A6J7HG33	unreviewed	nitrate reductase (quinone)	taxID:449393
A0A6J7M2S2	unreviewed	nitrate reductase (quinone)	taxID:449393
A0A6J7NRR9	unreviewed	nitrate reductase (quinone)	taxID:449393
A0A6J7P0U9	unreviewed	Nitrate reductase (quinone)	taxID:449393
A0A6J7SG32	unreviewed	nitrate reductase (quinone)	taxID:449393
A0A6J7SYG8	unreviewed	nitrate reductase (quinone)	taxID:449393
A0A6J7VDQ9	unreviewed	nitrate reductase (quinone)	taxID:449393
A0A6L3W5Z3	unreviewed	Nitrate reductase alpha subunit	taxID:1803903
A0A6L3Z6S4	unreviewed	nitrate reductase (quinone)	taxID:529
A0A6L4AF46	unreviewed	nitrate reductase (quinone)	taxID:2053307
A0A6L4AN41	unreviewed	nitrate reductase (quinone)	taxID:2053307
A0A6L4B666	unreviewed	nitrate reductase (quinone)	taxID:2651171
A0A6L5E718	unreviewed	nitrate reductase (quinone)	taxID:2653932
A0A6L5E7R6	unreviewed	nitrate reductase (quinone)	taxID:2653932
A0A6L5G274	unreviewed	nitrate reductase (quinone)	taxID:2656774
A0A6L5P6G0	unreviewed	nitrate reductase (quinone)	taxID:1598
A0A6L5PVN1	unreviewed	nitrate reductase (quinone)	taxID:2666190
A0A6L5QK85	unreviewed	nitrate reductase (quinone)	taxID:2666082
A0A6L5YVV0	unreviewed	nitrate reductase (quinone)	taxID:2662447
A0A6L6EJ99	unreviewed	Nitrate reductase alpha subunit	taxID:1883427
A0A6L6GXX3	unreviewed	nitrate reductase (quinone)	taxID:2665160
A0A6L6IJI7	unreviewed	nitrate reductase (quinone)	taxID:2562891
A0A6L6ILU9	unreviewed	nitrate reductase (quinone)	taxID:2562891
A0A6L6J5N5	unreviewed	nitrate reductase (quinone)	taxID:1820333
A0A6L6PHS3	unreviewed	nitrate reductase (quinone)	taxID:551988
A0A6L6WMS0	unreviewed	Nitrate reductase alpha subunit	taxID:2681492
A0A6L6XAB3	unreviewed	nitrate reductase (quinone)	taxID:2681492
A0A6L6XS30	unreviewed	nitrate reductase (quinone)	taxID:2682843
A0A6L6Y405	unreviewed	nitrate reductase (quinone)	taxID:2683201
A0A6L6Y976	unreviewed	nitrate reductase (quinone)	taxID:2683201
A0A6L6YJQ3	unreviewed	4Fe-4S Mo/W bis-MGD-type domain-containing protein	taxID:2565572
A0A6L7A1N5	unreviewed	nitrate reductase (quinone)	taxID:562
A0A6L7JQA9	unreviewed	nitrate reductase (quinone)	taxID:1913989
A0A6L7KKG2	unreviewed	4Fe-4S Mo/W bis-MGD-type domain-containing protein	taxID:2604846
A0A6L7LK94	unreviewed	nitrate reductase (quinone)	taxID:2604845
A0A6L7N317	unreviewed	nitrate reductase (quinone)	taxID:1913989
A0A6L7ZXV5	unreviewed	Nitrate reductase subunit alpha	taxID:1898112
A0A6L8C3D7	unreviewed	nitrate reductase (quinone)	taxID:1904441
A0A6L8GB06	unreviewed	4Fe-4S Mo/W bis-MGD-type domain-containing protein	taxID:2604848
A0A6L8KN12	unreviewed	nitrate reductase (quinone)	taxID:2692172
A0A6L8MRD1	unreviewed	nitrate reductase (quinone)	taxID:2692173
A0A6L8NXU9	unreviewed	nitrate reductase (quinone)	taxID:1392
A0A6L8UD96	unreviewed	nitrate reductase (quinone)	taxID:2030927
A0A6L9G501	unreviewed	nitrate reductase (quinone)	taxID:453836
A0A6L9KIN3	unreviewed	nitrate reductase (quinone)	taxID:50421
A0A6L9QIF9	unreviewed	Nitrate reductase alpha subunit	taxID:453573
A0A6L9QYL7	unreviewed	Nitrate reductase alpha subunit	taxID:453573
A0A6L9S9J2	unreviewed	Nitrate reductase alpha subunit	taxID:1981512
A0A6M0K2K2	unreviewed	nitrate reductase (quinone)	taxID:57489
A0A6M0L2C1	unreviewed	nitrate reductase (quinone)	taxID:2695268
A0A6M0PB46	unreviewed	nitrate reductase (quinone)	taxID:363870
A0A6M1TW90	unreviewed	nitrate reductase (quinone)	taxID:2583234
A0A6M2B0K0	unreviewed	nitrate reductase (quinone)	taxID:2703882
A0A6M3NVQ8	unreviewed	nitrate reductase (quinone)	taxID:1160769
A0A6M3ZH93	unreviewed	nitrate reductase (quinone)	taxID:224308
A0A6M3ZVB8	unreviewed	nitrate reductase (quinone)	taxID:1235827
A0A6M4A3H4	unreviewed	nitrate reductase (quinone)	taxID:2495591
A0A6M4FRH2	unreviewed	nitrate reductase (quinone)	taxID:2730360
A0A6M5UGR3	unreviewed	nitrate reductase (quinone)	taxID:2587808
A0A6M6IF38	unreviewed	nitrate reductase (quinone)	taxID:2735554
A0A6M8B561	unreviewed	4Fe-4S Mo/W bis-MGD-type domain-containing protein	taxID:2737173
A0A6M8SPC2	unreviewed	nitrate reductase (quinone)	taxID:2739061
A0A6M8UMM0	unreviewed	nitrate reductase (quinone)	taxID:2740817
A0A6M8V3N2	unreviewed	nitrate reductase (quinone)	taxID:2026749
A0A6M8V5V0	unreviewed	nitrate reductase (quinone)	taxID:2026749
A0A6M8W069	unreviewed	nitrate reductase (quinone)	taxID:1977087
A0A6M8W3D1	unreviewed	nitrate reductase (quinone)	taxID:1977087
A0A6N0BLY1	unreviewed	nitrate reductase (quinone)	taxID:2741720
A0A6N0HVU6	unreviewed	nitrate reductase (quinone)	taxID:2738883
A0A6N0KTB3	unreviewed	nitrate reductase (quinone)	taxID:2545800
A0A6N1C819	unreviewed	nitrate reductase (quinone)	taxID:2681983
A0A6N1YHW1	unreviewed	nitrate reductase (quinone)	taxID:343235
A0A6N2UIG9	unreviewed	nitrate reductase (quinone)	taxID:35703
A0A6N2UTT6	unreviewed	nitrate reductase (quinone)	taxID:35703
A0A6N2ZLF0	unreviewed	nitrate reductase (quinone)	taxID:29466
A0A6N3AKQ4	unreviewed	nitrate reductase (quinone)	taxID:103892
A0A6N3AT53	unreviewed	nitrate reductase (quinone)	taxID:39777
A0A6N3AVH7	unreviewed	nitrate reductase (quinone)	taxID:39778
A0A6N3BE77	unreviewed	nitrate reductase (quinone)	taxID:571
A0A6N3CVG9	unreviewed	nitrate reductase (quinone)	taxID:1286
A0A6N3GS98	unreviewed	nitrate reductase (quinone)	taxID:549
A0A6N3H2Y7	unreviewed	nitrate reductase (quinone)	taxID:549
A0A6N3HPE0	unreviewed	nitrate reductase (quinone)	taxID:1485952
A0A6N3K6K4	unreviewed	Nitrate reductase alpha subunit	taxID:47850
A0A6N3QPV7	unreviewed	nitrate reductase (quinone)	taxID:945360
A0A6N3R5R0	unreviewed	nitrate reductase (quinone)	taxID:754091
A0A6N4TAG4	unreviewed	nitrate reductase (quinone)	taxID:2058624
A0A6N4UZA8	unreviewed	Nitrate reductase alpha subunit	taxID:67081
A0A6N6JAK0	unreviewed	nitrate reductase (quinone)	taxID:2601869
A0A6N6JTD3	unreviewed	nitrate reductase (quinone)	taxID:1869227
A0A6N6JXE3	unreviewed	nitrate reductase (quinone)	taxID:1978231
A0A6N6K192	unreviewed	nitrate reductase (quinone)	taxID:1563222
A0A6N6K2E2	unreviewed	nitrate reductase (quinone)	taxID:1563222
A0A6N6L4Y0	unreviewed	nitrate reductase (quinone)	taxID:2026724
A0A6N6LD53	unreviewed	nitrate reductase (quinone)	taxID:1977087
A0A6N6QCF3	unreviewed	nitrate reductase (quinone)	taxID:94626
A0A6N6SJA1	unreviewed	nitrate reductase (quinone)	taxID:1917965
A0A6N6SWL1	unreviewed	nitrate reductase (quinone)	taxID:2015799
A0A6N6T9W6	unreviewed	nitrate reductase (quinone)	taxID:2651161
A0A6N7EH43	unreviewed	nitrate reductase (quinone)	taxID:1622177
A0A6N7HBY5	unreviewed	Nitrate reductase alpha subunit	taxID:1872138
A0A6N7HH09	unreviewed	nitrate reductase (quinone)	taxID:1872138
A0A6N7R0B8	unreviewed	nitrate reductase (quinone)	taxID:563735
A0A6N7UUD1	unreviewed	nitrate reductase (quinone)	taxID:2606622
A0A6N7VTL6	unreviewed	nitrate reductase (quinone)	taxID:2652290
A0A6N7XV68	unreviewed	nitrate reductase (quinone)	taxID:2606623
A0A6N7YRM2	unreviewed	Nitrate reductase alpha subunit	taxID:664692
A0A6N8FH37	unreviewed	nitrate reductase (quinone)	taxID:2678566
A0A6N8G931	unreviewed	Nitrate reductase alpha subunit	taxID:2607326
A0A6N8HK00	unreviewed	Respiratory nitrate reductase 1 alpha chain	taxID:2654513
A0A6N8NDS0	unreviewed	4Fe-4S Mo/W bis-MGD-type domain-containing protein	taxID:562
A0A6N8NEZ9	unreviewed	4Fe-4S Mo/W bis-MGD-type domain-containing protein	taxID:562
A0A6N8QVM6	unreviewed	nitrate reductase (quinone)	taxID:562
A0A6N8QXZ0	unreviewed	nitrate reductase (quinone)	taxID:562
A0A6N8U152	unreviewed	nitrate reductase (quinone)	taxID:157225
A0A6N8XN84	unreviewed	nitrate reductase (quinone)	taxID:1898112
A0A6N9AYI7	unreviewed	nitrate reductase (quinone)	taxID:1913989
A0A6N9Q5E0	unreviewed	nitrate reductase (quinone)	taxID:2507566
A0A6N9R1D9	unreviewed	nitrate reductase (quinone)	taxID:1049583
A0A6N9S5P2	unreviewed	nitrate reductase (quinone)	taxID:562
A0A6N9U371	unreviewed	Nitrate reductase alpha subunit	taxID:1944
A0A6N9UDF7	unreviewed	Nitrate reductase alpha subunit	taxID:285562
A0A6N9UTS4	unreviewed	nitrate reductase (quinone)	taxID:285562
A0A6P1CFU4	unreviewed	Nitrate reductase alpha subunit	taxID:135487
A0A6P1CNI6	unreviewed	Nitrate reductase alpha subunit	taxID:135487
A0A6P1CT03	unreviewed	Nitrate reductase alpha subunit	taxID:135487
A0A6P1D1N6	unreviewed	Nitrate reductase alpha subunit	taxID:135487
A0A6P1D9C4	unreviewed	Nitrate reductase alpha subunit	taxID:135487
A0A6P1DX35	unreviewed	nitrate reductase (quinone)	taxID:329406
A0A6P1IGS5	unreviewed	nitrate reductase (quinone)	taxID:434010
A0A6P1IYK2	unreviewed	nitrate reductase (quinone)	taxID:2651974
A0A6P1KK84	unreviewed	nitrate reductase (quinone)	taxID:34062
A0A6P1NNS6	unreviewed	nitrate reductase (quinone)	taxID:2697569
A0A6P1PXZ9	unreviewed	Respiratory nitrate reductase 2 alpha chain	taxID:1615494
A0A6P1Q1K3	unreviewed	nitrate reductase (quinone)	taxID:1615494
A0A6P1URE8	unreviewed	nitrate reductase (quinone)	taxID:1134687
A0A6P1UU10	unreviewed	nitrate reductase (quinone)	taxID:1134687
A0A6P1WVQ5	unreviewed	nitrate reductase (quinone)	taxID:1912064
A0A6P2CCH3	unreviewed	Nitrate reductase alpha subunit	taxID:38312
A0A6P2EF54	unreviewed	4Fe-4S Mo/W bis-MGD-type domain-containing protein	taxID:662548
A0A6P2ESN8	unreviewed	nitrate reductase (quinone)	taxID:434009
A0A6P2FA04	unreviewed	nitrate reductase (quinone)	taxID:434008
A0A6P2GB50	unreviewed	nitrate reductase (quinone)	taxID:179879
A0A6P2IQQ0	unreviewed	nitrate reductase (quinone)	taxID:2015348
A0A6P2M0A2	unreviewed	nitrate reductase (quinone)	taxID:482957
A0A6P2PFJ0	unreviewed	nitrate reductase (quinone)	taxID:1207504
A0A6P2PG28	unreviewed	nitrate reductase (quinone)	taxID:488732
A0A6P2QQC2	unreviewed	nitrate reductase (quinone)	taxID:482957
A0A6P2TMU8	unreviewed	nitrate reductase (quinone)	taxID:482957
A0A6P2XBT9	unreviewed	nitrate reductase (quinone)	taxID:482957
A0A6S5JS19	unreviewed	nitrate reductase (quinone)	taxID:550
A0A6S5JY63	unreviewed	nitrate reductase (quinone)	taxID:550
A0A6S6WPI5	unreviewed	nitrate reductase (quinone)	taxID:2614830
A0A6S6XT89	unreviewed	nitrate reductase (quinone)	taxID:311182
A0A6S6Z662	unreviewed	nitrate reductase (quinone)	taxID:1353890
A0A6S6ZLB0	unreviewed	nitrate reductase (quinone)	taxID:1353889
A0A6S7A469	unreviewed	nitrate reductase (quinone)	taxID:1389935
A0A6S7AT94	unreviewed	nitrate reductase (quinone)	taxID:1353891
A0A6S7C1Q2	unreviewed	nitrate reductase (quinone)	taxID:1389932
A0A6S7CU05	unreviewed	nitrate reductase (quinone)	taxID:72556
A0A6S7D863	unreviewed	nitrate reductase (quinone)	taxID:1287737
A0A6S7E9T6	unreviewed	nitrate reductase (quinone)	taxID:1287738
A0A6S7F103	unreviewed	nitrate reductase (quinone)	taxID:72557
A0A6S7F3P2	unreviewed	nitrate reductase (quinone)	taxID:217204
A0A6V7R498	unreviewed	nitrate reductase (quinone)	taxID:1812261
A0A6V8LV82	unreviewed	Nitrate reductase alpha subunit	taxID:1076125
A0A6V8ME99	unreviewed	nitrate reductase (quinone)	taxID:2740184
A0A6V8MW79	unreviewed	nitrate reductase (quinone)	taxID:2740185
A0A6V8N2D1	unreviewed	nitrate reductase (quinone)	taxID:2740186
A0A6V8UGU7	unreviewed	nitrate reductase (quinone)	taxID:595
A0A6V9XLT7	unreviewed	nitrate reductase (quinone)	taxID:1128761
A0A6V9XLY0	unreviewed	nitrate reductase (quinone)	taxID:1128761
A0A6W0BCN5	unreviewed	nitrate reductase (quinone)	taxID:28901
A0A6W0LYS8	unreviewed	nitrate reductase (quinone)	taxID:174641
A0A6W0M2A8	unreviewed	nitrate reductase (quinone)	taxID:174641
A0A6W0NXZ4	unreviewed	nitrate reductase (quinone)	taxID:938143
A0A6W0NZA3	unreviewed	nitrate reductase (quinone)	taxID:938143
A0A6X7WYM1	unreviewed	nitrate reductase (quinone)	taxID:59201
A0A6X8CCJ0	unreviewed	nitrate reductase (quinone)	taxID:58095
A0A6X8HRP2	unreviewed	nitrate reductase (quinone)	taxID:149539
A0A6X8MT13	unreviewed	nitrate reductase (quinone)	taxID:46626
A0A6X8N5F2	unreviewed	nitrate reductase (quinone)	taxID:46626
A0A6X9DD30	unreviewed	nitrate reductase (quinone)	taxID:98360
A0A6X9EXF5	unreviewed	nitrate reductase (quinone)	taxID:149539
A0A6X9IGP2	unreviewed	nitrate reductase (quinone)	taxID:149539
A0A6Y0SMU4	unreviewed	nitrate reductase (quinone)	taxID:149539
A0A6Y0WIL7	unreviewed	nitrate reductase (quinone)	taxID:224729
A0A6Y0YQV6	unreviewed	nitrate reductase (quinone)	taxID:57045
A0A6Y0YYK3	unreviewed	nitrate reductase (quinone)	taxID:57045
A0A6Y1A7E6	unreviewed	nitrate reductase (quinone)	taxID:28901
A0A6Y1HH05	unreviewed	nitrate reductase (quinone)	taxID:90371
A0A6Y1U9K6	unreviewed	nitrate reductase (quinone)	taxID:59204
A0A6Y2KA37	unreviewed	nitrate reductase (quinone)	taxID:59203
A0A6Y2KHP2	unreviewed	nitrate reductase (quinone)	taxID:59204
A0A6Y2YHB0	unreviewed	nitrate reductase (quinone)	taxID:149539
A0A6Y3V2Z8	unreviewed	nitrate reductase (quinone)	taxID:192954
A0A6Y4M4G7	unreviewed	nitrate reductase (quinone)	taxID:59201
A0A6Y4XVG1	unreviewed	nitrate reductase (quinone)	taxID:59201
A0A6Y5BLL2	unreviewed	nitrate reductase (quinone)	taxID:119912
A0A6Y5CJB9	unreviewed	nitrate reductase (quinone)	taxID:59201
A0A6Y5CRZ8	unreviewed	nitrate reductase (quinone)	taxID:59201
A0A6Y5DEC0	unreviewed	nitrate reductase (quinone)	taxID:149539
A0A6Y5I0V3	unreviewed	nitrate reductase (quinone)	taxID:28144
A0A6Y5L8M1	unreviewed	nitrate reductase (quinone)	taxID:59201
A0A6Y5XLG8	unreviewed	nitrate reductase (quinone)	taxID:57045
A0A6Y5XRS5	unreviewed	nitrate reductase (quinone)	taxID:57045
A0A6Y5YNY3	unreviewed	nitrate reductase (quinone)	taxID:57046
A0A6Y6FJI1	unreviewed	4Fe-4S Mo/W bis-MGD-type domain-containing protein	taxID:28901
A0A701FJ98	unreviewed	nitrate reductase (quinone)	taxID:149539
A0A701FNU3	unreviewed	nitrate reductase (quinone)	taxID:149539
A0A701H339	unreviewed	nitrate reductase (quinone)	taxID:90371
A0A701H4X6	unreviewed	nitrate reductase (quinone)	taxID:90371
A0A701IXT7	unreviewed	nitrate reductase (quinone)	taxID:90371
A0A701JB81	unreviewed	nitrate reductase (quinone)	taxID:90371
A0A701JZJ5	unreviewed	nitrate reductase (quinone)	taxID:90371
A0A701KAS5	unreviewed	nitrate reductase (quinone)	taxID:90371
A0A701LGU8	unreviewed	nitrate reductase (quinone)	taxID:90371
A0A701NKE6	unreviewed	nitrate reductase (quinone)	taxID:90371
A0A701QTI0	unreviewed	nitrate reductase (quinone)	taxID:1967623
A0A701U8U7	unreviewed	nitrate reductase (quinone)	taxID:1967619
A0A701UIL8	unreviewed	nitrate reductase (quinone)	taxID:1967611
A0A701UZB2	unreviewed	nitrate reductase (quinone)	taxID:1151170
A0A701V028	unreviewed	nitrate reductase (quinone)	taxID:1151170
A0A701VY30	unreviewed	nitrate reductase (quinone)	taxID:1967623
A0A701WRR7	unreviewed	nitrate reductase (quinone)	taxID:596
A0A701X1A3	unreviewed	nitrate reductase (quinone)	taxID:90371
A0A701X5X8	unreviewed	nitrate reductase (quinone)	taxID:90371
A0A701YUG2	unreviewed	nitrate reductase (quinone)	taxID:28901
A0A701ZC20	unreviewed	nitrate reductase (quinone)	taxID:28901
A0A702B6Z3	unreviewed	nitrate reductase (quinone)	taxID:486993
A0A702ED37	unreviewed	nitrate reductase (quinone)	taxID:28901
A0A702FC89	unreviewed	nitrate reductase (quinone)	taxID:486993
A0A702FF09	unreviewed	nitrate reductase (quinone)	taxID:1967585
A0A702FIW1	unreviewed	nitrate reductase (quinone)	taxID:1967585
A0A702G6I8	unreviewed	nitrate reductase (quinone)	taxID:59204
A0A702L1C4	unreviewed	nitrate reductase (quinone)	taxID:59202
A0A702L5K4	unreviewed	nitrate reductase (quinone)	taxID:59202
A0A702LJ77	unreviewed	nitrate reductase (quinone)	taxID:59205
A0A702PI20	unreviewed	nitrate reductase (quinone)	taxID:59205
A0A703ACJ5	unreviewed	nitrate reductase (quinone)	taxID:28901
A0A703SHT7	unreviewed	4Fe-4S Mo/W bis-MGD-type domain-containing protein	taxID:28901
A0A703T2Q5	unreviewed	4Fe-4S Mo/W bis-MGD-type domain-containing protein	taxID:28901
A0A703XH95	unreviewed	4Fe-4S Mo/W bis-MGD-type domain-containing protein	taxID:28901
A0A703XHJ4	unreviewed	4Fe-4S Mo/W bis-MGD-type domain-containing protein	taxID:28901
A0A704AI26	unreviewed	nitrate reductase (quinone)	taxID:28901
A0A704R224	unreviewed	nitrate reductase (quinone)	taxID:28901
A0A704X890	unreviewed	nitrate reductase (quinone)	taxID:28901
A0A705R3N0	unreviewed	nitrate reductase (quinone)	taxID:28901
A0A705SJY5	unreviewed	4Fe-4S Mo/W bis-MGD-type domain-containing protein	taxID:28901
A0A705WWG1	unreviewed	4Fe-4S Mo/W bis-MGD-type domain-containing protein	taxID:90371
A0A706EEX9	unreviewed	4Fe-4S Mo/W bis-MGD-type domain-containing protein	taxID:90371
A0A706FVB6	unreviewed	nitrate reductase (quinone)	taxID:90371
A0A706QP19	unreviewed	Nitrate reductase subunit alpha	taxID:90371
A0A706SUE1	unreviewed	nitrate reductase (quinone)	taxID:90371
A0A707BBB9	unreviewed	4Fe-4S Mo/W bis-MGD-type domain-containing protein	taxID:90371
A0A707BV07	unreviewed	Nitrate reductase subunit alpha	taxID:90371
A0A707ENK9	unreviewed	4Fe-4S Mo/W bis-MGD-type domain-containing protein	taxID:90371
A0A707GSE9	unreviewed	Nitrate reductase subunit alpha	taxID:90371
A0A707HUG6	unreviewed	nitrate reductase (quinone)	taxID:90371
A0A707K0M9	unreviewed	4Fe-4S Mo/W bis-MGD-type domain-containing protein	taxID:90371
A0A707KVY0	unreviewed	4Fe-4S Mo/W bis-MGD-type domain-containing protein	taxID:90371
A0A707NFT7	unreviewed	Nitrate reductase subunit alpha	taxID:90371
A0A707T7L4	unreviewed	4Fe-4S Mo/W bis-MGD-type domain-containing protein	taxID:90371
A0A707YZW8	unreviewed	nitrate reductase (quinone)	taxID:90371
A0A707ZTW0	unreviewed	Nitrate reductase subunit alpha	taxID:90371
A0A708AH08	unreviewed	nitrate reductase (quinone)	taxID:90371
A0A708CR18	unreviewed	nitrate reductase (quinone)	taxID:90371
A0A708D806	unreviewed	4Fe-4S Mo/W bis-MGD-type domain-containing protein	taxID:90371
A0A708PCZ0	unreviewed	nitrate reductase (quinone)	taxID:90371
A0A708TQC6	unreviewed	nitrate reductase (quinone)	taxID:90371
A0A709HQ62	unreviewed	nitrate reductase (quinone)	taxID:90371
A0A709I9G4	unreviewed	nitrate reductase (quinone)	taxID:90371
A0A709IJR6	unreviewed	nitrate reductase (quinone)	taxID:90371
A0A709WCP2	unreviewed	4Fe-4S Mo/W bis-MGD-type domain-containing protein	taxID:90371
A0A710RM69	unreviewed	nitrate reductase (quinone)	taxID:90371
A0A710RRY6	unreviewed	nitrate reductase (quinone)	taxID:90371
A0A711JTR5	unreviewed	nitrate reductase (quinone)	taxID:59201
A0A711L6Y4	unreviewed	nitrate reductase (quinone)	taxID:59201
A0A711QZY3	unreviewed	nitrate reductase (quinone)	taxID:59201
A0A711V9U1	unreviewed	nitrate reductase (quinone)	taxID:59201
A0A713TN84	unreviewed	nitrate reductase (quinone)	taxID:220341
A0A714EJ40	unreviewed	nitrate reductase (quinone)	taxID:90371
A0A714N013	unreviewed	nitrate reductase (quinone)	taxID:220341
A0A714NG12	unreviewed	nitrate reductase (quinone)	taxID:220341
A0A714NYP1	unreviewed	nitrate reductase (quinone)	taxID:220341
A0A714Q4I4	unreviewed	nitrate reductase (quinone)	taxID:28901
A0A714TMR2	unreviewed	nitrate reductase (quinone)	taxID:220341
A0A715EEH1	unreviewed	nitrate reductase (quinone)	taxID:220341
A0A715R1V0	unreviewed	nitrate reductase (quinone)	taxID:220341
A0A716D6G8	unreviewed	nitrate reductase (quinone)	taxID:220341
A0A716F7F8	unreviewed	nitrate reductase (quinone)	taxID:220341
A0A716JBP3	unreviewed	nitrate reductase (quinone)	taxID:220341
A0A716RBK8	unreviewed	nitrate reductase (quinone)	taxID:220341
A0A717EBB4	unreviewed	nitrate reductase (quinone)	taxID:220341
A0A717H5D7	unreviewed	nitrate reductase (quinone)	taxID:220341
A0A717V6X5	unreviewed	nitrate reductase (quinone)	taxID:220341
A0A718MAV8	unreviewed	nitrate reductase (quinone)	taxID:216597
A0A718PEA0	unreviewed	nitrate reductase (quinone)	taxID:216597
A0A718R6V5	unreviewed	nitrate reductase (quinone)	taxID:216597
A0A718RQY0	unreviewed	nitrate reductase (quinone)	taxID:216597
A0A718V781	unreviewed	nitrate reductase (quinone)	taxID:216597
A0A718WCJ9	unreviewed	nitrate reductase (quinone)	taxID:216597
A0A718Y041	unreviewed	nitrate reductase (quinone)	taxID:216597
A0A718ZNN5	unreviewed	nitrate reductase (quinone)	taxID:216597
A0A719D0T7	unreviewed	nitrate reductase (quinone)	taxID:216597
A0A719D382	unreviewed	nitrate reductase (quinone)	taxID:216597
A0A719DW99	unreviewed	nitrate reductase (quinone)	taxID:216597
A0A719TU24	unreviewed	nitrate reductase (quinone)	taxID:497977
A0A719TZA1	unreviewed	nitrate reductase (quinone)	taxID:497977
A0A719WZ64	unreviewed	nitrate reductase (quinone)	taxID:497977
A0A720EQ83	unreviewed	nitrate reductase (quinone)	taxID:497977
A0A720U8G2	unreviewed	nitrate reductase (quinone)	taxID:497977
A0A720W267	unreviewed	nitrate reductase (quinone)	taxID:497977
A0A721MCV2	unreviewed	nitrate reductase (quinone)	taxID:28901
A0A722XNY4	unreviewed	nitrate reductase (quinone)	taxID:28901
A0A724A8K6	unreviewed	nitrate reductase (quinone)	taxID:192955
A0A724IPB2	unreviewed	nitrate reductase (quinone)	taxID:550537
A0A724LP91	unreviewed	nitrate reductase (quinone)	taxID:550537
A0A724N9H0	unreviewed	nitrate reductase (quinone)	taxID:550537
A0A724UXW0	unreviewed	nitrate reductase (quinone)	taxID:1151173
A0A724WDQ0	unreviewed	nitrate reductase (quinone)	taxID:550537
A0A724ZI64	unreviewed	nitrate reductase (quinone)	taxID:149539
A0A725CZ17	unreviewed	4Fe-4S Mo/W bis-MGD-type domain-containing protein	taxID:149539
A0A725G5I4	unreviewed	nitrate reductase (quinone)	taxID:550537
A0A725R0P1	unreviewed	nitrate reductase (quinone)	taxID:149539
A0A725VE92	unreviewed	nitrate reductase (quinone)	taxID:550537
A0A726IYY9	unreviewed	nitrate reductase (quinone)	taxID:595
A0A726VV29	unreviewed	nitrate reductase (quinone)	taxID:59201
A0A726Z0L8	unreviewed	nitrate reductase (quinone)	taxID:1173578
A0A727MFD4	unreviewed	nitrate reductase (quinone)	taxID:90371
A0A727MWF0	unreviewed	nitrate reductase (quinone)	taxID:149539
A0A727Q2R1	unreviewed	nitrate reductase (quinone)	taxID:224729
A0A727S191	unreviewed	nitrate reductase (quinone)	taxID:90371
A0A727TJX4	unreviewed	nitrate reductase (quinone)	taxID:1050190
A0A727U739	unreviewed	nitrate reductase (quinone)	taxID:57045
A0A727UC49	unreviewed	nitrate reductase (quinone)	taxID:57045
A0A727YNV7	unreviewed	nitrate reductase (quinone)	taxID:1050190
A0A728LJP9	unreviewed	nitrate reductase (quinone)	taxID:41517
A0A728ZKC4	unreviewed	nitrate reductase (quinone)	taxID:149391
A0A729FLJ6	unreviewed	nitrate reductase (quinone)	taxID:1340177
A0A729FYW0	unreviewed	nitrate reductase (quinone)	taxID:2577535
A0A729J6C9	unreviewed	nitrate reductase (quinone)	taxID:2577535
A0A729KUP8	unreviewed	nitrate reductase (quinone)	taxID:2564646
A0A729NGU5	unreviewed	nitrate reductase (quinone)	taxID:28901
A0A729NVH7	unreviewed	nitrate reductase (quinone)	taxID:192953
A0A729PXZ7	unreviewed	nitrate reductase (quinone)	taxID:1151170
A0A729Q5S7	unreviewed	nitrate reductase (quinone)	taxID:2577510
A0A729Q8G6	unreviewed	nitrate reductase (quinone)	taxID:2577510
A0A729QMB6	unreviewed	nitrate reductase (quinone)	taxID:2564646
A0A729ZW33	unreviewed	nitrate reductase (quinone)	taxID:1340177
A0A730C4I6	unreviewed	nitrate reductase (quinone)	taxID:1340177
A0A730FBF9	unreviewed	nitrate reductase (quinone)	taxID:2579247
A0A730GYK0	unreviewed	nitrate reductase (quinone)	taxID:1340177
A0A730I9F6	unreviewed	nitrate reductase (quinone)	taxID:28147
A0A730JIV1	unreviewed	nitrate reductase (quinone)	taxID:29472
A0A730K2I3	unreviewed	nitrate reductase (quinone)	taxID:58100
A0A730K7I7	unreviewed	nitrate reductase (quinone)	taxID:58100
A0A730N5F6	unreviewed	nitrate reductase (quinone)	taxID:90371
A0A730PNC8	unreviewed	nitrate reductase (quinone)	taxID:29472
A0A730TWM2	unreviewed	nitrate reductase (quinone)	taxID:2579247
A0A730WJ27	unreviewed	nitrate reductase (quinone)	taxID:1967604
A0A730Y6L2	unreviewed	nitrate reductase (quinone)	taxID:2579247
A0A730ZMN8	unreviewed	nitrate reductase (quinone)	taxID:1967604
A0A731C807	unreviewed	nitrate reductase (quinone)	taxID:28147
A0A731ND07	unreviewed	nitrate reductase (quinone)	taxID:2500152
A0A731NEM9	unreviewed	nitrate reductase (quinone)	taxID:2500152
A0A731TLA3	unreviewed	nitrate reductase (quinone)	taxID:1967625
A0A731UUR7	unreviewed	nitrate reductase (quinone)	taxID:149390
A0A732CMJ5	unreviewed	nitrate reductase (quinone)	taxID:1967614
A0A732CZX2	unreviewed	nitrate reductase (quinone)	taxID:98360
A0A732GF20	unreviewed	nitrate reductase (quinone)	taxID:1967614
A0A732GP49	unreviewed	nitrate reductase (quinone)	taxID:98360
A0A732S1M8	unreviewed	nitrate reductase (quinone)	taxID:57045
A0A733QH61	unreviewed	nitrate reductase (quinone)	taxID:28901
A0A733V5Z3	unreviewed	nitrate reductase (quinone)	taxID:149391
A0A734CC29	unreviewed	nitrate reductase (quinone)	taxID:2564671
A0A734DSH9	unreviewed	nitrate reductase (quinone)	taxID:90371
A0A734MI43	unreviewed	nitrate reductase (quinone)	taxID:1160778
A0A734MRG8	unreviewed	nitrate reductase (quinone)	taxID:1160778
A0A735AWX7	unreviewed	nitrate reductase (quinone)	taxID:2579247
A0A735AY81	unreviewed	nitrate reductase (quinone)	taxID:2579247
A0A735HHJ7	unreviewed	nitrate reductase (quinone)	taxID:1967619
A0A735HLC8	unreviewed	nitrate reductase (quinone)	taxID:1967619
A0A735IT57	unreviewed	nitrate reductase (quinone)	taxID:41529
A0A735IVS7	unreviewed	nitrate reductase (quinone)	taxID:29472
A0A735J429	unreviewed	nitrate reductase (quinone)	taxID:29472
A0A735MV20	unreviewed	nitrate reductase (quinone)	taxID:41529
A0A735NE57	unreviewed	nitrate reductase (quinone)	taxID:57045
A0A735P3L7	unreviewed	nitrate reductase (quinone)	taxID:1307497
A0A735P6I2	unreviewed	nitrate reductase (quinone)	taxID:1307497
A0A735PXI2	unreviewed	nitrate reductase (quinone)	taxID:1967617
A0A735PY42	unreviewed	nitrate reductase (quinone)	taxID:1967617
A0A735VQX9	unreviewed	nitrate reductase (quinone)	taxID:1192842
A0A736A3P1	unreviewed	nitrate reductase (quinone)	taxID:90371
A0A736ADU9	unreviewed	nitrate reductase (quinone)	taxID:90371
A0A736HFD1	unreviewed	nitrate reductase (quinone)	taxID:363569
A0A736I7C6	unreviewed	nitrate reductase (quinone)	taxID:1967609
A0A736I7H8	unreviewed	nitrate reductase (quinone)	taxID:1967609
A0A736IL84	unreviewed	nitrate reductase (quinone)	taxID:57045
A0A736J8W2	unreviewed	nitrate reductase (quinone)	taxID:149539
A0A736NLK9	unreviewed	nitrate reductase (quinone)	taxID:2579247
A0A736PUH6	unreviewed	nitrate reductase (quinone)	taxID:1340177
A0A736PXX2	unreviewed	nitrate reductase (quinone)	taxID:90371
A0A736R738	unreviewed	nitrate reductase (quinone)	taxID:1967611
A0A736SKE6	unreviewed	nitrate reductase (quinone)	taxID:90370
A0A736TBS6	unreviewed	nitrate reductase (quinone)	taxID:119912
A0A736TE13	unreviewed	nitrate reductase (quinone)	taxID:119912
A0A736UI06	unreviewed	nitrate reductase (quinone)	taxID:363569
A0A736VKD4	unreviewed	nitrate reductase (quinone)	taxID:1967611
A0A736Z9C2	unreviewed	nitrate reductase (quinone)	taxID:192955
A0A737B418	unreviewed	nitrate reductase (quinone)	taxID:108619
A0A737BKM4	unreviewed	nitrate reductase (quinone)	taxID:1307500
A0A737BTE9	unreviewed	nitrate reductase (quinone)	taxID:1307500
A0A737DGT7	unreviewed	nitrate reductase (quinone)	taxID:192955
A0A737F2S8	unreviewed	nitrate reductase (quinone)	taxID:1967581
A0A737GLV4	unreviewed	Nitrate reductase subunit alpha	taxID:149539
A0A737GXB6	unreviewed	nitrate reductase (quinone)	taxID:41518
A0A737GY72	unreviewed	nitrate reductase (quinone)	taxID:41518
A0A737HXB2	unreviewed	nitrate reductase (quinone)	taxID:1967609
A0A737HZC1	unreviewed	nitrate reductase (quinone)	taxID:1967609
A0A737ISF7	unreviewed	nitrate reductase (quinone)	taxID:1967616
A0A737IZ94	unreviewed	nitrate reductase (quinone)	taxID:1967616
A0A737JZY6	unreviewed	nitrate reductase (quinone)	taxID:57046
A0A737MJE1	unreviewed	nitrate reductase (quinone)	taxID:28901
A0A737NST4	unreviewed	nitrate reductase (quinone)	taxID:1967610
A0A737P1B5	unreviewed	nitrate reductase (quinone)	taxID:57045
A0A737RCX6	unreviewed	nitrate reductase (quinone)	taxID:363568
A0A737RMJ8	unreviewed	nitrate reductase (quinone)	taxID:363568
A0A737SG28	unreviewed	nitrate reductase (quinone)	taxID:41517
A0A737TYU3	unreviewed	nitrate reductase (quinone)	taxID:1967610
A0A737U4Y3	unreviewed	nitrate reductase (quinone)	taxID:57045
A0A738ASN2	unreviewed	nitrate reductase (quinone)	taxID:607
A0A738CPC3	unreviewed	nitrate reductase (quinone)	taxID:1967615
A0A738CSZ7	unreviewed	nitrate reductase (quinone)	taxID:1967615
A0A738F501	unreviewed	nitrate reductase (quinone)	taxID:90371
A0A738IC15	unreviewed	nitrate reductase (quinone)	taxID:340188
A0A738NK55	unreviewed	nitrate reductase (quinone)	taxID:54388
A0A738YRJ0	unreviewed	nitrate reductase (quinone)	taxID:1340177
A0A738YVW0	unreviewed	nitrate reductase (quinone)	taxID:1340177
A0A739C2U2	unreviewed	nitrate reductase (quinone)	taxID:1967584
A0A740D6B6	unreviewed	nitrate reductase (quinone)	taxID:611
A0A740PPW9	unreviewed	nitrate reductase (quinone)	taxID:1620419
A0A740S1G2	unreviewed	nitrate reductase (quinone)	taxID:594
A0A740VGH5	unreviewed	nitrate reductase (quinone)	taxID:1967595
A0A741B5X4	unreviewed	nitrate reductase (quinone)	taxID:59201
A0A741FJH7	unreviewed	nitrate reductase (quinone)	taxID:1340177
A0A741LJ95	unreviewed	nitrate reductase (quinone)	taxID:224729
A0A741MWR2	unreviewed	nitrate reductase (quinone)	taxID:1151166
A0A741NA79	unreviewed	nitrate reductase (quinone)	taxID:149391
A0A742KG11	unreviewed	nitrate reductase (quinone)	taxID:28901
A0A742N4H7	unreviewed	nitrate reductase (quinone)	taxID:28901
A0A742Q3I7	unreviewed	nitrate reductase (quinone)	taxID:28901
A0A742QSW6	unreviewed	nitrate reductase (quinone)	taxID:28901
A0A742SEW4	unreviewed	nitrate reductase (quinone)	taxID:28901
A0A742YYJ8	unreviewed	nitrate reductase (quinone)	taxID:28901
A0A743HMF3	unreviewed	nitrate reductase (quinone)	taxID:28901
A0A743I3W6	unreviewed	nitrate reductase (quinone)	taxID:28901
A0A743JDE2	unreviewed	nitrate reductase (quinone)	taxID:28901
A0A743NB72	unreviewed	nitrate reductase (quinone)	taxID:28901
A0A743NZE1	unreviewed	nitrate reductase (quinone)	taxID:28901
A0A743VTG7	unreviewed	nitrate reductase (quinone)	taxID:28901
A0A743YYU8	unreviewed	nitrate reductase (quinone)	taxID:28901
A0A744AK78	unreviewed	nitrate reductase (quinone)	taxID:28901
A0A744FUX8	unreviewed	nitrate reductase (quinone)	taxID:28901
A0A744IFQ1	unreviewed	nitrate reductase (quinone)	taxID:28901
A0A744IJ23	unreviewed	nitrate reductase (quinone)	taxID:28901
A0A744J2J4	unreviewed	nitrate reductase (quinone)	taxID:28901
A0A744JQ47	unreviewed	nitrate reductase (quinone)	taxID:28901
A0A744K6D8	unreviewed	nitrate reductase (quinone)	taxID:28901
A0A744K705	unreviewed	nitrate reductase (quinone)	taxID:28901
A0A744KRQ5	unreviewed	nitrate reductase (quinone)	taxID:28901
A0A744NVC7	unreviewed	nitrate reductase (quinone)	taxID:28901
A0A744RIM8	unreviewed	nitrate reductase (quinone)	taxID:28901
A0A744YI00	unreviewed	nitrate reductase (quinone)	taxID:28901
A0A745BYT2	unreviewed	nitrate reductase (quinone)	taxID:54388
A0A745EXW4	unreviewed	nitrate reductase (quinone)	taxID:28901
A0A745J8E0	unreviewed	nitrate reductase (quinone)	taxID:28901
A0A745KEC8	unreviewed	nitrate reductase (quinone)	taxID:28901
A0A745KKI6	unreviewed	nitrate reductase (quinone)	taxID:28901
A0A745MNK1	unreviewed	nitrate reductase (quinone)	taxID:28901
A0A745NNA1	unreviewed	nitrate reductase (quinone)	taxID:90370
A0A745PK57	unreviewed	nitrate reductase (quinone)	taxID:28901
A0A746HDR7	unreviewed	Nitrate reductase subunit alpha	taxID:28901
A0A746HII4	unreviewed	Nitrate reductase subunit alpha	taxID:28901
A0A746HZG3	unreviewed	nitrate reductase (quinone)	taxID:28901
A0A746JIH8	unreviewed	nitrate reductase (quinone)	taxID:28901
A0A746TQK8	unreviewed	nitrate reductase (quinone)	taxID:28901
A0A747DQI8	unreviewed	nitrate reductase (quinone)	taxID:28901
A0A747EA07	unreviewed	nitrate reductase (quinone)	taxID:28901
A0A747EBB7	unreviewed	nitrate reductase (quinone)	taxID:28901
A0A747EQ04	unreviewed	nitrate reductase (quinone)	taxID:28901
A0A747G6X9	unreviewed	nitrate reductase (quinone)	taxID:28901
A0A747QRF4	unreviewed	nitrate reductase (quinone)	taxID:28901
A0A747V0J9	unreviewed	nitrate reductase (quinone)	taxID:28901
A0A748B5V7	unreviewed	nitrate reductase (quinone)	taxID:28901
A0A748DXC8	unreviewed	nitrate reductase (quinone)	taxID:90370
A0A748EQL9	unreviewed	nitrate reductase (quinone)	taxID:90370
A0A748EW18	unreviewed	nitrate reductase (quinone)	taxID:90370
A0A748FM19	unreviewed	nitrate reductase (quinone)	taxID:28901
A0A748GZV3	unreviewed	nitrate reductase (quinone)	taxID:90370
A0A748JHC5	unreviewed	nitrate reductase (quinone)	taxID:54388
A0A748PE10	unreviewed	nitrate reductase (quinone)	taxID:28901
A0A748PNH5	unreviewed	nitrate reductase (quinone)	taxID:28901
A0A748QS73	unreviewed	nitrate reductase (quinone)	taxID:28901
A0A748S3Q2	unreviewed	nitrate reductase (quinone)	taxID:28901
A0A748S487	unreviewed	nitrate reductase (quinone)	taxID:28901
A0A748WHA7	unreviewed	nitrate reductase (quinone)	taxID:28901
A0A748WKR6	unreviewed	nitrate reductase (quinone)	taxID:28901
A0A749ACV7	unreviewed	nitrate reductase (quinone)	taxID:28901
A0A749GCK6	unreviewed	nitrate reductase (quinone)	taxID:28901
A0A749GT37	unreviewed	4Fe-4S Mo/W bis-MGD-type domain-containing protein	taxID:28901
A0A749KNB4	unreviewed	nitrate reductase (quinone)	taxID:28901
A0A749LGA3	unreviewed	nitrate reductase (quinone)	taxID:28901
A0A749LNF8	unreviewed	nitrate reductase (quinone)	taxID:28901
A0A749RZ56	unreviewed	nitrate reductase (quinone)	taxID:28901
A0A749Z5A7	unreviewed	nitrate reductase (quinone)	taxID:28901
A0A750E9G6	unreviewed	nitrate reductase (quinone)	taxID:28901
A0A750FN51	unreviewed	nitrate reductase (quinone)	taxID:28901
A0A750HSG9	unreviewed	nitrate reductase (quinone)	taxID:28901
A0A750HXS9	unreviewed	nitrate reductase (quinone)	taxID:28901
A0A750IMJ9	unreviewed	nitrate reductase (quinone)	taxID:28901
A0A750KJY8	unreviewed	nitrate reductase (quinone)	taxID:28901
A0A750N1L5	unreviewed	nitrate reductase (quinone)	taxID:28901
A0A750P3A9	unreviewed	nitrate reductase (quinone)	taxID:28901
A0A750UC41	unreviewed	nitrate reductase (quinone)	taxID:28901
A0A750WVC4	unreviewed	nitrate reductase (quinone)	taxID:28901
A0A751E270	unreviewed	nitrate reductase (quinone)	taxID:28901
A0A751E7E2	unreviewed	nitrate reductase (quinone)	taxID:28901
A0A751EWX9	unreviewed	nitrate reductase (quinone)	taxID:28901
A0A751IPJ9	unreviewed	nitrate reductase (quinone)	taxID:90370
A0A751ZX29	unreviewed	nitrate reductase (quinone)	taxID:98360
A0A752E5X0	unreviewed	nitrate reductase (quinone)	taxID:98360
A0A752IR65	unreviewed	nitrate reductase (quinone)	taxID:1967606
A0A752IUB4	unreviewed	nitrate reductase (quinone)	taxID:1967606
A0A752J562	unreviewed	nitrate reductase (quinone)	taxID:611
A0A752MC54	unreviewed	nitrate reductase (quinone)	taxID:594
A0A752ME31	unreviewed	nitrate reductase (quinone)	taxID:594
A0A752RX38	unreviewed	nitrate reductase (quinone)	taxID:1160739
A0A752TYD2	unreviewed	nitrate reductase (quinone)	taxID:28147
A0A752VPK8	unreviewed	nitrate reductase (quinone)	taxID:1160739
A0A752XE10	unreviewed	nitrate reductase (quinone)	taxID:1340177
A0A753A8F3	unreviewed	nitrate reductase (quinone)	taxID:28901
A0A753B452	unreviewed	nitrate reductase (quinone)	taxID:1967611
A0A753EKU4	unreviewed	nitrate reductase (quinone)	taxID:1967611
A0A753FVR9	unreviewed	nitrate reductase (quinone)	taxID:57046
A0A753KVZ8	unreviewed	nitrate reductase (quinone)	taxID:57046
A0A753SDE7	unreviewed	nitrate reductase (quinone)	taxID:28901
A0A753T104	unreviewed	nitrate reductase (quinone)	taxID:28901
A0A753XWN6	unreviewed	nitrate reductase (quinone)	taxID:28901
A0A753ZBZ1	unreviewed	nitrate reductase (quinone)	taxID:28901
A0A753ZCA3	unreviewed	nitrate reductase (quinone)	taxID:28901
A0A753ZS03	unreviewed	nitrate reductase (quinone)	taxID:28901
A0A754A9V1	unreviewed	nitrate reductase (quinone)	taxID:28901
A0A754M9D8	unreviewed	nitrate reductase (quinone)	taxID:28901
A0A754WGT2	unreviewed	nitrate reductase (quinone)	taxID:28901
A0A755S5N3	unreviewed	nitrate reductase (quinone)	taxID:28901
A0A755VYA2	unreviewed	nitrate reductase (quinone)	taxID:28901
A0A755WG01	unreviewed	nitrate reductase (quinone)	taxID:28901
A0A756AUX3	unreviewed	nitrate reductase (quinone)	taxID:28901
A0A756L6D3	unreviewed	nitrate reductase (quinone)	taxID:28901
A0A757H030	unreviewed	nitrate reductase (quinone)	taxID:28901
A0A757JX09	unreviewed	nitrate reductase (quinone)	taxID:28901
A0A757UG58	unreviewed	nitrate reductase (quinone)	taxID:28901
A0A757UGI6	unreviewed	nitrate reductase (quinone)	taxID:28901
A0A757Z0E2	unreviewed	nitrate reductase (quinone)	taxID:28901
A0A758MJ78	unreviewed	nitrate reductase (quinone)	taxID:28901
A0A758VFB9	unreviewed	nitrate reductase (quinone)	taxID:28901
A0A759LRT9	unreviewed	nitrate reductase (quinone)	taxID:28901
A0A759MNM8	unreviewed	nitrate reductase (quinone)	taxID:28901
A0A759WKJ2	unreviewed	nitrate reductase (quinone)	taxID:28901
A0A760EXQ8	unreviewed	nitrate reductase (quinone)	taxID:28901
A0A760IWV1	unreviewed	nitrate reductase (quinone)	taxID:28901
A0A760MQK1	unreviewed	nitrate reductase (quinone)	taxID:28901
A0A760N8U0	unreviewed	nitrate reductase (quinone)	taxID:28901
A0A760R8D1	unreviewed	nitrate reductase (quinone)	taxID:28901
A0A760R9B4	unreviewed	nitrate reductase (quinone)	taxID:28901
A0A760VGC4	unreviewed	nitrate reductase (quinone)	taxID:28901
A0A760Z2W0	unreviewed	nitrate reductase (quinone)	taxID:28901
A0A761CB03	unreviewed	nitrate reductase (quinone)	taxID:28901
A0A761L0K6	unreviewed	nitrate reductase (quinone)	taxID:28901
A0A761LZ19	unreviewed	nitrate reductase (quinone)	taxID:28901
A0A761SPZ3	unreviewed	nitrate reductase (quinone)	taxID:28901
A0A761XPF0	unreviewed	nitrate reductase (quinone)	taxID:28901
A0A761XRP8	unreviewed	nitrate reductase (quinone)	taxID:28901
A0A762PKW4	unreviewed	nitrate reductase (quinone)	taxID:28901
A0A762PN73	unreviewed	nitrate reductase (quinone)	taxID:28901
A0A763ARZ5	unreviewed	nitrate reductase (quinone)	taxID:28901
A0A763ASC9	unreviewed	nitrate reductase (quinone)	taxID:28901
A0A763IMA3	unreviewed	nitrate reductase (quinone)	taxID:28901
A0A763M8L3	unreviewed	nitrate reductase (quinone)	taxID:28901
A0A763QR15	unreviewed	nitrate reductase (quinone)	taxID:28901
A0A763SPE9	unreviewed	nitrate reductase (quinone)	taxID:28901
A0A763URS3	unreviewed	nitrate reductase (quinone)	taxID:28901
A0A763WWU6	unreviewed	nitrate reductase (quinone)	taxID:28901
A0A764KAF5	unreviewed	nitrate reductase (quinone)	taxID:28901
A0A764KWK3	unreviewed	nitrate reductase (quinone)	taxID:28901
A0A764MU86	unreviewed	nitrate reductase (quinone)	taxID:28901
A0A764NCF5	unreviewed	nitrate reductase (quinone)	taxID:28901
A0A765BEM9	unreviewed	nitrate reductase (quinone)	taxID:28901
A0A765T2N7	unreviewed	nitrate reductase (quinone)	taxID:562
A0A765T5Z1	unreviewed	nitrate reductase (quinone)	taxID:562
A0A795KQ54	unreviewed	nitrate reductase (quinone)	taxID:562
A0A797LY51	unreviewed	nitrate reductase (quinone)	taxID:562
A0A7A0HBA5	unreviewed	nitrate reductase (quinone)	taxID:562
A0A7A0L8J3	unreviewed	nitrate reductase (quinone)	taxID:562
A0A7A6LWI4	unreviewed	4Fe-4S Mo/W bis-MGD-type domain-containing protein	taxID:562
A0A7A6M9X7	unreviewed	nitrate reductase (quinone)	taxID:562
A0A7A6S5S9	unreviewed	nitrate reductase (quinone)	taxID:562
A0A7A6ZUB1	unreviewed	nitrate reductase (quinone)	taxID:562
A0A7B2NQL5	unreviewed	nitrate reductase (quinone)	taxID:562
A0A7B3MN76	unreviewed	nitrate reductase (quinone)	taxID:562
A0A7B3MPI6	unreviewed	nitrate reductase (quinone)	taxID:562
A0A7C1AM30	unreviewed	4Fe-4S Mo/W bis-MGD-type domain-containing protein	taxID:1909294
A0A7C1K2Y3	unreviewed	nitrate reductase (quinone)	taxID:2026724
A0A7C1KZ99	unreviewed	4Fe-4S Mo/W bis-MGD-type domain-containing protein	taxID:1869227
A0A7C1M0E1	unreviewed	4Fe-4S Mo/W bis-MGD-type domain-containing protein	taxID:50741
A0A7C1MIQ1	unreviewed	nitrate reductase (quinone)	taxID:1913989
A0A7C1U5G5	unreviewed	Nitrate reductase subunit alpha	taxID:1978525
A0A7C1US64	unreviewed	nitrate reductase (quinone)	taxID:1940285
A0A7C1UUH4	unreviewed	nitrate reductase (quinone)	taxID:1913989
A0A7C1W8P0	unreviewed	nitrate reductase (quinone)	taxID:2268184
A0A7C1Y3U1	unreviewed	nitrate reductase (quinone)	taxID:1913989
A0A7C1Y7F9	unreviewed	nitrate reductase (quinone)	taxID:2024893
A0A7C1Z8S5	unreviewed	nitrate reductase (quinone)	taxID:2024893
A0A7C2B2P7	unreviewed	4Fe-4S Mo/W bis-MGD-type domain-containing protein	taxID:2026780
A0A7C2I366	unreviewed	nitrate reductase (quinone)	taxID:1891241
A0A7C2LUI0	unreviewed	nitrate reductase (quinone)	taxID:1909294
A0A7C2MX94	unreviewed	nitrate reductase (quinone)	taxID:1869227
A0A7C2U7J2	unreviewed	nitrate reductase (quinone)	taxID:1978231
A0A7C2UGR7	unreviewed	nitrate reductase (quinone)	taxID:1891241
A0A7C2ZH34	unreviewed	4Fe-4S Mo/W bis-MGD-type domain-containing protein	taxID:2026734
A0A7C3C901	unreviewed	4Fe-4S Mo/W bis-MGD-type domain-containing protein	taxID:287478
A0A7C3DJ05	unreviewed	nitrate reductase (quinone)	taxID:277
A0A7C3PYS2	unreviewed	nitrate reductase (quinone)	taxID:2052143
A0A7C4I805	unreviewed	nitrate reductase (quinone)	taxID:1891241
A0A7C4KKU3	unreviewed	nitrate reductase (quinone)	taxID:2052186
A0A7C4LZE2	unreviewed	nitrate reductase (quinone)	taxID:2052186
A0A7C4XTC0	unreviewed	nitrate reductase (quinone)	taxID:1909294
A0A7C5EC89	unreviewed	4Fe-4S Mo/W bis-MGD-type domain-containing protein	taxID:2026780
A0A7C5G605	unreviewed	4Fe-4S Mo/W bis-MGD-type domain-containing protein	taxID:2026725
A0A7C5IU10	unreviewed	nitrate reductase (quinone)	taxID:1871048
A0A7C5Q1C0	unreviewed	nitrate reductase (quinone)	taxID:2026780
A0A7C5QWF0	unreviewed	4Fe-4S Mo/W bis-MGD-type domain-containing protein	taxID:287478
A0A7C5V0K1	unreviewed	nitrate reductase (quinone)	taxID:1978231
A0A7C5XC48	unreviewed	nitrate reductase (quinone)	taxID:2020871
A0A7C5ZNV8	unreviewed	nitrate reductase (quinone)	taxID:1869227
A0A7C6AF42	unreviewed	4Fe-4S Mo/W bis-MGD-type domain-containing protein	taxID:2053306
A0A7C6GK53	unreviewed	4Fe-4S Mo/W bis-MGD-type domain-containing protein	taxID:29317
A0A7C6HPK7	unreviewed	nitrate reductase (quinone)	taxID:2021373
A0A7C6JIL9	unreviewed	nitrate reductase (quinone)	taxID:2021368
A0A7C6L5Q7	unreviewed	nitrate reductase (quinone)	taxID:2023866
A0A7C6MGM1	unreviewed	nitrate reductase (quinone)	taxID:1977903
A0A7C6RXA6	unreviewed	nitrate reductase (quinone)	taxID:1926873
A0A7C6T6Z1	unreviewed	Nitrate reductase subunit alpha	taxID:1913989
A0A7C6XD44	unreviewed	4Fe-4S Mo/W bis-MGD-type domain-containing protein	taxID:1913989
A0A7C7QVS5	unreviewed	Nitrate reductase subunit alpha	taxID:1914329
A0A7C7SNK4	unreviewed	nitrate reductase (quinone)	taxID:1913989
A0A7C8GWZ5	unreviewed	nitrate reductase (quinone)	taxID:1672701
A0A7C8HN32	unreviewed	nitrate reductase (quinone)	taxID:1978230
A0A7C9HKI0	unreviewed	nitrate reductase (quinone)	taxID:552061
A0A7C9IJL2	unreviewed	nitrate reductase (quinone)	taxID:2691042
A0A7C9MWS2	unreviewed	nitrate reductase (quinone)	taxID:86180
A0A7C9RUU7	unreviewed	nitrate reductase (quinone)	taxID:2714351
A0A7D3VXK4	unreviewed	nitrate reductase (quinone)	taxID:46165
A0A7D3ZLT7	unreviewed	Nitrate reductase alpha subunit	taxID:46165
A0A7D4AUS7	unreviewed	nitrate reductase (quinone)	taxID:2739433
A0A7D4E4C1	unreviewed	nitrate reductase (quinone)	taxID:1353889
A0A7D4PLD5	unreviewed	nitrate reductase (quinone)	taxID:162426
A0A7D5MM69	unreviewed	nitrate reductase (quinone)	taxID:2099675
A0A7D5N7L1	unreviewed	nitrate reductase (quinone)	taxID:1898104
A0A7D6I3X0	unreviewed	Nitrate reductase alpha subunit	taxID:1719132
A0A7D6VF34	unreviewed	Nitrate reductase alpha subunit	taxID:2755382
A0A7D6YUQ7	unreviewed	nitrate reductase (quinone)	taxID:546
A0A7D6ZTR5	unreviewed	Nitrate reductase alpha subunit	taxID:2755382
A0A7D7D9I3	unreviewed	nitrate reductase (quinone)	taxID:562
A0A7D7JH34	unreviewed	nitrate reductase (quinone)	taxID:562
A0A7D7KZL2	unreviewed	nitrate reductase (quinone)	taxID:1272
A0A7D7LQB9	unreviewed	nitrate reductase (quinone)	taxID:2758710
A0A7D7N6T9	unreviewed	nitrate reductase (quinone)	taxID:607712
A0A7D7P9D8	unreviewed	nitrate reductase (quinone)	taxID:562
A0A7D8ERA2	unreviewed	Respiratory nitrate reductase 2 subunit alpha	taxID:28901
A0A7G1KEZ2	unreviewed	Nitrate reductase alpha subunit	taxID:480035
A0A7G1KM70	unreviewed	Nitrate reductase alpha subunit	taxID:480035
A0A7G2INP2	unreviewed	nitrate reductase (quinone)	taxID:546
A0A7G2IZI3	unreviewed	4Fe-4S Mo/W bis-MGD-type domain-containing protein	taxID:546
A0A7G2TGF9	unreviewed	nitrate reductase (quinone)	taxID:2078585
A0A7G5LW06	unreviewed	nitrate reductase (quinone)	taxID:2708082
A0A7G5M223	unreviewed	Nitrate reductase alpha subunit	taxID:2708082
A0A7G6K471	unreviewed	nitrate reductase (quinone)	taxID:621
A0A7G6X922	unreviewed	Nitrate reductase alpha subunit	taxID:1544730
A0A7G7BG39	unreviewed	Nitrate reductase alpha subunit	taxID:67296
A0A7G7BUT2	unreviewed	Nitrate reductase alpha subunit	taxID:67296
A0A7G7UEG5	unreviewed	nitrate reductase (quinone)	taxID:2762329
A0A7G7VJU9	unreviewed	nitrate reductase (quinone)	taxID:2754044
A0A7G7Z868	unreviewed	nitrate reductase (quinone)	taxID:2749040
A0A7G8QNZ1	unreviewed	nitrate reductase (quinone)	taxID:2724468
A0A7G8QQI1	unreviewed	nitrate reductase (quinone)	taxID:2724468
A0A7G8X5I6	unreviewed	nitrate reductase (quinone)	taxID:2762563
A0A7G9CVH2	unreviewed	nitrate reductase (quinone)	taxID:28901
A0A7G9QSE1	unreviewed	nitrate reductase (quinone)	taxID:215691
A0A7G9RH02	unreviewed	Nitrate reductase alpha subunit	taxID:433659
A0A7G9SGB4	unreviewed	nitrate reductase (quinone)	taxID:1045317
A0A7H0H6D2	unreviewed	nitrate reductase (quinone)	taxID:1285901
A0A7H0HC77	unreviewed	nitrate reductase (quinone)	taxID:1926868
A0A7H0I694	unreviewed	Nitrate reductase alpha subunit	taxID:2768066
A0A7H0ME02	unreviewed	nitrate reductase (quinone)	taxID:2725560
A0A7H0Y557	unreviewed	nitrate reductase (quinone)	taxID:59893
A0A7H1B3D7	unreviewed	Nitrate reductase alpha subunit	taxID:2768069
A0A7H1NQX3	unreviewed	nitrate reductase (quinone)	taxID:2762277
A0A7H1RP44	unreviewed	nitrate reductase (quinone)	taxID:2771436
A0A7H1RXQ9	unreviewed	nitrate reductase (quinone)	taxID:213419
A0A7H2BF38	unreviewed	nitrate reductase (quinone)	taxID:396015
A0A7H2BL59	unreviewed	nitrate reductase (quinone)	taxID:169480
A0A7H4LT75	unreviewed	4Fe-4S Mo/W bis-MGD-type domain-containing protein	taxID:1134687
A0A7H4MMF9	unreviewed	Respiratory nitrate reductase subunit alpha	taxID:244366
A0A7H4P1Y5	unreviewed	Respiratory nitrate reductase subunit alpha	taxID:2058152
A0A7H4P468	unreviewed	Molybdopterin oxidoreductase domain-containing protein	taxID:2058152
A0A7H4PX38	unreviewed	nitrate reductase (quinone)	taxID:1926495
A0A7H5A7R1	unreviewed	nitrate reductase (quinone)	taxID:1134687
A0A7H5AB57	unreviewed	nitrate reductase (quinone)	taxID:1134687
A0A7H8LTB9	unreviewed	Nitrate reductase alpha subunit	taxID:2742128
A0A7H8M2R3	unreviewed	Nitrate reductase alpha subunit	taxID:2742128
A0A7H8N2L5	unreviewed	Nitrate reductase alpha subunit	taxID:2763006
A0A7H8NJ16	unreviewed	nitrate reductase (quinone)	taxID:2763006
A0A7H8NQ03	unreviewed	nitrate reductase (quinone)	taxID:2742129
A0A7H8PVR1	unreviewed	nitrate reductase (quinone)	taxID:2745199
A0A7H8QDF3	unreviewed	nitrate reductase (quinone)	taxID:459472
A0A7H8S278	unreviewed	nitrate reductase (quinone)	taxID:2518176
A0A7H8S654	unreviewed	nitrate reductase (quinone)	taxID:2518176
A0A7H8T1Y8	unreviewed	Nitrate reductase alpha subunit	taxID:1969
A0A7H8TMZ3	unreviewed	nitrate reductase (quinone)	taxID:1969
A0A7H8UGL1	unreviewed	nitrate reductase (quinone)	taxID:550
A0A7H8UGX9	unreviewed	nitrate reductase (quinone)	taxID:550
A0A7H8Z6I0	unreviewed	nitrate reductase (quinone)	taxID:712116
A0A7H9DMF4	unreviewed	nitrate reductase (quinone)	taxID:2583989
A0A7H9FV32	unreviewed	nitrate reductase (quinone)	taxID:546
A0A7H9K3F1	unreviewed	nitrate reductase (quinone)	taxID:1499973
A0A7H9K5N2	unreviewed	nitrate reductase (quinone)	taxID:1499973
A0A7H9PWP4	unreviewed	nitrate reductase (quinone)	taxID:562
A0A7H9S6Y0	unreviewed	nitrate reductase (quinone)	taxID:562
A0A7H9S7S3	unreviewed	nitrate reductase (quinone)	taxID:562
A0A7I0EU36	unreviewed	nitrate reductase (quinone)	taxID:1259266
A0A7I7JI53	unreviewed	Nitrate reductase alpha subunit	taxID:2492438
A0A7I7JU76	unreviewed	Nitrate reductase alpha subunit	taxID:39688
A0A7I7MG87	unreviewed	Nitrate reductase alpha subunit	taxID:216929
A0A7I7MRS3	unreviewed	Nitrate reductase alpha subunit	taxID:398694
A0A7I7MSK1	unreviewed	Nitrate reductase alpha subunit	taxID:398694
A0A7I7P248	unreviewed	Nitrate reductase alpha subunit	taxID:386911
A0A7I7P9F0	unreviewed	Nitrate reductase alpha subunit	taxID:459858
A0A7I7URQ5	unreviewed	Nitrate reductase alpha subunit	taxID:36813
A0A7I7W8A6	unreviewed	Nitrate reductase alpha subunit	taxID:43348
A0A7I7WM53	unreviewed	Nitrate reductase alpha subunit	taxID:1794
A0A7I7X0B2	unreviewed	Nitrate reductase alpha subunit	taxID:29314
A0A7I7XSL5	unreviewed	Nitrate reductase alpha subunit	taxID:28047
A0A7I7YP09	unreviewed	Nitrate reductase alpha subunit	taxID:185642
A0A7I8CVG6	unreviewed	nitrate reductase (quinone)	taxID:2735434
A0A7I8ED61	unreviewed	nitrate reductase (quinone)	taxID:1009682
A0A7I8ED68	unreviewed	nitrate reductase (quinone)	taxID:1009682
A0A7I8MX43	unreviewed	nitrate reductase (quinone)	taxID:426688
A0A7I8ZSG4	unreviewed	nitrate reductase (quinone)	taxID:562
A0A7I9V1Y5	unreviewed	nitrate reductase (quinone)	taxID:589162
A0A7I9VFA8	unreviewed	nitrate reductase (quinone)	taxID:589161
A0A7I9VL99	unreviewed	nitrate reductase (quinone)	taxID:2590199
A0A7I9XKC0	unreviewed	Nitrate reductase alpha subunit	taxID:386913
A0A7I9XS03	unreviewed	Nitrate reductase alpha subunit	taxID:84962
A0A7I9XYX7	unreviewed	Nitrate reductase alpha subunit	taxID:84962
A0A7I9Y628	unreviewed	Nitrate reductase alpha subunit	taxID:1288388
A0A7I9YUL2	unreviewed	Nitrate reductase alpha subunit	taxID:1273442
A0A7I9Z1J2	unreviewed	Nitrate reductase alpha subunit	taxID:701043
A0A7J4NLP2	unreviewed	4Fe-4S Mo/W bis-MGD-type domain-containing protein	taxID:2670411
A0A7J5BBF5	unreviewed	nitrate reductase (quinone)	taxID:979746
A0A7J5DBS4	unreviewed	Nitrate reductase alpha subunit	taxID:2651189
A0A7J5DK92	unreviewed	Nitrate reductase alpha subunit	taxID:2651189
A0A7J5EE75	unreviewed	nitrate reductase (quinone)	taxID:2021391
A0A7J5ELZ4	unreviewed	nitrate reductase (quinone)	taxID:1898104
A0A7J5F636	unreviewed	4Fe-4S Mo/W bis-MGD-type domain-containing protein	taxID:1898104
A0A7J5ULT2	unreviewed	4Fe-4S Mo/W bis-MGD-type domain-containing protein	taxID:527326
A0A7J5X1P9	unreviewed	nitrate reductase (quinone)	taxID:396712
A0A7J9RTH4	unreviewed	nitrate reductase (quinone)	taxID:69656
A0A7J9YRH1	unreviewed	nitrate reductase (quinone)	taxID:1909295
A0A7J9Z908	unreviewed	Nitrate reductase alpha subunit	taxID:2604148
A0A7K0C4F6	unreviewed	nitrate reductase (quinone)	taxID:2585200
A0A7K0C6J0	unreviewed	nitrate reductase (quinone)	taxID:2585200
A0A7K0CD27	unreviewed	Nitrate reductase alpha subunit	taxID:2585196
A0A7K0D438	unreviewed	nitrate reductase (quinone)	taxID:2585198
A0A7K0DAZ2	unreviewed	Nitrate reductase alpha subunit	taxID:2585198
A0A7K0DRT5	unreviewed	Nitrate reductase alpha subunit	taxID:2585199
A0A7K0J213	unreviewed	nitrate reductase (quinone)	taxID:46610
A0A7K0KEH6	unreviewed	nitrate reductase (quinone)	taxID:2606637
A0A7K0KQD4	unreviewed	Nitrate reductase alpha subunit	taxID:1883427
A0A7K0LLG9	unreviewed	Nitrate reductase alpha subunit	taxID:2900548
A0A7K0N5X3	unreviewed	Nitrate reductase subunit alpha	taxID:1883427
A0A7K0P458	unreviewed	4Fe-4S Mo/W bis-MGD-type domain-containing protein	taxID:1883427
A0A7K0TFE8	unreviewed	Nitrate reductase alpha subunit	taxID:1883427
A0A7K0W3P6	unreviewed	Nitrate reductase alpha subunit	taxID:2900548
A0A7K0W8Z7	unreviewed	Nitrate reductase alpha subunit	taxID:2900548
A0A7K1AHQ5	unreviewed	Nitrate reductase alpha subunit	taxID:1883427
A0A7K1H9D6	unreviewed	Nitrate reductase alpha subunit	taxID:2580517
A0A7K1KBF1	unreviewed	Nitrate reductase alpha subunit	taxID:2606612
A0A7K1KFT5	unreviewed	Nitrate reductase alpha subunit	taxID:2606612
A0A7K1L216	unreviewed	nitrate reductase (quinone)	taxID:2678616
A0A7K1NN74	unreviewed	nitrate reductase (quinone)	taxID:2676311
A0A7K1TUT1	unreviewed	Nitrate reductase alpha subunit	taxID:2682846
A0A7K1UWB9	unreviewed	Nitrate reductase alpha subunit	taxID:2675851
A0A7K1V4T5	unreviewed	Nitrate reductase alpha subunit	taxID:2675851
A0A7K1V6W2	unreviewed	Nitrate reductase alpha subunit	taxID:2675851
A0A7K2HYA7	unreviewed	nitrate reductase (quinone)	taxID:2690315
A0A7K2JIY4	unreviewed	Nitrate reductase alpha subunit	taxID:2690312
A0A7K2MUY2	unreviewed	nitrate reductase (quinone)	taxID:2690317
A0A7K2PC09	unreviewed	Nitrate reductase subunit alpha	taxID:2690314
A0A7K2TJG3	unreviewed	Nitrate reductase alpha subunit	taxID:2690338
A0A7K2YRU7	unreviewed	Nitrate reductase alpha subunit	taxID:2690260
A0A7K2YZL3	unreviewed	nitrate reductase (quinone)	taxID:2690260
A0A7K2ZTC6	unreviewed	Nitrate reductase alpha subunit	taxID:2690359
A0A7K3DMQ7	unreviewed	Nitrate reductase alpha subunit	taxID:2690309
A0A7K3ER58	unreviewed	Nitrate reductase alpha subunit	taxID:2690305
A0A7K3GI26	unreviewed	Nitrate reductase alpha subunit	taxID:2690310
A0A7K3H452	unreviewed	Nitrate reductase alpha subunit	taxID:2690301
A0A7K3H8H5	unreviewed	Nitrate reductase alpha subunit	taxID:2690301
A0A7K3LKY0	unreviewed	nitrate reductase (quinone)	taxID:89051
A0A7K3M8S2	unreviewed	Nitrate reductase alpha subunit	taxID:2650750
A0A7K3PJG8	unreviewed	nitrate reductase (quinone)	taxID:285562
A0A7K3PN39	unreviewed	Nitrate reductase alpha subunit	taxID:285562
A0A7K3X1F4	unreviewed	Nitrate reductase alpha subunit	taxID:2708086
A0A7K3X7J0	unreviewed	nitrate reductase (quinone)	taxID:2708086
A0A7L4P773	unreviewed	nitrate reductase (quinone)	taxID:121277
A0A7L5C207	unreviewed	nitrate reductase (quinone)	taxID:2748098
A0A7L5UHK9	unreviewed	nitrate reductase (quinone)	taxID:2695882
A0A7L5X7D6	unreviewed	nitrate reductase (quinone)	taxID:1499973
A0A7L5YC87	unreviewed	nitrate reductase (quinone)	taxID:924
A0A7L5YP07	unreviewed	nitrate reductase (quinone)	taxID:2052143
A0A7L6ASH2	unreviewed	nitrate reductase (quinone)	taxID:2799669
A0A7L6BGI3	unreviewed	nitrate reductase (quinone)	taxID:1598
A0A7L6CK27	unreviewed	nitrate reductase (quinone)	taxID:2742676
A0A7L6CKT1	unreviewed	nitrate reductase (quinone)	taxID:2742676
A0A7L6LBD8	unreviewed	nitrate reductase (quinone)	taxID:1499973
A0A7L7IWX4	unreviewed	nitrate reductase (quinone)	taxID:2742639
A0A7L7IXI2	unreviewed	nitrate reductase (quinone)	taxID:2742639
A0A7L7MG57	unreviewed	Nitrate reductase alpha subunit	taxID:2684469
A0A7L7VPV5	unreviewed	nitrate reductase (quinone)	taxID:2772401
A0A7L8D0U3	unreviewed	nitrate reductase (quinone)	taxID:2762611
A0A7L9MJJ4	unreviewed	nitrate reductase (quinone)	taxID:1567501
A0A7M1Q6B3	unreviewed	nitrate reductase (quinone)	taxID:2733487
A0A7M2AA43	unreviewed	nitrate reductase (quinone)	taxID:2777983
A0A7M2BWC1	unreviewed	nitrate reductase (quinone)	taxID:2735316
A0A7M2JDL6	unreviewed	nitrate reductase (quinone)	taxID:294
A0A7M2SCI6	unreviewed	Nitrate reductase alpha subunit	taxID:1413221
A0A7M2SDF5	unreviewed	Nitrate reductase alpha subunit	taxID:1413221
A0A7M2VC53	unreviewed	nitrate reductase (quinone)	taxID:2781952
A0A7M2XTG7	unreviewed	Nitrate reductase alpha subunit	taxID:103816
A0A7M2YV77	unreviewed	nitrate reductase (quinone)	taxID:1002870
A0A7M2ZVS4	unreviewed	nitrate reductase (quinone)	taxID:287
A0A7M3NX60	unreviewed	Nitrate reductase alpha subunit	taxID:1828179
A0A7M3ZB36	unreviewed	4Fe-4S Mo/W bis-MGD-type domain-containing protein	taxID:2163009
A0A7M4DSR7	unreviewed	nitrate reductase (quinone)	taxID:2761496
A0A7R6PBS3	unreviewed	nitrate reductase (quinone)	taxID:1441457
A0A7R6PIC5	unreviewed	nitrate reductase (quinone)	taxID:1278309
A0A7R6W6C8	unreviewed	nitrate reductase (quinone)	taxID:2020875
A0A7R7DLH4	unreviewed	nitrate reductase (quinone)	taxID:227318
A0A7R7JH28	unreviewed	Nitrate reductase alpha subunit	taxID:110505
A0A7R7MR31	unreviewed	Nitrate reductase alpha subunit	taxID:1767
A0A7R7TGY1	unreviewed	4Fe-4S Mo/W bis-MGD-type domain-containing protein	taxID:274
A0A7S4LXD4	unreviewed	nitrate reductase (quinone)	taxID:2773264
A0A7S4LYQ4	unreviewed	nitrate reductase (quinone)	taxID:2773264
A0A7S6SBM3	unreviewed	nitrate reductase (quinone)	taxID:2053306
A0A7S6SGK1	unreviewed	nitrate reductase (quinone)	taxID:1913989
A0A7S7BVV9	unreviewed	nitrate reductase (quinone)	taxID:615
A0A7S7TG23	unreviewed	nitrate reductase (quinone)	taxID:1325083
A0A7S8C4W8	unreviewed	nitrate reductase (quinone)	taxID:2593653
A0A7S8F3A3	unreviewed	nitrate reductase (quinone)	taxID:2782568
A0A7S9C7Y8	unreviewed	nitrate reductase (quinone)	taxID:2714952
A0A7T0DS94	unreviewed	nitrate reductase (quinone)	taxID:539813
A0A7T0DSI5	unreviewed	nitrate reductase (quinone)	taxID:539813
A0A7T0ELV6	unreviewed	nitrate reductase (quinone)	taxID:2488639
A0A7T0KHI2	unreviewed	nitrate reductase (quinone)	taxID:2709394
A0A7T0LLZ4	unreviewed	nitrate reductase (quinone)	taxID:2744574
A0A7T1DRD0	unreviewed	nitrate reductase (quinone)	taxID:2792224
A0A7T1Y4F2	unreviewed	nitrate reductase (quinone)	taxID:74661
A0A7T2RZ65	unreviewed	nitrate reductase (quinone)	taxID:80866
A0A7T3DD57	unreviewed	nitrate reductase (quinone)	taxID:558537
A0A7T4E2U0	unreviewed	nitrate reductase (quinone)	taxID:1353891
A0A7T4JVN7	unreviewed	nitrate reductase (quinone)	taxID:39791
A0A7T4PL45	unreviewed	Nitrate reductase alpha subunit	taxID:1642299
A0A7T4PLD1	unreviewed	Nitrate reductase alpha subunit	taxID:1642299
A0A7T5EWM7	unreviewed	nitrate reductase (quinone)	taxID:2665646
A0A7T5R4B1	unreviewed	nitrate reductase (quinone)	taxID:349221
A0A7T5RMP1	unreviewed	nitrate reductase (quinone)	taxID:1913989
A0A7T7KM15	unreviewed	nitrate reductase (quinone)	taxID:2583532
A0A7T7SXB9	unreviewed	nitrate reductase (quinone)	taxID:283734
A0A7T8JBA4	unreviewed	nitrate reductase (quinone)	taxID:59201
A0A7T8LM34	unreviewed	nitrate reductase (quinone)	taxID:54736
A0A7T8LMG0	unreviewed	nitrate reductase (quinone)	taxID:54736
A0A7U0RMN1	unreviewed	nitrate reductase (quinone)	taxID:28151
A0A7U0RPF3	unreviewed	nitrate reductase (quinone)	taxID:28151
A0A7U1KXR0	unreviewed	nitrate reductase (quinone)	taxID:165302
A0A7U1KYK2	unreviewed	nitrate reductase (quinone)	taxID:165302
A0A7U3D434	unreviewed	nitrate reductase (quinone)	taxID:2268204
A0A7U3UTN4	unreviewed	Nitrate reductase alpha subunit	taxID:659352
A0A7U3YFL9	unreviewed	nitrate reductase (quinone)	taxID:581103
A0A7U3Z371	unreviewed	nitrate reductase (quinone)	taxID:768493
A0A7U4P782	unreviewed	nitrate reductase (quinone)	taxID:430531
A0A7U4P9Y0	unreviewed	nitrate reductase (quinone)	taxID:430531
A0A7U4XU86	unreviewed	nitrate reductase (quinone)	taxID:1699622
A0A7U5JY64	unreviewed	nitrate reductase (quinone)	taxID:1930546
A0A7U5MI56	unreviewed	Nitrate reductase alpha subunit	taxID:222805
A0A7U5XWK8	unreviewed	nitrate reductase (quinone)	taxID:1593482
A0A7U7AZ14	unreviewed	nitrate reductase (quinone)	taxID:2682548
A0A7U7EW68	unreviewed	nitrate reductase (quinone)	taxID:282458
A0A7U7IBK6	unreviewed	nitrate reductase (quinone)	taxID:2762745
A0A7U7IF84	unreviewed	nitrate reductase (quinone)	taxID:1074919
A0A7U7J4L3	unreviewed	nitrate reductase (quinone)	taxID:1400861
A0A7U7JDM3	unreviewed	nitrate reductase (quinone)	taxID:564066
A0A7U7PXC9	unreviewed	nitrate reductase (quinone)	taxID:985002
A0A7U8PV72	unreviewed	nitrate reductase (quinone)	taxID:520456
A0A7U8ZNF0	unreviewed	nitrate reductase (quinone)	taxID:208962
A0A7U9DFQ3	unreviewed	nitrate reductase (quinone)	taxID:1182732
A0A7U9DJ13	unreviewed	Nitrate reductase alpha subunit	taxID:1200984
A0A7U9DJC3	unreviewed	nitrate reductase (quinone)	taxID:1182732
A0A7U9ENV8	unreviewed	nitrate reductase (quinone)	taxID:1095383
A0A7U9HFB2	unreviewed	Nitrate reductase alpha subunit	taxID:1200984
A0A7U9IYY6	unreviewed	nitrate reductase (quinone)	taxID:1280986
A0A7U9L2W1	unreviewed	nitrate reductase (quinone)	taxID:1306181
A0A7U9P076	unreviewed	nitrate reductase (quinone)	taxID:1280986
A0A7U9P6P7	unreviewed	nitrate reductase (quinone)	taxID:1408282
A0A7U9Q570	unreviewed	Nitrate reductase alpha subunit	taxID:1306181
A0A7V1ESG7	unreviewed	nitrate reductase (quinone)	taxID:2026743
A0A7V1GH47	unreviewed	Nitrate reductase subunit alpha	taxID:2026737
A0A7V1LG32	unreviewed	4Fe-4S Mo/W bis-MGD-type domain-containing protein	taxID:2053306
A0A7V2AK69	unreviewed	4Fe-4S Mo/W bis-MGD-type domain-containing protein	taxID:2026786
A0A7V2M737	unreviewed	nitrate reductase (quinone)	taxID:1891241
A0A7V3HWF8	unreviewed	4Fe-4S Mo/W bis-MGD-type domain-containing protein	taxID:1883427
A0A7V3J3F5	unreviewed	Nitrate reductase alpha subunit	taxID:1883427
A0A7V3U1E6	unreviewed	Nitrate reductase subunit alpha	taxID:1904441
A0A7V5R0T6	unreviewed	Molybdopterin oxidoreductase domain-containing protein	taxID:1914300
A0A7V6YRB0	unreviewed	nitrate reductase (quinone)	taxID:1409
A0A7V6YU32	unreviewed	nitrate reductase (quinone)	taxID:1409
A0A7V6ZHC5	unreviewed	nitrate reductase (quinone)	taxID:1909294
A0A7V7CTU7	unreviewed	nitrate reductase (quinone)	taxID:1898112
A0A7V7KG89	unreviewed	nitrate reductase (quinone)	taxID:2606936
A0A7V7LBR9	unreviewed	nitrate reductase (quinone)	taxID:2217816
A0A7V7MR05	unreviewed	nitrate reductase (quinone)	taxID:2026780
A0A7V7RCB9	unreviewed	nitrate reductase (quinone)	taxID:28141
A0A7V7T188	unreviewed	nitrate reductase (quinone)	taxID:1977087
A0A7V7V3K9	unreviewed	nitrate reductase (quinone)	taxID:2026191
A0A7V7VWK7	unreviewed	nitrate reductase (quinone)	taxID:94626
A0A7V7WX65	unreviewed	nitrate reductase (quinone)	taxID:2030806
A0A7V8A949	unreviewed	4Fe-4S Mo/W bis-MGD-type domain-containing protein	taxID:2026748
A0A7V8CRF6	unreviewed	nitrate reductase (quinone)	taxID:2654254
A0A7V8DS03	unreviewed	nitrate reductase (quinone)	taxID:2026748
A0A7V8IKN8	unreviewed	nitrate reductase (quinone)	taxID:2558042
A0A7V8TB89	unreviewed	nitrate reductase (quinone)	taxID:2748908
A0A7V8TR14	unreviewed	nitrate reductase (quinone)	taxID:1914406
A0A7V8UES9	unreviewed	nitrate reductase (quinone)	taxID:494916
A0A7V8YL55	unreviewed	Nitrate reductase alpha subunit	taxID:2201155
A0A7W0AEK3	unreviewed	nitrate reductase (quinone)	taxID:321266
A0A7W0CAQ8	unreviewed	nitrate reductase (quinone)	taxID:332175
A0A7W0CF57	unreviewed	Nitrate reductase alpha subunit	taxID:1032476
A0A7W0CG03	unreviewed	Nitrate reductase alpha subunit	taxID:1032476
A0A7W0DKX5	unreviewed	Nitrate reductase alpha subunit	taxID:2756131
A0A7W0HY80	unreviewed	nitrate reductase (quinone)	taxID:2755554
A0A7W1T850	unreviewed	nitrate reductase (quinone)	taxID:2713503
A0A7W2DRR1	unreviewed	Nitrate reductase alpha subunit	taxID:68213
A0A7W2EIK9	unreviewed	nitrate reductase (quinone)	taxID:2758568
A0A7W2ETR5	unreviewed	nitrate reductase (quinone)	taxID:2758569
A0A7W2F963	unreviewed	nitrate reductase (quinone)	taxID:2758570
A0A7W2HFG3	unreviewed	Nitrate reductase alpha subunit	taxID:2758039
A0A7W2V3V9	unreviewed	nitrate reductase (quinone)	taxID:2742679
A0A7W2V3Y0	unreviewed	nitrate reductase (quinone)	taxID:2742679
A0A7W2XQE6	unreviewed	nitrate reductase (quinone)	taxID:1499973
A0A7W3A6U6	unreviewed	nitrate reductase (quinone)	taxID:2742669
A0A7W3A711	unreviewed	nitrate reductase (quinone)	taxID:2742669
A0A7W3APC5	unreviewed	nitrate reductase (quinone)	taxID:1499973
A0A7W3DGW7	unreviewed	nitrate reductase (quinone)	taxID:61645
A0A7W3ERF3	unreviewed	nitrate reductase (quinone)	taxID:564
A0A7W3IWP4	unreviewed	Nitrate reductase alpha subunit	taxID:661491
A0A7W3N0K0	unreviewed	Nitrate reductase alpha subunit	taxID:1411118
A0A7W3ST04	unreviewed	nitrate reductase (quinone)	taxID:1572857
A0A7W3ST83	unreviewed	nitrate reductase (quinone)	taxID:1572857
A0A7W3TQS5	unreviewed	nitrate reductase (quinone)	taxID:2759752
A0A7W3UME0	unreviewed	nitrate reductase (quinone)	taxID:2759755
A0A7W3UZ27	unreviewed	nitrate reductase (quinone)	taxID:266128
A0A7W3ZFE8	unreviewed	nitrate reductase (quinone)	taxID:2760662
A0A7W4CXQ2	unreviewed	nitrate reductase (quinone)	taxID:2760312
A0A7W4D316	unreviewed	nitrate reductase (quinone)	taxID:2760313
A0A7W4F486	unreviewed	nitrate reductase (quinone)	taxID:2760844
A0A7W4GTY0	unreviewed	nitrate reductase (quinone)	taxID:2760311
A0A7W4KQ94	unreviewed	nitrate reductase (quinone)	taxID:2730946
A0A7W4KQN2	unreviewed	nitrate reductase (quinone)	taxID:2730946
A0A7W4UHQ1	unreviewed	Nitrate reductase alpha subunit	taxID:43670
A0A7W4WEQ3	unreviewed	nitrate reductase (quinone)	taxID:1562603
A0A7W4YRI7	unreviewed	nitrate reductase (quinone)	taxID:942866
A0A7W4Z3H0	unreviewed	nitrate reductase (quinone)	taxID:1036020
A0A7W5AFX8	unreviewed	nitrate reductase (quinone)	taxID:113559
A0A7W5BCK5	unreviewed	nitrate reductase (quinone)	taxID:1715466
A0A7W5BWH9	unreviewed	nitrate reductase (quinone)	taxID:257772
A0A7W5DJG1	unreviewed	nitrate reductase (quinone)	taxID:616675
A0A7W5EUV3	unreviewed	nitrate reductase (quinone)	taxID:795312
A0A7W5FDE2	unreviewed	nitrate reductase (quinone)	taxID:113559
A0A7W5K0D3	unreviewed	nitrate reductase (quinone)	taxID:213554
A0A7W5KSK2	unreviewed	nitrate reductase (quinone)	taxID:2587077
A0A7W5N4S8	unreviewed	nitrate reductase (quinone)	taxID:701213
A0A7W5YR22	unreviewed	Nitrate reductase (quinone)	taxID:65515
A0A7W6CYI2	unreviewed	nitrate reductase (quinone)	taxID:1133344
A0A7W6GCA5	unreviewed	nitrate reductase (quinone)	taxID:1265931
A0A7W6LSJ4	unreviewed	nitrate reductase (quinone)	taxID:1404341
A0A7W6P0X5	unreviewed	nitrate reductase (quinone)	taxID:485907
A0A7W6PCI1	unreviewed	nitrate reductase (quinone)	taxID:1397476
A0A7W6PCJ6	unreviewed	nitrate reductase (quinone)	taxID:1397476
A0A7W7DDA9	unreviewed	nitrate reductase (quinone)	taxID:795645
A0A7W7DFM2	unreviewed	nitrate reductase (quinone)	taxID:795645
A0A7W7DLG2	unreviewed	Nitrate reductase alpha subunit	taxID:68233
A0A7W7G2D6	unreviewed	Nitrate reductase alpha subunit	taxID:882441
A0A7W7GDU2	unreviewed	Nitrate reductase alpha subunit	taxID:68233
A0A7W7GYZ8	unreviewed	nitrate reductase (quinone)	taxID:135948
A0A7W7HN17	unreviewed	nitrate reductase (quinone)	taxID:113568
A0A7W7I0K7	unreviewed	Nitrate reductase alpha subunit	taxID:1868
A0A7W7IDN1	unreviewed	Nitrate reductase alpha subunit	taxID:79909
A0A7W7KI54	unreviewed	nitrate reductase (quinone)	taxID:915472
A0A7W7KKR7	unreviewed	nitrate reductase (quinone)	taxID:915472
A0A7W7ML76	unreviewed	nitrate reductase (quinone)	taxID:113568
A0A7W7QLQ9	unreviewed	nitrate reductase (quinone)	taxID:1706840
A0A7W7QM74	unreviewed	Nitrate reductase alpha subunit	taxID:1706840
A0A7W7QPR8	unreviewed	nitrate reductase (quinone)	taxID:1706840
A0A7W7SKG3	unreviewed	Nitrate reductase alpha subunit	taxID:1282883
A0A7W7SMX8	unreviewed	nitrate reductase (quinone)	taxID:1282883
A0A7W7T4R0	unreviewed	Nitrate reductase alpha subunit	taxID:413306
A0A7W7T5B1	unreviewed	Nitrate reductase alpha subunit	taxID:413306
A0A7W7WSS2	unreviewed	Nitrate reductase alpha subunit	taxID:1282883
A0A7W7Y1S3	unreviewed	nitrate reductase (quinone)	taxID:1341696
A0A7W8A940	unreviewed	nitrate reductase (quinone)	taxID:714136
A0A7W8DUD6	unreviewed	nitrate reductase (quinone)	taxID:544480
A0A7W8ITA9	unreviewed	nitrate reductase (quinone)	taxID:265948
A0A7W8QNW9	unreviewed	nitrate reductase (quinone)	taxID:157465
A0A7W8TCI9	unreviewed	nitrate reductase (quinone)	taxID:2723097
A0A7W8Z041	unreviewed	nitrate reductase (quinone)	taxID:763782
A0A7W8Z8J0	unreviewed	Nitrate reductase subunit alpha	taxID:763782
A0A7W9AWV9	unreviewed	nitrate reductase (quinone)	taxID:659015
A0A7W9D2M2	unreviewed	4Fe-4S Mo/W bis-MGD-type domain-containing protein	taxID:1650438
A0A7W9E611	unreviewed	nitrate reductase (quinone)	taxID:69670
A0A7W9FG74	unreviewed	nitrate reductase (quinone)	taxID:681627
A0A7W9G025	unreviewed	nitrate reductase (quinone)	taxID:882448
A0A7W9GFR9	unreviewed	nitrate reductase (quinone)	taxID:882448
A0A7W9IDX5	unreviewed	Nitrate reductase alpha subunit	taxID:1816182
A0A7W9PA18	unreviewed	Nitrate reductase alpha subunit	taxID:37333
A0A7W9WKW9	unreviewed	nitrate reductase (quinone)	taxID:75697
A0A7W9YIM7	unreviewed	nitrate reductase (quinone)	taxID:1472723
A0A7X0D9U6	unreviewed	nitrate reductase (quinone)	taxID:576944
A0A7X0EEI2	unreviewed	nitrate reductase (quinone)	taxID:765888
A0A7X0EV62	unreviewed	nitrate reductase (quinone)	taxID:1793966
A0A7X0EYU9	unreviewed	Nitrate reductase alpha subunit	taxID:1124761
A0A7X0HRD2	unreviewed	nitrate reductase (quinone)	taxID:1456
A0A7X0HT46	unreviewed	nitrate reductase (quinone)	taxID:1456
A0A7X0KYF7	unreviewed	Nitrate reductase alpha subunit	taxID:46159
A0A7X0NMG4	unreviewed	nitrate reductase (quinone)	taxID:46180
A0A7X0NPS8	unreviewed	Nitrate reductase alpha subunit	taxID:46180
A0A7X0P1P0	unreviewed	Nitrate reductase alpha subunit	taxID:46180
A0A7X0TJY2	unreviewed	nitrate reductase (quinone)	taxID:1552123
A0A7X0XF12	unreviewed	nitrate reductase (quinone)	taxID:1552123
A0A7X0XH67	unreviewed	nitrate reductase (quinone)	taxID:1552123
A0A7X0Y5X9	unreviewed	nitrate reductase (quinone)	taxID:1494963
A0A7X0YWY6	unreviewed	nitrate reductase (quinone)	taxID:1552123
A0A7X0Z6B6	unreviewed	nitrate reductase (quinone)	taxID:1552123
A0A7X1CHN6	unreviewed	nitrate reductase (quinone)	taxID:1552123
A0A7X1DKG0	unreviewed	nitrate reductase (quinone)	taxID:1552123
A0A7X1DRR5	unreviewed	nitrate reductase (quinone)	taxID:1552123
A0A7X1EGC4	unreviewed	nitrate reductase (quinone)	taxID:1748967
A0A7X1EI92	unreviewed	nitrate reductase (quinone)	taxID:1748967
A0A7X1GUN1	unreviewed	nitrate reductase (quinone)	taxID:2049433
A0A7X1HZM6	unreviewed	nitrate reductase (quinone)	taxID:178566
A0A7X1JAX2	unreviewed	Nitrate reductase alpha subunit	taxID:2759956
A0A7X1M5K6	unreviewed	nitrate reductase (quinone)	taxID:2762599
A0A7X1NID2	unreviewed	nitrate reductase (quinone)	taxID:2654983
A0A7X1PMN3	unreviewed	nitrate reductase (quinone)	taxID:2614538
A0A7X1TXG0	unreviewed	nitrate reductase (quinone)	taxID:1891241
A0A7X2G622	unreviewed	nitrate reductase (quinone)	taxID:1598
A0A7X2GWL0	unreviewed	nitrate reductase (quinone)	taxID:2666100
A0A7X2IL26	unreviewed	nitrate reductase (quinone)	taxID:2666085
A0A7X2MLM0	unreviewed	4Fe-4S Mo/W bis-MGD-type domain-containing protein	taxID:549
A0A7X2TJG9	unreviewed	nitrate reductase (quinone)	taxID:2654280
A0A7X2V899	unreviewed	nitrate reductase (quinone)	taxID:50741
A0A7X3C2T1	unreviewed	nitrate reductase (quinone)	taxID:2678357
A0A7X3CNM7	unreviewed	nitrate reductase (quinone)	taxID:307580
A0A7X3FYG8	unreviewed	nitrate reductase (quinone)	taxID:2683234
A0A7X3HIM2	unreviewed	nitrate reductase (quinone)	taxID:2653854
A0A7X3KS50	unreviewed	nitrate reductase (quinone)	taxID:2684210
A0A7X3L7P0	unreviewed	nitrate reductase (quinone)	taxID:2650101
A0A7X3LIT2	unreviewed	nitrate reductase (quinone)	taxID:2691084
A0A7X4CC17	unreviewed	nitrate reductase (quinone)	taxID:1904441
A0A7X4CYI7	unreviewed	Nitrate reductase subunit alpha	taxID:1898112
A0A7X4H0Y7	unreviewed	nitrate reductase (quinone)	taxID:2692170
A0A7X4HGR3	unreviewed	nitrate reductase (quinone)	taxID:2660641
A0A7X4IVH8	unreviewed	nitrate reductase (quinone)	taxID:2604849
A0A7X4VYJ4	unreviewed	nitrate reductase (quinone)	taxID:2691040
A0A7X4W571	unreviewed	nitrate reductase (quinone)	taxID:147248
A0A7X5Q7L5	unreviewed	nitrate reductase (quinone)	taxID:2081524
A0A7X5UQM2	unreviewed	Nitrate reductase alpha subunit	taxID:1128677
A0A7X6A2C7	unreviewed	Nitrate reductase alpha subunit	taxID:1105143
A0A7X6DEM3	unreviewed	nitrate reductase (quinone)	taxID:2606681
A0A7X6GBP1	unreviewed	nitrate reductase (quinone)	taxID:2719015
A0A7X6H384	unreviewed	nitrate reductase (quinone)	taxID:2650661
A0A7X6KTT1	unreviewed	nitrate reductase (quinone)	taxID:264297
A0A7X6L4C0	unreviewed	Nitrate reductase alpha subunit	taxID:352869
A0A7X6LY55	unreviewed	Nitrate reductase alpha subunit	taxID:132249
A0A7X6M7P0	unreviewed	nitrate reductase (quinone)	taxID:146802
A0A7X6MNC5	unreviewed	Nitrate reductase alpha subunit	taxID:1341646
A0A7X6Q5F4	unreviewed	nitrate reductase (quinone)	taxID:2021368
A0A7X6RYX8	unreviewed	Nitrate reductase alpha subunit	taxID:1341646
A0A7X6SGZ0	unreviewed	nitrate reductase (quinone)	taxID:1977903
A0A7X6VUQ9	unreviewed	nitrate reductase (quinone)	taxID:2030927
A0A7X6X0L3	unreviewed	Nitrate reductase subunit alpha	taxID:2021368
A0A7X7AVI1	unreviewed	4Fe-4S Mo/W bis-MGD-type domain-containing protein	taxID:2030927
A0A7X7BUH7	unreviewed	nitrate reductase (quinone)	taxID:1926873
A0A7X7C0D6	unreviewed	4Fe-4S Mo/W bis-MGD-type domain-containing protein	taxID:2030927
A0A7X7DDC0	unreviewed	Nitrate reductase subunit alpha	taxID:1911520
A0A7X7G9G3	unreviewed	nitrate reductase (quinone)	taxID:1911520
A0A7X7GH46	unreviewed	nitrate reductase (quinone)	taxID:1831
A0A7X7NRF9	unreviewed	nitrate reductase (quinone)	taxID:1911520
A0A7X7QEF5	unreviewed	Nitrate reductase alpha subunit	taxID:1911520
A0A7X7SLN4	unreviewed	4Fe-4S Mo/W bis-MGD-type domain-containing protein	taxID:2900548
A0A7X7YGT6	unreviewed	nitrate reductase (quinone)	taxID:2073116
A0A7X8ANT5	unreviewed	nitrate reductase (quinone)	taxID:1977903
A0A7X8GVN7	unreviewed	nitrate reductase (quinone)	taxID:2044944
A0A7X8RHZ9	unreviewed	nitrate reductase (quinone)	taxID:1610489
A0A7X8ZYZ0	unreviewed	4Fe-4S Mo/W bis-MGD-type domain-containing protein	taxID:2030927
A0A7X9KNI9	unreviewed	4Fe-4S Mo/W bis-MGD-type domain-containing protein	taxID:1898104
A0A7X9MJD7	unreviewed	Nitrate reductase alpha subunit	taxID:2725307
A0A7X9SVR0	unreviewed	nitrate reductase (quinone)	taxID:1725
A0A7X9TUH6	unreviewed	nitrate reductase (quinone)	taxID:2725411
A0A7X9WCA7	unreviewed	nitrate reductase (quinone)	taxID:29388
A0A7X9YM29	unreviewed	nitrate reductase (quinone)	taxID:2725555
A0A7X9ZB63	unreviewed	nitrate reductase (quinone)	taxID:2727415
A0A7Y0AZR4	unreviewed	nitrate reductase (quinone)	taxID:2728849
A0A7Y0BHE9	unreviewed	nitrate reductase (quinone)	taxID:1869339
A0A7Y0BZH5	unreviewed	nitrate reductase (quinone)	taxID:1869339
A0A7Y0C792	unreviewed	nitrate reductase (quinone)	taxID:1869339
A0A7Y0CEW8	unreviewed	nitrate reductase (quinone)	taxID:50421
A0A7Y0CSR3	unreviewed	Nitrate reductase alpha subunit	taxID:1902410
A0A7Y0CXX2	unreviewed	Nitrate reductase alpha subunit	taxID:1902410
A0A7Y0D1J5	unreviewed	nitrate reductase (quinone)	taxID:2021635
A0A7Y0DH04	unreviewed	Nitrate reductase alpha subunit	taxID:1902410
A0A7Y0DWY6	unreviewed	nitrate reductase (quinone)	taxID:2729598
A0A7Y0H9F1	unreviewed	nitrate reductase (quinone)	taxID:2021635
A0A7Y0M0H5	unreviewed	Nitrate reductase alpha subunit	taxID:1708
A0A7Y0MBH2	unreviewed	Nitrate reductase alpha subunit	taxID:2726743
A0A7Y0NK93	unreviewed	nitrate reductase (quinone)	taxID:1928859
A0A7Y0P8H9	unreviewed	Nitrate reductase alpha subunit	taxID:1333528
A0A7Y0Q386	unreviewed	nitrate reductase (quinone)	taxID:2729629
A0A7Y0Q4H3	unreviewed	nitrate reductase (quinone)	taxID:2729629
A0A7Y0WQ27	unreviewed	nitrate reductase (quinone)	taxID:2717489
A0A7Y0YZN4	unreviewed	nitrate reductase (quinone)	taxID:2717488
A0A7Y0ZYU0	unreviewed	nitrate reductase (quinone)	taxID:76761
A0A7Y1A3E4	unreviewed	nitrate reductase (quinone)	taxID:76761
A0A7Y1MQ47	unreviewed	nitrate reductase (quinone)	taxID:78544
A0A7Y2CGX9	unreviewed	nitrate reductase (quinone)	taxID:2174442
A0A7Y2CUF6	unreviewed	nitrate reductase (quinone)	taxID:1903071
A0A7Y2D3U0	unreviewed	nitrate reductase (quinone)	taxID:2283092
A0A7Y2JCD1	unreviewed	Nitrate reductase subunit alpha	taxID:2026735
A0A7Y2P9I9	unreviewed	Nitrate reductase subunit alpha	taxID:2026735
A0A7Y2XL25	unreviewed	nitrate reductase (quinone)	taxID:2006849
A0A7Y2YIV6	unreviewed	Nitrate reductase subunit alpha	taxID:2006849
A0A7Y3AKW4	unreviewed	nitrate reductase (quinone)	taxID:2006849
A0A7Y3HJ03	unreviewed	nitrate reductase (quinone)	taxID:1891229
A0A7Y3NWN0	unreviewed	nitrate reductase (quinone)	taxID:1903720
A0A7Y3PQ39	unreviewed	Nitrate reductase alpha subunit	taxID:2732044
A0A7Y3T727	unreviewed	nitrate reductase (quinone)	taxID:419475
A0A7Y3V3C3	unreviewed	nitrate reductase (quinone)	taxID:1898104
A0A7Y4T9W2	unreviewed	nitrate reductase (quinone)	taxID:1913988
A0A7Y4YV05	unreviewed	nitrate reductase (quinone)	taxID:1874826
A0A7Y5AQ60	unreviewed	nitrate reductase (quinone)	taxID:2740584
A0A7Y5B8D1	unreviewed	nitrate reductase (quinone)	taxID:1898104
A0A7Y5F4Z0	unreviewed	nitrate reductase (quinone)	taxID:2021391
A0A7Y5FCW0	unreviewed	nitrate reductase (quinone)	taxID:2030809
A0A7Y5IET1	unreviewed	4Fe-4S Mo/W bis-MGD-type domain-containing protein	taxID:1898104
A0A7Y5JPG5	unreviewed	nitrate reductase (quinone)	taxID:1869227
A0A7Y5JST9	unreviewed	Nitrate reductase alpha subunit	taxID:2728912
A0A7Y5KK77	unreviewed	Nitrate reductase alpha subunit	taxID:2728912
A0A7Y5LFI5	unreviewed	nitrate reductase (quinone)	taxID:2212468
A0A7Y5LGX3	unreviewed	nitrate reductase (quinone)	taxID:2212468
A0A7Y5LVM3	unreviewed	nitrate reductase (quinone)	taxID:2517210
A0A7Y5MZJ5	unreviewed	nitrate reductase (quinone)	taxID:2026779
A0A7Y5PJC8	unreviewed	nitrate reductase (quinone)	taxID:2030806
A0A7Y5Q4I8	unreviewed	nitrate reductase (quinone)	taxID:2033014
A0A7Y5QEP5	unreviewed	nitrate reductase (quinone)	taxID:2052143
A0A7Y5RSJ9	unreviewed	nitrate reductase (quinone)	taxID:2026779
A0A7Y5SMX3	unreviewed	Nitrate reductase subunit alpha	taxID:2715253
A0A7Y5SY32	unreviewed	nitrate reductase (quinone)	taxID:1898104
A0A7Y5T8F2	unreviewed	nitrate reductase (quinone)	taxID:1871072
A0A7Y5VCF3	unreviewed	nitrate reductase (quinone)	taxID:2202734
A0A7Y5Z9N9	unreviewed	nitrate reductase (quinone)	taxID:47879
A0A7Y6CZ22	unreviewed	nitrate reductase (quinone)	taxID:2735271
A0A7Y6D0G4	unreviewed	nitrate reductase (quinone)	taxID:2735268
A0A7Y6E241	unreviewed	Nitrate reductase subunit alpha	taxID:2021369
A0A7Y6E3K5	unreviewed	4Fe-4S Mo/W bis-MGD-type domain-containing protein	taxID:2021369
A0A7Y6E6F9	unreviewed	nitrate reductase (quinone)	taxID:2735267
A0A7Y6EYA8	unreviewed	nitrate reductase (quinone)	taxID:248903
A0A7Y6F079	unreviewed	Nitrate reductase alpha subunit	taxID:53450
A0A7Y6GBD2	unreviewed	Nitrate reductase alpha subunit	taxID:1472662
A0A7Y6IJI2	unreviewed	Nitrate reductase alpha subunit	taxID:1712872
A0A7Y6IU76	unreviewed	Nitrate reductase alpha subunit	taxID:1712872
A0A7Y6L4I5	unreviewed	Nitrate reductase alpha subunit	taxID:1472662
A0A7Y6M4F4	unreviewed	Nitrate reductase alpha subunit	taxID:2741721
A0A7Y6QPM7	unreviewed	nitrate reductase (quinone)	taxID:2744470
A0A7Y6RCX6	unreviewed	nitrate reductase (quinone)	taxID:2729617
A0A7Y7B518	unreviewed	Nitrate reductase alpha subunit	taxID:1970
A0A7Y7E798	unreviewed	Nitrate reductase alpha subunit	taxID:1970
A0A7Y7IRQ8	unreviewed	nitrate reductase (quinone)	taxID:2713571
A0A7Y7LYZ1	unreviewed	nitrate reductase (quinone)	taxID:2713570
A0A7Y7NM07	unreviewed	nitrate reductase (quinone)	taxID:2282154
A0A7Y7YU04	unreviewed	nitrate reductase (quinone)	taxID:2726983
A0A7Y8GT37	unreviewed	nitrate reductase (quinone)	taxID:2610898
A0A7Y8M8H5	unreviewed	nitrate reductase (quinone)	taxID:2723029
A0A7Y8PF68	unreviewed	nitrate reductase (quinone)	taxID:2749087
A0A7Y8RTP9	unreviewed	nitrate reductase (quinone)	taxID:2740531
A0A7Y8S0P5	unreviewed	nitrate reductase (quinone)	taxID:1409
A0A7Y8V3Y4	unreviewed	nitrate reductase (quinone)	taxID:1409
A0A7Y9BK15	unreviewed	Nitrate reductase alpha subunit	taxID:2749828
A0A7Y9E408	unreviewed	Nitrate reductase alpha subunit	taxID:661492
A0A7Y9EBG8	unreviewed	Nitrate reductase alpha subunit	taxID:46163
A0A7Y9GN23	unreviewed	nitrate reductase (quinone)	taxID:337480
A0A7Y9JY17	unreviewed	nitrate reductase (quinone)	taxID:931536
A0A7Y9KG05	unreviewed	Nitrate reductase alpha subunit	taxID:46158
A0A7Y9R1T0	unreviewed	nitrate reductase (quinone)	taxID:522889
A0A7Y9S154	unreviewed	nitrate reductase (quinone)	taxID:634462
A0A7Y9SND9	unreviewed	nitrate reductase (quinone)	taxID:2723067
A0A7Y9XEN5	unreviewed	Nitrate reductase alpha subunit	taxID:501010
A0A7Z0D2G1	unreviewed	Nitrate reductase alpha subunit	taxID:1280376
A0A7Z0I064	unreviewed	nitrate reductase (quinone)	taxID:2743469
A0A7Z0MDG1	unreviewed	nitrate reductase (quinone)	taxID:2021368
A0A7Z0MZM1	unreviewed	nitrate reductase (quinone)	taxID:2021368
A0A7Z0N6V3	unreviewed	nitrate reductase (quinone)	taxID:2729618
A0A7Z0NRZ5	unreviewed	Nitrate reductase alpha subunit	taxID:2748321
A0A7Z0NS08	unreviewed	nitrate reductase (quinone)	taxID:2748321
A0A7Z0PXP4	unreviewed	Nitrate reductase alpha subunit	taxID:2748379
A0A7Z0RVF0	unreviewed	nitrate reductase (quinone)	taxID:1449798
A0A7Z0RWX8	unreviewed	nitrate reductase (quinone)	taxID:186761
A0A7Z0SGG0	unreviewed	nitrate reductase (quinone)	taxID:2021368
A0A7Z0WTY7	unreviewed	Nitrate reductase alpha subunit	taxID:485602
A0A7Z0Y488	unreviewed	nitrate reductase (quinone)	taxID:1974321
A0A7Z1AEA8	unreviewed	nitrate reductase (quinone)	taxID:1655433
A0A7Z1B389	unreviewed	4Fe-4S Mo/W bis-MGD-type domain-containing protein	taxID:1648923
A0A7Z1EFQ8	unreviewed	nitrate reductase (quinone)	taxID:623
A0A7Z1EHP0	unreviewed	nitrate reductase (quinone)	taxID:623
A0A7Z1I7Q7	unreviewed	nitrate reductase (quinone)	taxID:624
A0A7Z1IA84	unreviewed	nitrate reductase (quinone)	taxID:624
A0A7Z1K544	unreviewed	nitrate reductase (quinone)	taxID:200451
A0A7Z1PKM7	unreviewed	nitrate reductase (quinone)	taxID:59201
A0A7Z2G2R7	unreviewed	nitrate reductase (quinone)	taxID:2571747
A0A7Z2JA86	unreviewed	nitrate reductase (quinone)	taxID:2571747
A0A7Z3BKD7	unreviewed	nitrate reductase (quinone)	taxID:95301
A0A7Z6MQ69	unreviewed	nitrate reductase (quinone)	taxID:294
A0A7Z7HX33	unreviewed	nitrate reductase (quinone)	taxID:1761789
A0A7Z7IL43	unreviewed	Nitrate reductase alpha subunit	taxID:627089
A0A7Z7JDD5	unreviewed	nitrate reductase (quinone)	taxID:164546
A0A7Z7MUF9	unreviewed	nitrate reductase (quinone)	taxID:157592
A0A7Z7N7X6	unreviewed	Nitrate reductase alpha subunit	taxID:627089
A0A7Z7PUB8	unreviewed	nitrate reductase (quinone)	taxID:3137154
A0A7Z7QNC1	unreviewed	nitrate reductase (quinone)	taxID:1295
A0A7Z7R0F1	unreviewed	nitrate reductase (quinone)	taxID:1295
A0A7Z7YJH7	unreviewed	nitrate reductase (quinone)	taxID:208962
A0A7Z7YUQ5	unreviewed	nitrate reductase (quinone)	taxID:29388
A0A7Z8QMH2	unreviewed	nitrate reductase (quinone)	taxID:1916066
A0A7Z8QSQ5	unreviewed	nitrate reductase (quinone)	taxID:1916067
A0A7Z8QYY5	unreviewed	nitrate reductase (quinone)	taxID:1916065
A0A7Z8RT10	unreviewed	nitrate reductase (quinone)	taxID:2217814
A0A7Z8VHP2	unreviewed	nitrate reductase (quinone)	taxID:1916070
A0A7Z8VU47	unreviewed	nitrate reductase (quinone)	taxID:1916062
A0A7Z8YZV5	unreviewed	nitrate reductase (quinone)	taxID:1648923
A0A7Z8Z8X2	unreviewed	nitrate reductase (quinone)	taxID:577
A0A7Z8ZAJ3	unreviewed	nitrate reductase (quinone)	taxID:577
A0A7Z8ZPK9	unreviewed	nitrate reductase (quinone)	taxID:1499973
A0A7Z9A651	unreviewed	nitrate reductase (quinone)	taxID:172042
A0A7Z9C7I1	unreviewed	nitrate reductase (quinone)	taxID:74329
A0A7Z9D004	unreviewed	nitrate reductase (quinone)	taxID:1499973
A0A800KU36	unreviewed	nitrate reductase (quinone)	taxID:1933926
A0A806TA66	unreviewed	nitrate reductase (quinone)	taxID:1381124
A0A806X4X6	unreviewed	nitrate reductase (quinone)	taxID:1334193
A0A806XDZ8	unreviewed	nitrate reductase (quinone)	taxID:1334193
A0A807LG09	unreviewed	nitrate reductase (quinone)	taxID:1300165
A0A807N5M6	unreviewed	nitrate reductase (quinone)	taxID:1909732
A0A809QIP0	unreviewed	nitrate reductase (quinone)	taxID:2058625
A0A809R5Y6	unreviewed	nitrate reductase (quinone)	taxID:2608985
A0A810LA31	unreviewed	nitrate reductase (quinone)	taxID:390989
A0A810NR96	unreviewed	nitrate reductase (quinone)	taxID:2728827
A0A811G566	unreviewed	nitrate reductase (quinone)	taxID:1717
A0A822IHI2	unreviewed	nitrate reductase (quinone)	taxID:2250255
A0A822WDU9	unreviewed	nitrate reductase (quinone)	taxID:158836
A0A822WH86	unreviewed	nitrate reductase (quinone)	taxID:158836
A0A822WNR5	unreviewed	nitrate reductase (quinone)	taxID:881260
A0A822WS96	unreviewed	nitrate reductase (quinone)	taxID:881260
A0A826J2X4	unreviewed	nitrate reductase (quinone)	taxID:562
A0A826VYA2	unreviewed	nitrate reductase (quinone)	taxID:562
A0A826WV43	unreviewed	nitrate reductase (quinone)	taxID:562
A0A828NFW2	unreviewed	nitrate reductase (quinone)	taxID:562
A0A828RGN6	unreviewed	nitrate reductase (quinone)	taxID:548485
A0A828U9E2	unreviewed	nitrate reductase (quinone)	taxID:868141
A0A828UAV5	unreviewed	nitrate reductase (quinone)	taxID:868141
A0A829CGA6	unreviewed	Nitrate reductase alpha subunit	taxID:1305739
A0A829M0R1	unreviewed	nitrate reductase (quinone)	taxID:1408443
A0A829R618	unreviewed	Nitrate reductase Z subunit alpha	taxID:1265827
A0A830E5V6	unreviewed	nitrate reductase (quinone)	taxID:1293586
A0A831RH42	unreviewed	Nitrate reductase subunit alpha	taxID:2268196
A0A831UBV6	unreviewed	nitrate reductase (quinone)	taxID:28232
A0A831VZH1	unreviewed	nitrate reductase (quinone)	taxID:564117
A0A832E7E0	unreviewed	4Fe-4S Mo/W bis-MGD-type domain-containing protein	taxID:2268193
A0A832HWY0	unreviewed	Nitrate reductase subunit alpha	taxID:2052186
A0A832IZ83	unreviewed	Nitrate reductase subunit alpha	taxID:1904441
A0A832PNQ8	unreviewed	nitrate reductase (quinone)	taxID:53463
A0A832STX7	unreviewed	nitrate reductase (quinone)	taxID:13773
A0A833CDN2	unreviewed	nitrate reductase (quinone)	taxID:1502943
A0A833D7A3	unreviewed	nitrate reductase (quinone)	taxID:2015799
A0A833FRM7	unreviewed	nitrate reductase (quinone)	taxID:94626
A0A833G6A8	unreviewed	4Fe-4S Mo/W bis-MGD-type domain-containing protein	taxID:2575872
A0A833HDQ9	unreviewed	nitrate reductase (quinone)	taxID:1913961
A0A833JQ22	unreviewed	nitrate reductase (quinone)	taxID:2743
A0A833L6E3	unreviewed	nitrate reductase (quinone)	taxID:1978229
A0A833LP69	unreviewed	nitrate reductase (quinone)	taxID:1934341
A0A833PV11	unreviewed	nitrate reductase (quinone)	taxID:482957
A0A836MRE7	unreviewed	nitrate reductase (quinone)	taxID:1196083
A0A836NEG0	unreviewed	nitrate reductase (quinone)	taxID:1444044
A0A836NEZ2	unreviewed	nitrate reductase (quinone)	taxID:1444044
A0A836PKR3	unreviewed	nitrate reductase (quinone)	taxID:1933926
A0A837FC83	unreviewed	nitrate reductase (quinone)	taxID:1296536
A0A837FFU4	unreviewed	nitrate reductase (quinone)	taxID:1296536
A0A837L7D3	unreviewed	nitrate reductase (quinone)	taxID:1812935
A0A837L9G7	unreviewed	nitrate reductase (quinone)	taxID:1812935
A0A837RF99	unreviewed	nitrate reductase (quinone)	taxID:1423791
A0A838ACD1	unreviewed	Nitrate reductase alpha subunit	taxID:2752311
A0A838LLM7	unreviewed	nitrate reductase (quinone)	taxID:2755556
A0A838XER7	unreviewed	Nitrate reductase alpha subunit	taxID:2754045
A0A838Y841	unreviewed	nitrate reductase (quinone)	taxID:332411
A0A839AK73	unreviewed	nitrate reductase (quinone)	taxID:2758565
A0A839AY83	unreviewed	nitrate reductase (quinone)	taxID:562
A0A839BMT4	unreviewed	nitrate reductase (quinone)	taxID:2742643
A0A839BUP8	unreviewed	nitrate reductase (quinone)	taxID:2742643
A0A839CLN3	unreviewed	nitrate reductase (quinone)	taxID:2058152
A0A839CQW9	unreviewed	nitrate reductase (quinone)	taxID:2058152
A0A839GYA8	unreviewed	nitrate reductase (quinone)	taxID:2759752
A0A839IYZ0	unreviewed	nitrate reductase (quinone)	taxID:2760308
A0A839J773	unreviewed	nitrate reductase (quinone)	taxID:2760309
A0A839LI38	unreviewed	nitrate reductase (quinone)	taxID:2761452
A0A839NHU5	unreviewed	nitrate reductase (quinone)	taxID:1794944
A0A839P631	unreviewed	nitrate reductase (quinone)	taxID:2587064
A0A839PK73	unreviewed	nitrate reductase (quinone)	taxID:2587065
A0A839QD26	unreviewed	Nitrate reductase alpha subunit	taxID:670079
A0A839QYJ1	unreviewed	nitrate reductase (quinone)	taxID:521392
A0A839RLD7	unreviewed	Nitrate reductase alpha subunit	taxID:616997
A0A839T0Y1	unreviewed	nitrate reductase (quinone)	taxID:1579333
A0A839TA82	unreviewed	nitrate reductase (quinone)	taxID:198481
A0A839TNB6	unreviewed	nitrate reductase (quinone)	taxID:297318
A0A839V8L2	unreviewed	nitrate reductase (quinone)	taxID:447424
A0A839W5P1	unreviewed	nitrate reductase (quinone)	taxID:2587036
A0A839WKA1	unreviewed	nitrate reductase (quinone)	taxID:2587036
A0A840AYT6	unreviewed	nitrate reductase (quinone)	taxID:1293440
A0A840DKW8	unreviewed	nitrate reductase (quinone)	taxID:230470
A0A840DMC5	unreviewed	nitrate reductase (quinone)	taxID:230470
A0A840LF70	unreviewed	nitrate reductase (quinone)	taxID:1769250
A0A840MK79	unreviewed	nitrate reductase (quinone)	taxID:714531
A0A840N191	unreviewed	nitrate reductase (quinone)	taxID:211460
A0A840P7X3	unreviewed	Nitrate reductase alpha subunit	taxID:1073253
A0A840Q4W1	unreviewed	Nitrate reductase alpha subunit	taxID:664693
A0A840QFV6	unreviewed	Nitrate reductase alpha subunit	taxID:664693
A0A840RGZ2	unreviewed	nitrate reductase (quinone)	taxID:300266
A0A840RJS8	unreviewed	nitrate reductase (quinone)	taxID:300266
A0A840S5Z5	unreviewed	nitrate reductase (quinone)	taxID:392593
A0A840V9Q3	unreviewed	nitrate reductase (quinone)	taxID:1506996
A0A840WBM5	unreviewed	4Fe-4S Mo/W bis-MGD-type domain-containing protein	taxID:179819
A0A840Y626	unreviewed	nitrate reductase (quinone)	taxID:693023
A0A840Y9L7	unreviewed	nitrate reductase (quinone)	taxID:1452450
A0A840Z341	unreviewed	nitrate reductase (quinone)	taxID:463200
A0A841A7J5	unreviewed	4Fe-4S Mo/W bis-MGD-type domain-containing protein	taxID:1432564
A0A841AWR1	unreviewed	Nitrate reductase alpha subunit	taxID:336628
A0A841DGQ3	unreviewed	Nitrate reductase alpha subunit	taxID:1999
A0A841DGS7	unreviewed	Nitrate reductase alpha subunit	taxID:236067
A0A841FDU6	unreviewed	nitrate reductase (quinone)	taxID:2735914
A0A841FDY9	unreviewed	Nitrate reductase alpha subunit	taxID:714109
A0A841IRD0	unreviewed	Nitrate reductase alpha subunit	taxID:1478215
A0A841IYX7	unreviewed	Nitrate reductase alpha subunit	taxID:1478215
A0A841QIU9	unreviewed	4Fe-4S Mo/W bis-MGD-type domain-containing protein	taxID:104100
A0A841XZE2	unreviewed	nitrate reductase (quinone)	taxID:1552123
A0A841Y666	unreviewed	nitrate reductase (quinone)	taxID:1552123
A0A841YGE7	unreviewed	nitrate reductase (quinone)	taxID:1069827
A0A841YIC9	unreviewed	nitrate reductase (quinone)	taxID:1552123
A0A841YZ92	unreviewed	nitrate reductase (quinone)	taxID:1497681
A0A841Z7R1	unreviewed	nitrate reductase (quinone)	taxID:1006155
A0A841ZSC8	unreviewed	nitrate reductase (quinone)	taxID:1494960
A0A841ZSF4	unreviewed	nitrate reductase (quinone)	taxID:1552123
A0A842AUM2	unreviewed	nitrate reductase (quinone)	taxID:1552123
A0A842DY48	unreviewed	nitrate reductase (quinone)	taxID:1552123
A0A842F2V6	unreviewed	nitrate reductase (quinone)	taxID:1552123
A0A843S0L2	unreviewed	nitrate reductase (quinone)	taxID:2004800
A0A843S6J9	unreviewed	nitrate reductase (quinone)	taxID:2743358
A0A844CK31	unreviewed	nitrate reductase (quinone)	taxID:2666197
A0A844CRR1	unreviewed	nitrate reductase (quinone)	taxID:2576383
A0A844H5C8	unreviewed	nitrate reductase (quinone)	taxID:913252
A0A844HK15	unreviewed	nitrate reductase (quinone)	taxID:2006130
A0A844I4B8	unreviewed	nitrate reductase (quinone)	taxID:1033846
A0A844M3S4	unreviewed	nitrate reductase (quinone)	taxID:861445
A0A844PIM4	unreviewed	nitrate reductase (quinone)	taxID:72407
A0A844PJ39	unreviewed	nitrate reductase (quinone)	taxID:72407
A0A844RFK4	unreviewed	nitrate reductase (quinone)	taxID:1280
A0A844ZW81	unreviewed	nitrate reductase (quinone)	taxID:1958940
A0A845G787	unreviewed	nitrate reductase (quinone)	taxID:2692166
A0A845GU18	unreviewed	nitrate reductase (quinone)	taxID:2692166
A0A845HBI5	unreviewed	nitrate reductase (quinone)	taxID:2692166
A0A845I428	unreviewed	nitrate reductase (quinone)	taxID:2692177
A0A845MBZ7	unreviewed	nitrate reductase (quinone)	taxID:1418234
A0A845SP05	unreviewed	nitrate reductase (quinone)	taxID:2691583
A0A845V1V6	unreviewed	nitrate reductase (quinone)	taxID:2707351
A0A846MDD4	unreviewed	nitrate reductase (quinone)	taxID:29396
A0A846MKM6	unreviewed	nitrate reductase (quinone)	taxID:29396
A0A846SAF7	unreviewed	nitrate reductase (quinone)	taxID:82380
A0A846TYJ3	unreviewed	nitrate reductase (quinone)	taxID:1736139
A0A846W6B4	unreviewed	Nitrate reductase alpha subunit	taxID:356147
A0A846XLW6	unreviewed	Nitrate reductase alpha subunit	taxID:419477
A0A846XXP8	unreviewed	Nitrate reductase alpha subunit	taxID:257274
A0A846XYF4	unreviewed	nitrate reductase (quinone)	taxID:257274
A0A846YC11	unreviewed	Nitrate reductase alpha subunit	taxID:53429
A0A846YMU6	unreviewed	Nitrate reductase alpha subunit	taxID:53429
A0A846YUG6	unreviewed	Nitrate reductase alpha subunit	taxID:163603
A0A846Z3D9	unreviewed	Nitrate reductase alpha subunit	taxID:163603
A0A847DRU3	unreviewed	4Fe-4S Mo/W bis-MGD-type domain-containing protein	taxID:2003368
A0A847EPV8	unreviewed	4Fe-4S Mo/W bis-MGD-type domain-containing protein	taxID:2038686
A0A847IB15	unreviewed	nitrate reductase (quinone)	taxID:84139
A0A847JFU6	unreviewed	4Fe-4S Mo/W bis-MGD-type domain-containing protein	taxID:1871068
A0A847KLU5	unreviewed	nitrate reductase (quinone)	taxID:1911520
A0A847MV13	unreviewed	nitrate reductase (quinone)	taxID:2021373
A0A847S3D4	unreviewed	nitrate reductase (quinone)	taxID:2725557
A0A847ZU52	unreviewed	4Fe-4S Mo/W bis-MGD-type domain-containing protein	taxID:1871068
A0A848DEQ0	unreviewed	Nitrate reductase alpha subunit	taxID:630973
A0A848ECC4	unreviewed	nitrate reductase (quinone)	taxID:1232220
A0A848FAN7	unreviewed	nitrate reductase (quinone)	taxID:2728836
A0A848JRK5	unreviewed	nitrate reductase (quinone)	taxID:2587121
A0A848KEE2	unreviewed	Nitrate reductase alpha subunit	taxID:2584121
A0A848MFF5	unreviewed	nitrate reductase (quinone)	taxID:2703884
A0A848NKH4	unreviewed	nitrate reductase (quinone)	taxID:72557
A0A848RTF1	unreviewed	nitrate reductase (quinone)	taxID:2729626
A0A848TPK3	unreviewed	4Fe-4S Mo/W bis-MGD-type domain-containing protein	taxID:2058390
A0A848TXC9	unreviewed	Nitrate reductase subunit alpha	taxID:2058390
A0A848U7P6	unreviewed	nitrate reductase (quinone)	taxID:1943584
A0A848XIE5	unreviewed	nitrate reductase (quinone)	taxID:1904441
A0A849BX73	unreviewed	Nitrate reductase alpha subunit	taxID:53432
A0A849E7S2	unreviewed	Nitrate reductase	taxID:1872568
A0A849H0K1	unreviewed	4Fe-4S Mo/W bis-MGD-type domain-containing protein	taxID:2058390
A0A849L6J0	unreviewed	nitrate reductase (quinone)	taxID:1505036
A0A849M568	unreviewed	nitrate reductase (quinone)	taxID:2212469
A0A849NBJ9	unreviewed	nitrate reductase (quinone)	taxID:2026749
A0A849TKT5	unreviewed	nitrate reductase (quinone)	taxID:2015799
A0A849WWT1	unreviewed	4Fe-4S Mo/W bis-MGD-type domain-containing protein	taxID:2053517
A0A849XW34	unreviewed	nitrate reductase (quinone)	taxID:2499141
A0A850A2F5	unreviewed	nitrate reductase (quinone)	taxID:2306055
A0A850APJ6	unreviewed	nitrate reductase (quinone)	taxID:2614252
A0A850B0H0	unreviewed	nitrate reductase (quinone)	taxID:2282151
A0A850BCW4	unreviewed	nitrate reductase (quinone)	taxID:2268199
A0A850CN00	unreviewed	Nitrate reductase alpha subunit	taxID:2728912
A0A850EZ88	unreviewed	nitrate reductase (quinone)	taxID:2742797
A0A850F059	unreviewed	nitrate reductase (quinone)	taxID:2742797
A0A850G0J1	unreviewed	nitrate reductase (quinone)	taxID:1280
A0A850JFB7	unreviewed	Nitrate reductase alpha subunit	taxID:2745202
A0A850KM29	unreviewed	nitrate reductase (quinone)	taxID:1913988
A0A850KZA1	unreviewed	nitrate reductase (quinone)	taxID:2026751
A0A850PSA2	unreviewed	Nitrate reductase alpha subunit	taxID:659824
A0A850QJH5	unreviewed	nitrate reductase (quinone)	taxID:666702
A0A850T1J4	unreviewed	Nitrate reductase	taxID:2510335
A0A851FZG3	unreviewed	nitrate reductase (quinone)	taxID:2749084
A0A851G898	unreviewed	nitrate reductase (quinone)	taxID:2749084
A0A851H688	unreviewed	nitrate reductase (quinone)	taxID:2748078
A0A851HVM6	unreviewed	nitrate reductase (quinone)	taxID:1033846
A0A852UTX4	unreviewed	Nitrate reductase alpha subunit	taxID:1260955
A0A852VV08	unreviewed	nitrate reductase (quinone)	taxID:1285192
A0A852WRZ9	unreviewed	nitrate reductase (quinone)	taxID:286438
A0A852XJ60	unreviewed	nitrate reductase (quinone)	taxID:1069963
A0A853AV27	unreviewed	Nitrate reductase alpha subunit	taxID:1838
A0A853EGM0	unreviewed	nitrate reductase (quinone)	taxID:131109
A0A853EYS8	unreviewed	nitrate reductase (quinone)	taxID:60922
A0A853F8G9	unreviewed	nitrate reductase (quinone)	taxID:659016
A0A853FTI9	unreviewed	nitrate reductase (quinone)	taxID:380911
A0A853G5B7	unreviewed	nitrate reductase (quinone)	taxID:2738853
A0A853GG34	unreviewed	nitrate reductase (quinone)	taxID:2021368
A0A853GH94	unreviewed	nitrate reductase (quinone)	taxID:2021368
A0A853HWA3	unreviewed	nitrate reductase (quinone)	taxID:2994442
A0A853KDW9	unreviewed	nitrate reductase (quinone)	taxID:1765683
A0A853L3H3	unreviewed	nitrate reductase (quinone)	taxID:1177930
A0A853LUJ7	unreviewed	Nitrate reductase alpha subunit	taxID:339268
A0A853T1F0	unreviewed	nitrate reductase (quinone)	taxID:1537274
A0A853V0K4	unreviewed	nitrate reductase (quinone)	taxID:1715188
A0A853XJV0	unreviewed	nitrate reductase (quinone)	taxID:1866312
A0A854D565	unreviewed	nitrate reductase (quinone)	taxID:1655
A0A854DS74	unreviewed	nitrate reductase (quinone)	taxID:1663558
A0A854NHL1	unreviewed	nitrate reductase (quinone)	taxID:1806053
A0A855EKA2	unreviewed	nitrate reductase (quinone)	taxID:83655
A0A855F3D4	unreviewed	nitrate reductase (quinone)	taxID:54291
A0A855FFP4	unreviewed	nitrate reductase (quinone)	taxID:54291
A0A855FQB8	unreviewed	nitrate reductase (quinone)	taxID:1196083
A0A855H0L4	unreviewed	nitrate reductase (quinone)	taxID:69966
A0A855KME2	unreviewed	nitrate reductase (quinone)	taxID:2070600
A0A855VUN3	unreviewed	nitrate reductase (quinone)	taxID:158836
A0A857A4N0	unreviewed	nitrate reductase (quinone)	taxID:1660
A0A857ME58	unreviewed	nitrate reductase (quinone)	taxID:36821
A0A858MDE4	unreviewed	nitrate reductase (quinone)	taxID:257985
A0A858ZP94	unreviewed	nitrate reductase (quinone)	taxID:179636
A0A892IGW0	unreviewed	nitrate reductase (quinone)	taxID:152500
A0A892ZEB0	unreviewed	nitrate reductase (quinone)	taxID:2809020
A0A894KMB6	unreviewed	nitrate reductase (quinone)	taxID:1869227
A0A894Z0L1	unreviewed	nitrate reductase (quinone)	taxID:1206749
A0A8A1V0X4	unreviewed	nitrate reductase (quinone)	taxID:1265868
A0A8A1V3W7	unreviewed	nitrate reductase (quinone)	taxID:1265868
A0A8A4EMF4	unreviewed	nitrate reductase (quinone)	taxID:28450
A0A8B0SMC5	unreviewed	nitrate reductase (quinone)	taxID:111770
A0A8B2SCX1	unreviewed	nitrate reductase (quinone)	taxID:2259496
A0A8B2SDR1	unreviewed	nitrate reductase (quinone)	taxID:2259496
A0A8B2VIW3	unreviewed	nitrate reductase (quinone)	taxID:1747
A0A8B2Y1T5	unreviewed	nitrate reductase (quinone)	taxID:2293101
A0A8B2Y431	unreviewed	nitrate reductase (quinone)	taxID:2293101
A0A8B2ZJM6	unreviewed	nitrate reductase (quinone)	taxID:1292
A0A8B3F830	unreviewed	nitrate reductase (quinone)	taxID:1905730
A0A8B3FRI4	unreviewed	nitrate reductase (quinone)	taxID:119981
A0A8B3JLQ9	unreviewed	nitrate reductase (quinone)	taxID:2497435
A0A8B3KHW9	unreviewed	nitrate reductase (quinone)	taxID:624
A0A8B3KJX7	unreviewed	nitrate reductase (quinone)	taxID:624
A0A8B4G6N3	unreviewed	nitrate reductase (quinone)	taxID:539
A0A8B4GPU8	unreviewed	nitrate reductase (quinone)	taxID:1938820
A0A8B4TND9	unreviewed	nitrate reductase (quinone)	taxID:2026240
A0A8B5PYR5	unreviewed	nitrate reductase (quinone)	taxID:1871066
A0A8B6IJX8	unreviewed	nitrate reductase (quinone)	taxID:2489010
A0A8B6IKP8	unreviewed	nitrate reductase (quinone)	taxID:2489010
A0A8B6M4U4	unreviewed	nitrate reductase (quinone)	taxID:227605
A0A8B6UJC5	unreviewed	nitrate reductase (quinone)	taxID:47879
A0A8D3XZN8	unreviewed	nitrate reductase (quinone)	taxID:1123016
A0A8D4VNL2	unreviewed	nitrate reductase (quinone)	taxID:1295382
A0A8D6T0S3	unreviewed	nitrate reductase (quinone)	taxID:573
A0A8D9VUG8	unreviewed	nitrate reductase (quinone)	taxID:525341
A0A8E0FLE1	unreviewed	nitrate reductase (quinone)	taxID:869670
A0A8E0FR46	unreviewed	nitrate reductase (quinone)	taxID:869670
A0A8E0S888	unreviewed	nitrate reductase (quinone)	taxID:2597344
A0A8E1RV51	unreviewed	nitrate reductase (quinone)	taxID:1736698
A0A8E1V6Y8	unreviewed	nitrate reductase (quinone)	taxID:1736698
A0A8E2A3B1	unreviewed	nitrate reductase (quinone)	taxID:879969
A0A8E2H9I3	unreviewed	nitrate reductase (quinone)	taxID:1895900
A0A8E2I9E1	unreviewed	nitrate reductase (quinone)	taxID:38875
A0A8E2LPL3	unreviewed	Nitrate reductase alpha subunit	taxID:1487726
A0A8E2U416	unreviewed	nitrate reductase (quinone)	taxID:316
A0A8E4RE33	unreviewed	Nitrate reductase alpha subunit	taxID:1226753
A0A8E5IJE5	unreviewed	nitrate reductase (quinone)	taxID:2564349
A0A8E5JG36	unreviewed	nitrate reductase (quinone)	taxID:887070
A0A8E5JHQ6	unreviewed	nitrate reductase (quinone)	taxID:887070
A0A8E5MWC8	unreviewed	nitrate reductase (quinone)	taxID:2564349
A0A8E5TTE5	unreviewed	nitrate reductase (quinone)	taxID:2833772
A0A8E5TV84	unreviewed	nitrate reductase (quinone)	taxID:2833772
A0A8E5U0C6	unreviewed	nitrate reductase (quinone)	taxID:2833771
A0A8E5U2A3	unreviewed	nitrate reductase (quinone)	taxID:2833771
A0A8E6ILI3	unreviewed	nitrate reductase (quinone)	taxID:59202
A0A8E6ILW6	unreviewed	nitrate reductase (quinone)	taxID:59202
A0A8E6JC85	unreviewed	nitrate reductase (quinone)	taxID:1299166
A0A8E6JEL4	unreviewed	nitrate reductase (quinone)	taxID:1299166
A0A8E6JJI4	unreviewed	nitrate reductase (quinone)	taxID:1299111
A0A8E6JSX4	unreviewed	nitrate reductase (quinone)	taxID:90371
A0A8E6K3N2	unreviewed	nitrate reductase (quinone)	taxID:1299078
A0A8E6KKH3	unreviewed	nitrate reductase (quinone)	taxID:1299077
A0A8E6KMU6	unreviewed	nitrate reductase (quinone)	taxID:1299077
A0A8E6KNX8	unreviewed	nitrate reductase (quinone)	taxID:1299076
A0A8E6KSH9	unreviewed	nitrate reductase (quinone)	taxID:1299076
A0A8E6N5S7	unreviewed	nitrate reductase (quinone)	taxID:1299111
A0A8E6NPF5	unreviewed	nitrate reductase (quinone)	taxID:1299078
A0A8E6Q8W3	unreviewed	nitrate reductase (quinone)	taxID:28901
A0A8E6QMR2	unreviewed	nitrate reductase (quinone)	taxID:28901
A0A8E6RSS0	unreviewed	nitrate reductase (quinone)	taxID:2565017
A0A8E6RT33	unreviewed	nitrate reductase (quinone)	taxID:2565017
A0A8E6S4B6	unreviewed	nitrate reductase (quinone)	taxID:2577901
A0A8E6S4N9	unreviewed	nitrate reductase (quinone)	taxID:2577901
A0A8E6SJK1	unreviewed	nitrate reductase (quinone)	taxID:28901
A0A8E6SJR5	unreviewed	nitrate reductase (quinone)	taxID:28901
A0A8E6T002	unreviewed	nitrate reductase (quinone)	taxID:57045
A0A8E6T0G1	unreviewed	nitrate reductase (quinone)	taxID:57045
A0A8E6U0A4	unreviewed	nitrate reductase (quinone)	taxID:143221
A0A8E6U9Z7	unreviewed	nitrate reductase (quinone)	taxID:143221
A0A8E6X4W5	unreviewed	nitrate reductase (quinone)	taxID:28901
A0A8E6XA71	unreviewed	nitrate reductase (quinone)	taxID:605
A0A8E7K4B9	unreviewed	nitrate reductase (quinone)	taxID:28901
A0A8E7QPC4	unreviewed	nitrate reductase (quinone)	taxID:593905
A0A8E7QPN9	unreviewed	nitrate reductase (quinone)	taxID:593905
A0A8E7VCT8	unreviewed	nitrate reductase (quinone)	taxID:286782
A0A8E7VEF8	unreviewed	nitrate reductase (quinone)	taxID:286782
A0A8E9PRR2	unreviewed	nitrate reductase (quinone)	taxID:28901
A0A8E9PVA2	unreviewed	nitrate reductase (quinone)	taxID:28901
A0A8E9SFX4	unreviewed	nitrate reductase (quinone)	taxID:59201
A0A8E9VIJ3	unreviewed	nitrate reductase (quinone)	taxID:59201
A0A8E9YB13	unreviewed	nitrate reductase (quinone)	taxID:1173779
A0A8E9YPG8	unreviewed	nitrate reductase (quinone)	taxID:913074
A0A8E9YQF2	unreviewed	nitrate reductase (quinone)	taxID:913074
A0A8E9Z831	unreviewed	nitrate reductase (quinone)	taxID:28901
A0A8F2UTB0	unreviewed	nitrate reductase (quinone)	taxID:1430436
A0A8F2UTP1	unreviewed	nitrate reductase (quinone)	taxID:1430436
A0A8F4Y3E7	unreviewed	nitrate reductase (quinone)	taxID:224729
A0A8F5AYQ6	unreviewed	nitrate reductase (quinone)	taxID:224729
A0A8F5BVU4	unreviewed	nitrate reductase (quinone)	taxID:2286
A0A8F5N723	unreviewed	nitrate reductase (quinone)	taxID:59204
A0A8F6NED8	unreviewed	nitrate reductase (quinone)	taxID:59201
A0A8F6NTG9	unreviewed	nitrate reductase (quinone)	taxID:59201
A0A8F6RMC5	unreviewed	nitrate reductase (quinone)	taxID:59201
A0A8F6SB73	unreviewed	nitrate reductase (quinone)	taxID:59201
A0A8F6SC38	unreviewed	nitrate reductase (quinone)	taxID:59201
A0A8F6SL08	unreviewed	nitrate reductase (quinone)	taxID:59201
A0A8F6SLE4	unreviewed	nitrate reductase (quinone)	taxID:59201
A0A8F6XTQ7	unreviewed	nitrate reductase (quinone)	taxID:59201
A0A8F7N8G5	unreviewed	nitrate reductase (quinone)	taxID:59203
A0A8F7U6P4	unreviewed	nitrate reductase (quinone)	taxID:28901
A0A8F7UU93	unreviewed	nitrate reductase (quinone)	taxID:59202
A0A8F7V683	unreviewed	nitrate reductase (quinone)	taxID:59202
A0A8F7YCJ5	unreviewed	nitrate reductase (quinone)	taxID:59202
A0A8F7YFA6	unreviewed	nitrate reductase (quinone)	taxID:59202
A0A8F7YPZ9	unreviewed	nitrate reductase (quinone)	taxID:59202
A0A8F8FNX9	unreviewed	nitrate reductase (quinone)	taxID:54736
A0A8F8FPH7	unreviewed	nitrate reductase (quinone)	taxID:54736
A0A8F9GVG6	unreviewed	nitrate reductase (quinone)	taxID:562
A0A8G0B4C5	unreviewed	nitrate reductase (quinone)	taxID:28901
A0A8G1X2W3	unreviewed	nitrate reductase (quinone)	taxID:2292262
A0A8G1ZLR3	unreviewed	nitrate reductase (quinone)	taxID:1132417
A0A8G2E6X4	unreviewed	Nitrate reductase alpha subunit	taxID:1886
A0A8G2E7B8	unreviewed	nitrate reductase (quinone)	taxID:575
A0A8G2I005	unreviewed	nitrate reductase (quinone)	taxID:1280
A0A8H1QND1	unreviewed	Nitrate reductase alpha subunit	taxID:1888
A0A8H1QSP9	unreviewed	nitrate reductase (quinone)	taxID:1888
A0A8H8XAU0	unreviewed	nitrate reductase (quinone)	taxID:2360
A0A8H8Z8F3	unreviewed	nitrate reductase (quinone)	taxID:623
A0A8H9AFS6	unreviewed	nitrate reductase (quinone)	taxID:621
A0A8H9DCS6	unreviewed	nitrate reductase (quinone)	taxID:623
A0A8H9DY99	unreviewed	nitrate reductase (quinone)	taxID:621
A0A8H9FV30	unreviewed	nitrate reductase (quinone)	taxID:913969
A0A8H9LI73	unreviewed	4Fe-4S Mo/W bis-MGD-type domain-containing protein	taxID:1960083
A0A8H9NUX7	unreviewed	nitrate reductase (quinone)	taxID:67824
A0A8H9QAF6	unreviewed	nitrate reductase (quinone)	taxID:546
A0A8H9TXC8	unreviewed	nitrate reductase (quinone)	taxID:67824
A0A8H9ULS6	unreviewed	nitrate reductase (quinone)	taxID:546
A0A8H9XQL9	unreviewed	nitrate reductase (quinone)	taxID:562
A0A8H9YQZ7	unreviewed	nitrate reductase (quinone)	taxID:2745518
A0A8I0C878	unreviewed	nitrate reductase (quinone)	taxID:1871053
A0A8I0EUU1	unreviewed	Nitrate reductase alpha subunit	taxID:2663859
A0A8I0FSB3	unreviewed	Nitrate reductase alpha subunit	taxID:375541
A0A8I0G5R7	unreviewed	nitrate reductase (quinone)	taxID:57706
A0A8I0GBD1	unreviewed	nitrate reductase (quinone)	taxID:2692125
A0A8I0JLQ3	unreviewed	nitrate reductase (quinone)	taxID:2769279
A0A8I0LCL6	unreviewed	nitrate reductase (quinone)	taxID:2762214
A0A8I0N150	unreviewed	nitrate reductase (quinone)	taxID:529
A0A8I0T1K5	unreviewed	nitrate reductase (quinone)	taxID:35703
A0A8I1GB01	unreviewed	nitrate reductase (quinone)	taxID:86102
A0A8I1J5S7	unreviewed	nitrate reductase (quinone)	taxID:1406
A0A8I1JBN2	unreviewed	nitrate reductase (quinone)	taxID:76760
A0A8I1JF90	unreviewed	nitrate reductase (quinone)	taxID:76760
A0A8I1K9P4	unreviewed	nitrate reductase (quinone)	taxID:61645
A0A8I1KR11	unreviewed	nitrate reductase (quinone)	taxID:2794590
A0A8I1LR08	unreviewed	nitrate reductase (quinone)	taxID:1406
A0A8I1M687	unreviewed	nitrate reductase (quinone)	taxID:732237
A0A8I1N0Z6	unreviewed	nitrate reductase (quinone)	taxID:426114
A0A8I1NCK4	unreviewed	nitrate reductase (quinone)	taxID:924
A0A8I1P8N3	unreviewed	nitrate reductase (quinone)	taxID:1909294
A0A8I1P931	unreviewed	nitrate reductase (quinone)	taxID:1909294
A0A8I1PDE1	unreviewed	Nitrate reductase alpha subunit	taxID:60912
A0A8I1Q1I1	unreviewed	nitrate reductase (quinone)	taxID:51671
A0A8I1QS42	unreviewed	nitrate reductase (quinone)	taxID:1904254
A0A8I1RQK2	unreviewed	nitrate reductase (quinone)	taxID:1871052
A0A8I1S7X9	unreviewed	Nitrate reductase alpha subunit	taxID:1883427
A0A8I1SC36	unreviewed	nitrate reductase (quinone)	taxID:1872122
A0A8I1T0D5	unreviewed	nitrate reductase (quinone)	taxID:924
A0A8I1T707	unreviewed	Nitrate reductase alpha subunit	taxID:1909295
A0A8I1UI99	unreviewed	nitrate reductase (quinone)	taxID:1891238
A0A8I1UU72	unreviewed	nitrate reductase (quinone)	taxID:1913988
A0A8I1WS19	unreviewed	nitrate reductase (quinone)	taxID:1912094
A0A8I2AEW4	unreviewed	nitrate reductase (quinone)	taxID:2027290
A0A8I2B787	unreviewed	nitrate reductase (quinone)	taxID:1423
A0A8I2C019	unreviewed	nitrate reductase (quinone)	taxID:2806598
A0A8I2C3U3	unreviewed	nitrate reductase (quinone)	taxID:29448
A0A8I2E1C7	unreviewed	Nitrate reductase alpha subunit	taxID:1115510
A0A8J2YKP8	unreviewed	nitrate reductase (quinone)	taxID:1707096
A0A8J2ZT72	unreviewed	nitrate reductase (quinone)	taxID:1245525
A0A8J3AZD7	unreviewed	nitrate reductase (quinone)	taxID:69280
A0A8J3B6V5	unreviewed	4Fe-4S Mo/W bis-MGD-type domain-containing protein	taxID:373054
A0A8J3BNC7	unreviewed	4Fe-4S Mo/W bis-MGD-type domain-containing protein	taxID:53372
A0A8J3E7K5	unreviewed	nitrate reductase (quinone)	taxID:1867774
A0A8J3EBX7	unreviewed	nitrate reductase (quinone)	taxID:2041189
A0A8J3NMA7	unreviewed	nitrate reductase (quinone)	taxID:310355
A0A8J3Q591	unreviewed	nitrate reductase (quinone)	taxID:1392758
A0A8J3QD65	unreviewed	Nitrate reductase alpha subunit	taxID:1392758
A0A8J3S055	unreviewed	Nitrate reductase alpha subunit	taxID:28887
A0A8J3S8X7	unreviewed	Nitrate reductase alpha subunit	taxID:35762
A0A8J3SNB3	unreviewed	Nitrate reductase alpha subunit	taxID:936338
A0A8J3T2X9	unreviewed	Nitrate reductase alpha subunit	taxID:1367882
A0A8J3VG85	unreviewed	nitrate reductase (quinone)	taxID:1392758
A0A8J3VZK3	unreviewed	Nitrate reductase alpha subunit	taxID:795644
A0A8J3Z922	unreviewed	Nitrate reductase alpha subunit	taxID:175570
A0A8J4A4L1	unreviewed	Nitrate reductase alpha subunit	taxID:65505
A0A8J4AEY8	unreviewed	nitrate reductase (quinone)	taxID:2807577
A0A8J6NLS7	unreviewed	nitrate reductase (quinone)	taxID:2841698
A0A8J6NYW4	unreviewed	nitrate reductase (quinone)	taxID:2841688
A0A8J6PQN0	unreviewed	Nitrate reductase (quinone)	taxID:2768362
A0A8J7CWE3	unreviewed	nitrate reductase (quinone)	taxID:1220600
A0A8J7FPQ8	unreviewed	nitrate reductase (quinone)	taxID:2866724
A0A8J7IRZ7	unreviewed	nitrate reductase (quinone)	taxID:2761955
A0A8J7K158	unreviewed	nitrate reductase (quinone)	taxID:2866724
A0A8J7K8K9	unreviewed	nitrate reductase (quinone)	taxID:2781979
A0A8J7M1V1	unreviewed	nitrate reductase (quinone)	taxID:2798584
A0A8J7N369	unreviewed	nitrate reductase (quinone)	taxID:2589116
A0A8J7PA70	unreviewed	nitrate reductase (quinone)	taxID:1906157
A0A8J7SYD0	unreviewed	nitrate reductase (quinone)	taxID:2589116
A0A8J7WF33	unreviewed	nitrate reductase (quinone)	taxID:2827239
A0A8J7WSN9	unreviewed	Nitrate reductase alpha subunit	taxID:977794
A0A8J7WTZ3	unreviewed	Nitrate reductase alpha subunit	taxID:977794
A0A8J8ATM0	unreviewed	nitrate reductase (quinone)	taxID:2811411
A0A8J8GH58	unreviewed	nitrate reductase (quinone)	taxID:2741433
A0A8J8GHW7	unreviewed	nitrate reductase (quinone)	taxID:2741433
A0A8J8JXR8	unreviewed	4Fe-4S Mo/W bis-MGD-type domain-containing protein	taxID:2685872
A0A8J8KCJ7	unreviewed	nitrate reductase (quinone)	taxID:2741433
A0A8K0UZS5	unreviewed	nitrate reductase (quinone)	taxID:2799638
A0A8K0XWL6	unreviewed	nitrate reductase (quinone)	taxID:2799638
A0A8S0WF62	unreviewed	nitrate reductase (quinone)	taxID:1561005
A0A8S1I824	unreviewed	nitrate reductase (quinone)	taxID:1280
A0A8S7B289	unreviewed	nitrate reductase (quinone)	taxID:562
A0A8S7BG42	unreviewed	nitrate reductase (quinone)	taxID:562
A0A8S7C1N3	unreviewed	nitrate reductase (quinone)	taxID:562
A0A8S7CVG5	unreviewed	nitrate reductase (quinone)	taxID:562
A0A8S7EGN3	unreviewed	nitrate reductase (quinone)	taxID:562
A0A8S7EQM8	unreviewed	nitrate reductase (quinone)	taxID:562
A0A8S7FIQ4	unreviewed	nitrate reductase (quinone)	taxID:562
A0A8S7L653	unreviewed	nitrate reductase (quinone)	taxID:562
A0A8S7LDZ6	unreviewed	nitrate reductase (quinone)	taxID:562
A0A8S7QNH1	unreviewed	nitrate reductase (quinone)	taxID:562
A0A8S7Y5B6	unreviewed	nitrate reductase (quinone)	taxID:562
A0A8T3PSJ7	unreviewed	nitrate reductase (quinone)	taxID:1913989
A0A8T4IPK1	unreviewed	Nitrate reductase alpha subunit	taxID:299421
A0A8T5EKC2	unreviewed	nitrate reductase (quinone)	taxID:2026739
A0A8T5WDL1	unreviewed	nitrate reductase (quinone)	taxID:562
A0A8T6BEZ1	unreviewed	nitrate reductase (quinone)	taxID:562
A0A8T6HV55	unreviewed	nitrate reductase (quinone)	taxID:1913989
A0A8T7FGZ1	unreviewed	nitrate reductase (quinone)	taxID:2026724
A0A8T7FIG3	unreviewed	nitrate reductase (quinone)	taxID:2026724
A0A8T7FUK6	unreviewed	nitrate reductase (quinone)	taxID:2026724
A0A8T8I6M0	unreviewed	Nitrate reductase alpha subunit	taxID:173560
A0A8T9IPE7	unreviewed	nitrate reductase (quinone)	taxID:2926665
A0A8T9IQA7	unreviewed	nitrate reductase (quinone)	taxID:2926665
A0A8T9ZH84	unreviewed	nitrate reductase (quinone)	taxID:2933563
A0A8X6FDP4	unreviewed	nitrate reductase (quinone)	taxID:909945
A0A8X6JYS0	unreviewed	nitrate reductase (quinone)	taxID:909945
A0A8X8FYQ0	unreviewed	nitrate reductase (quinone)	taxID:1282
A0A8X8KI07	unreviewed	nitrate reductase (quinone)	taxID:1290
A0A916C4C7	unreviewed	nitrate reductase (quinone)	taxID:1913989
A0A916C9J1	unreviewed	nitrate reductase (quinone)	taxID:2052143
A0A916DHC8	unreviewed	nitrate reductase (quinone)	taxID:2030816
A0A916EQQ0	unreviewed	nitrate reductase (quinone)	taxID:2772301
A0A916GZG7	unreviewed	nitrate reductase (quinone)	taxID:2021391
A0A916J878	unreviewed	nitrate reductase (quinone)	taxID:424218
A0A916MV85	unreviewed	Nitrate reductase	taxID:2030806
A0A916N9R5	unreviewed	nitrate reductase (quinone)	taxID:424218
A0A916ND00	unreviewed	nitrate reductase (quinone)	taxID:1462994
A0A916S8Z2	unreviewed	nitrate reductase (quinone)	taxID:1963359
A0A916SAB7	unreviewed	nitrate reductase (quinone)	taxID:1614635
A0A916T7K1	unreviewed	nitrate reductase (quinone)	taxID:1849103
A0A916WA47	unreviewed	nitrate reductase (quinone)	taxID:1274357
A0A916X9D3	unreviewed	Nitrate reductase alpha subunit	taxID:1755582
A0A917CDE8	unreviewed	nitrate reductase (quinone)	taxID:1446479
A0A917F6Y5	unreviewed	nitrate reductase (quinone)	taxID:980631
A0A917F8Q9	unreviewed	nitrate reductase (quinone)	taxID:1195761
A0A917FV29	unreviewed	nitrate reductase (quinone)	taxID:2041023
A0A917H314	unreviewed	nitrate reductase (quinone)	taxID:1479511
A0A917HNP3	unreviewed	nitrate reductase (quinone)	taxID:1479511
A0A917IPM8	unreviewed	nitrate reductase (quinone)	taxID:1812262
A0A917KEV7	unreviewed	nitrate reductase (quinone)	taxID:287609
A0A917N8S2	unreviewed	Nitrate reductase alpha subunit	taxID:1530170
A0A917NEF9	unreviewed	Nitrate reductase alpha subunit	taxID:1954
A0A917NVH2	unreviewed	Nitrate reductase alpha subunit	taxID:1954
A0A917PN29	unreviewed	nitrate reductase (quinone)	taxID:340214
A0A917QII3	unreviewed	nitrate reductase (quinone)	taxID:690164
A0A917R000	unreviewed	Nitrate reductase alpha subunit	taxID:321316
A0A917RIW5	unreviewed	Nitrate reductase alpha subunit	taxID:382504
A0A917RS12	unreviewed	Nitrate reductase alpha subunit	taxID:382504
A0A917V796	unreviewed	Nitrate reductase alpha subunit	taxID:1616106
A0A917V9B8	unreviewed	nitrate reductase (quinone)	taxID:690164
A0A917Z1R5	unreviewed	nitrate reductase (quinone)	taxID:502051
A0A917Z7F6	unreviewed	nitrate reductase (quinone)	taxID:518897
A0A917Z8X0	unreviewed	Nitrate reductase alpha subunit	taxID:2045107
A0A917ZGB6	unreviewed	nitrate reductase (quinone)	taxID:2045107
A0A918D9G2	unreviewed	Nitrate reductase alpha subunit	taxID:1623582
A0A918E345	unreviewed	Nitrate reductase alpha subunit	taxID:2047744
A0A918FQH3	unreviewed	Nitrate reductase alpha subunit	taxID:52259
A0A918GC82	unreviewed	Nitrate reductase alpha subunit	taxID:1816
A0A918GJ11	unreviewed	Nitrate reductase alpha subunit	taxID:68243
A0A918J4W7	unreviewed	Nitrate reductase alpha subunit	taxID:1306176
A0A918KKW6	unreviewed	nitrate reductase (quinone)	taxID:418750
A0A918KYX0	unreviewed	Nitrate reductase alpha subunit	taxID:66870
A0A918M076	unreviewed	Nitrate reductase alpha subunit	taxID:68254
A0A918MQS3	unreviewed	Nitrate reductase alpha subunit	taxID:1306176
A0A918PCF1	unreviewed	Nitrate reductase alpha subunit	taxID:68255
A0A918RDP3	unreviewed	Nitrate reductase alpha subunit	taxID:68898
A0A918UGK8	unreviewed	Nitrate reductase alpha subunit	taxID:68255
A0A918VCT3	unreviewed	Nitrate reductase alpha subunit	taxID:68898
A0A918WKU6	unreviewed	nitrate reductase (quinone)	taxID:875041
A0A918X0G3	unreviewed	nitrate reductase (quinone)	taxID:67296
A0A918XJJ8	unreviewed	4Fe-4S Mo/W bis-MGD-type domain-containing protein	taxID:141693
A0A918XWV9	unreviewed	nitrate reductase (quinone)	taxID:1633335
A0A918XZM8	unreviewed	nitrate reductase (quinone)	taxID:1306179
A0A918Y4F6	unreviewed	Nitrate reductase alpha subunit	taxID:1306179
A0A918ZUC4	unreviewed	nitrate reductase (quinone)	taxID:68230
A0A919AVE9	unreviewed	Nitrate reductase alpha subunit	taxID:67302
A0A919CWD8	unreviewed	Nitrate reductase alpha subunit	taxID:1306179
A0A919DG79	unreviewed	Nitrate reductase alpha subunit	taxID:2014920
A0A919DY43	unreviewed	nitrate reductase (quinone)	taxID:67302
A0A919E5U7	unreviewed	nitrate reductase (quinone)	taxID:1735581
A0A919ELK4	unreviewed	nitrate reductase (quinone)	taxID:1673741
A0A919HRD1	unreviewed	4Fe-4S Mo/W bis-MGD-type domain-containing protein	taxID:573
A0A919IMC6	unreviewed	nitrate reductase (quinone)	taxID:52696
A0A919JV80	unreviewed	Nitrate reductase alpha subunit	taxID:135950
A0A919K7K2	unreviewed	Nitrate reductase	taxID:1050105
A0A919LEC4	unreviewed	Nitrate reductase alpha subunit	taxID:67385
A0A919MRI5	unreviewed	nitrate reductase (quinone)	taxID:135950
A0A919NVU7	unreviewed	Nitrate reductase alpha subunit	taxID:571912
A0A919P754	unreviewed	Nitrate reductase alpha subunit	taxID:398759
A0A919U1S6	unreviewed	nitrate reductase (quinone)	taxID:398759
A0A919VWN6	unreviewed	4Fe-4S Mo/W bis-MGD-type domain-containing protein	taxID:47988
A0A919XKC4	unreviewed	nitrate reductase (quinone)	taxID:2716884
A0A919XVP7	unreviewed	nitrate reductase (quinone)	taxID:1274374
A0A919YCB6	unreviewed	nitrate reductase (quinone)	taxID:116718
A0A919ZH81	unreviewed	nitrate reductase (quinone)	taxID:2807196
A0A920CPB6	unreviewed	nitrate reductase (quinone)	taxID:1792174
A0A921FPY2	unreviewed	nitrate reductase (quinone)	taxID:1837282
A0A921GMD5	unreviewed	nitrate reductase (quinone)	taxID:173362
A0A921MDV1	unreviewed	nitrate reductase (quinone)	taxID:1033736
A0A921SX40	unreviewed	4Fe-4S Mo/W bis-MGD-type domain-containing protein	taxID:1755098
A0A922VP62	unreviewed	nitrate reductase (quinone)	taxID:1062
A0A923C961	unreviewed	4Fe-4S Mo/W bis-MGD-type domain-containing protein	taxID:1871071
A0A923DBJ0	unreviewed	nitrate reductase (quinone)	taxID:1965233
A0A923E435	unreviewed	nitrate reductase (quinone)	taxID:29316
A0A923FCP9	unreviewed	nitrate reductase (quinone)	taxID:2745496
A0A923FK80	unreviewed	nitrate reductase (quinone)	taxID:2745500
A0A923KTD6	unreviewed	nitrate reductase (quinone)	taxID:2762298
A0A924C4E1	unreviewed	4Fe-4S Mo/W bis-MGD-type domain-containing protein	taxID:1926289
A0A924EU58	unreviewed	Nitrate reductase alpha subunit	taxID:2728912
A0A924IYI6	unreviewed	4Fe-4S Mo/W bis-MGD-type domain-containing protein	taxID:2728912
A0A924JUS2	unreviewed	nitrate reductase (quinone)	taxID:1871063
A0A924PZX3	unreviewed	Nitrate reductase subunit alpha	taxID:50421
A0A925DGK4	unreviewed	nitrate reductase (quinone)	taxID:2030806
A0A925PJ16	unreviewed	nitrate reductase (quinone)	taxID:1917525
A0A926K015	unreviewed	nitrate reductase (quinone)	taxID:2766778
A0A926KFT4	unreviewed	nitrate reductase (quinone)	taxID:2770551
A0A926L1F1	unreviewed	Nitrate reductase alpha subunit	taxID:2752516
A0A926L888	unreviewed	Nitrate reductase alpha subunit	taxID:2752516
A0A926LMC5	unreviewed	Nitrate reductase alpha subunit	taxID:2758412
A0A926NUJ9	unreviewed	nitrate reductase (quinone)	taxID:187304
A0A927PMG1	unreviewed	Nitrate reductase alpha subunit	taxID:2742202
A0A927QIH3	unreviewed	Nitrate reductase alpha subunit	taxID:2746961
A0A927R7C2	unreviewed	nitrate reductase (quinone)	taxID:34101
A0A927WMW7	unreviewed	nitrate reductase (quinone)	taxID:971
A0A928HXH5	unreviewed	nitrate reductase (quinone)	taxID:1898202
A0A928XR34	unreviewed	nitrate reductase (quinone)	taxID:2268199
A0A928Y3J9	unreviewed	nitrate reductase (quinone)	taxID:1891238
A0A929BDW0	unreviewed	Nitrate reductase alpha subunit	taxID:2781240
A0A929ER91	unreviewed	4Fe-4S Mo/W bis-MGD-type domain-containing protein	taxID:1977087
A0A929I994	unreviewed	nitrate reductase (quinone)	taxID:1977087
A0A929RP21	unreviewed	nitrate reductase (quinone)	taxID:1852361
A0A929ZES2	unreviewed	nitrate reductase (quinone)	taxID:2691890
A0A930BQH2	unreviewed	nitrate reductase (quinone)	taxID:73030
A0A930KSL0	unreviewed	nitrate reductase (quinone)	taxID:2047
A0A930L364	unreviewed	nitrate reductase (quinone)	taxID:43675
A0A930LBW0	unreviewed	nitrate reductase (quinone)	taxID:43675
A0A930LI66	unreviewed	nitrate reductase (quinone)	taxID:1885016
A0A930LV49	unreviewed	nitrate reductase (quinone)	taxID:43675
A0A930M873	unreviewed	nitrate reductase (quinone)	taxID:1885016
A0A930M9H1	unreviewed	Nitrate reductase subunit alpha	taxID:2053611
A0A930M9X6	unreviewed	4Fe-4S Mo/W bis-MGD-type domain-containing protein	taxID:2053611
A0A930PNK4	unreviewed	nitrate reductase (quinone)	taxID:43675
A0A930Q7L7	unreviewed	nitrate reductase (quinone)	taxID:43675
A0A930QAC7	unreviewed	nitrate reductase (quinone)	taxID:2053611
A0A930QGL0	unreviewed	nitrate reductase (quinone)	taxID:2053611
A0A930QKX5	unreviewed	nitrate reductase (quinone)	taxID:2053611
A0A930RDL4	unreviewed	Nitrate reductase subunit alpha	taxID:2053611
A0A930VMV8	unreviewed	Nitrate reductase alpha subunit	taxID:433664
A0A930YDD7	unreviewed	Nitrate reductase alpha subunit	taxID:433663
A0A930ZGD2	unreviewed	nitrate reductase (quinone)	taxID:2614257
A0A931CPG0	unreviewed	Nitrate reductase alpha subunit	taxID:2935737
A0A931EPB2	unreviewed	nitrate reductase (quinone)	taxID:2023870
A0A931F3P3	unreviewed	nitrate reductase (quinone)	taxID:1187855
A0A931HGQ1	unreviewed	Nitrate reductase alpha subunit	taxID:2789880
A0A931I7H7	unreviewed	nitrate reductase (quinone)	taxID:2785916
A0A931ITX3	unreviewed	nitrate reductase (quinone)	taxID:2795030
A0A931KX48	unreviewed	Nitrate reductase alpha subunit	taxID:1909291
A0A931PE30	unreviewed	Nitrate reductase alpha subunit	taxID:1909291
A0A931THP4	unreviewed	nitrate reductase (quinone)	taxID:1978231
A0A931XEY9	unreviewed	nitrate reductase (quinone)	taxID:2044941
A0A932ATA6	unreviewed	nitrate reductase (quinone)	taxID:1909294
A0A932BD63	unreviewed	nitrate reductase (quinone)	taxID:1891238
A0A932CFR2	unreviewed	nitrate reductase (quinone)	taxID:2026724
A0A932CUS7	unreviewed	nitrate reductase (quinone)	taxID:2026735
A0A932GYN3	unreviewed	nitrate reductase (quinone)	taxID:1891241
A0A932MI19	unreviewed	nitrate reductase (quinone)	taxID:2049428
A0A932RUF2	unreviewed	nitrate reductase (quinone)	taxID:1978231
A0A932RYI9	unreviewed	nitrate reductase (quinone)	taxID:1891238
A0A932W6N6	unreviewed	Nitrate reductase alpha subunit	taxID:2900548
A0A932WEC5	unreviewed	nitrate reductase (quinone)	taxID:2026735
A0A932Z491	unreviewed	4Fe-4S Mo/W bis-MGD-type domain-containing protein	taxID:2026724
A0A932ZAY0	unreviewed	nitrate reductase (quinone)	taxID:1891241
A0A933AW90	unreviewed	nitrate reductase (quinone)	taxID:2026724
A0A933BB00	unreviewed	4Fe-4S Mo/W bis-MGD-type domain-containing protein	taxID:2030800
A0A933BW52	unreviewed	nitrate reductase (quinone)	taxID:2026742
A0A933C8I3	unreviewed	4Fe-4S Mo/W bis-MGD-type domain-containing protein	taxID:2049428
A0A933JRH6	unreviewed	4Fe-4S Mo/W bis-MGD-type domain-containing protein	taxID:2026735
A0A933L1P6	unreviewed	nitrate reductase (quinone)	taxID:1228055
A0A933PA56	unreviewed	Nitrate reductase alpha subunit	taxID:2900548
A0A933RE53	unreviewed	Nitrate reductase subunit alpha	taxID:1909295
A0A933TUD5	unreviewed	nitrate reductase (quinone)	taxID:1891241
A0A933UFK4	unreviewed	nitrate reductase (quinone)	taxID:2026799
A0A933YMN6	unreviewed	nitrate reductase (quinone)	taxID:2026749
A0A934ATG6	unreviewed	nitrate reductase (quinone)	taxID:2026887
A0A934E2V4	unreviewed	nitrate reductase (quinone)	taxID:2026735
A0A934F0J8	unreviewed	nitrate reductase (quinone)	taxID:2026799
A0A934GK15	unreviewed	nitrate reductase (quinone)	taxID:1891241
A0A934ICF2	unreviewed	Nitrate reductase alpha subunit	taxID:2795737
A0A934L3R4	unreviewed	Nitrate reductase subunit alpha	taxID:2026780
A0A934L3R5	unreviewed	nitrate reductase (quinone)	taxID:2026735
A0A934LI60	unreviewed	nitrate reductase (quinone)	taxID:1891241
A0A934LW84	unreviewed	nitrate reductase (quinone)	taxID:2026735
A0A934QGH9	unreviewed	nitrate reductase (quinone)	taxID:1087
A0A934UCE2	unreviewed	Nitrate reductase alpha subunit	taxID:2799498
A0A934X2E2	unreviewed	nitrate reductase (quinone)	taxID:2953743
A0A934X940	unreviewed	nitrate reductase (quinone)	taxID:1891238
A0A934YW14	unreviewed	nitrate reductase (quinone)	taxID:2021391
A0A935BBK9	unreviewed	nitrate reductase (quinone)	taxID:1978525
A0A935BS05	unreviewed	nitrate reductase (quinone)	taxID:1891241
A0A935BST0	unreviewed	nitrate reductase (quinone)	taxID:2478482
A0A935CNA2	unreviewed	nitrate reductase (quinone)	taxID:2052143
A0A935GT11	unreviewed	nitrate reductase (quinone)	taxID:50421
A0A935H1J1	unreviewed	nitrate reductase (quinone)	taxID:1891238
A0A935HL29	unreviewed	nitrate reductase (quinone)	taxID:2021391
A0A935IKL8	unreviewed	nitrate reductase (quinone)	taxID:2953743
A0A935IL59	unreviewed	nitrate reductase (quinone)	taxID:1913989
A0A935J9M3	unreviewed	nitrate reductase (quinone)	taxID:1869212
A0A935JG78	unreviewed	nitrate reductase (quinone)	taxID:2212460
A0A935M634	unreviewed	nitrate reductase (quinone)	taxID:2021370
A0A935N5H5	unreviewed	4Fe-4S Mo/W bis-MGD-type domain-containing protein	taxID:1869339
A0A935RMA3	unreviewed	nitrate reductase (quinone)	taxID:2099375
A0A935T804	unreviewed	nitrate reductase (quinone)	taxID:2954384
A0A935TR18	unreviewed	nitrate reductase (quinone)	taxID:2044944
A0A935UBR3	unreviewed	nitrate reductase (quinone)	taxID:1891241
A0A935X4C4	unreviewed	nitrate reductase (quinone)	taxID:1891241
A0A935XSI9	unreviewed	nitrate reductase (quinone)	taxID:1891241
A0A936ARB7	unreviewed	nitrate reductase (quinone)	taxID:1913989
A0A936CGE9	unreviewed	nitrate reductase (quinone)	taxID:1917967
A0A936CSJ1	unreviewed	nitrate reductase (quinone)	taxID:1898112
A0A936F3S9	unreviewed	nitrate reductase (quinone)	taxID:2954440
A0A936FPL7	unreviewed	nitrate reductase (quinone)	taxID:1891241
A0A936H8J7	unreviewed	nitrate reductase (quinone)	taxID:2053538
A0A936K365	unreviewed	nitrate reductase (quinone)	taxID:50259
A0A936M4G6	unreviewed	nitrate reductase (quinone)	taxID:1891241
A0A936N2E1	unreviewed	nitrate reductase (quinone)	taxID:2021370
A0A936P2Q2	unreviewed	nitrate reductase (quinone)	taxID:2478482
A0A936Q1I5	unreviewed	nitrate reductase (quinone)	taxID:2478486
A0A936QCT8	unreviewed	nitrate reductase (quinone)	taxID:2052904
A0A936R6Y5	unreviewed	nitrate reductase (quinone)	taxID:1917966
A0A936RWB6	unreviewed	nitrate reductase (quinone)	taxID:2052904
A0A936WPI4	unreviewed	nitrate reductase (quinone)	taxID:2021391
A0A936Z5U2	unreviewed	nitrate reductase (quinone)	taxID:1926872
A0A937B8V3	unreviewed	Molybdopterin oxidoreductase domain-containing protein	taxID:1929291
A0A937CEA9	unreviewed	nitrate reductase (quinone)	taxID:1869339
A0A937CIR1	unreviewed	nitrate reductase (quinone)	taxID:1913988
A0A937FJA3	unreviewed	nitrate reductase (quinone)	taxID:2803863
A0A937JPU8	unreviewed	Nitrate reductase subunit alpha	taxID:1695166
A0A937ZCU2	unreviewed	nitrate reductase (quinone)	taxID:1913988
A0A938DGL1	unreviewed	4Fe-4S Mo/W bis-MGD-type domain-containing protein	taxID:1913988
A0A938HPW6	unreviewed	4Fe-4S Mo/W bis-MGD-type domain-containing protein	taxID:2026786
A0A938IQ31	unreviewed	nitrate reductase (quinone)	taxID:2026780
A0A938PEY4	unreviewed	nitrate reductase (quinone)	taxID:2053306
A0A938TKR3	unreviewed	nitrate reductase (quinone)	taxID:1891241
A0A938W474	unreviewed	4Fe-4S Mo/W bis-MGD-type domain-containing protein	taxID:2026724
A0A938XZM2	unreviewed	nitrate reductase (quinone)	taxID:2803858
A0A939B212	unreviewed	nitrate reductase (quinone)	taxID:1913989
A0A939DKR3	unreviewed	nitrate reductase (quinone)	taxID:751969
A0A939KC49	unreviewed	nitrate reductase (quinone)	taxID:117506
A0A939PDW9	unreviewed	nitrate reductase (quinone)	taxID:1427535
A0A939QSM5	unreviewed	nitrate reductase (quinone)	taxID:2820289
A0A939TRJ3	unreviewed	Nitrate reductase alpha subunit	taxID:501483
A0A940CKS9	unreviewed	4Fe-4S Mo/W bis-MGD-type domain-containing protein	taxID:2026775
A0A940CN68	unreviewed	nitrate reductase (quinone)	taxID:2026775
A0A940EEY0	unreviewed	nitrate reductase (quinone)	taxID:2821098
A0A940HZ16	unreviewed	nitrate reductase (quinone)	taxID:2026775
A0A940M991	unreviewed	nitrate reductase (quinone)	taxID:2798581
A0A940MD14	unreviewed	Nitrate reductase alpha subunit	taxID:2798581
A0A940VYJ0	unreviewed	Nitrate reductase subunit alpha	taxID:2026735
A0A940WPB5	unreviewed	Nitrate reductase alpha subunit	taxID:2806554
A0A940XKT8	unreviewed	Nitrate reductase alpha subunit	taxID:2820809
A0A940XLT7	unreviewed	Nitrate reductase alpha subunit	taxID:2820809
A0A940YVL8	unreviewed	Nitrate reductase alpha subunit	taxID:2824875
A0A940Z016	unreviewed	Nitrate reductase alpha subunit	taxID:2824875
A0A941BCI4	unreviewed	Nitrate reductase alpha subunit	taxID:2823109
A0A941DDD4	unreviewed	nitrate reductase (quinone)	taxID:2828731
A0A941DF96	unreviewed	nitrate reductase (quinone)	taxID:2828731
A0A941DLB1	unreviewed	nitrate reductase (quinone)	taxID:2828733
A0A941E077	unreviewed	nitrate reductase (quinone)	taxID:447199
A0A941E5Y6	unreviewed	nitrate reductase (quinone)	taxID:2828728
A0A941EU32	unreviewed	Nitrate reductase alpha subunit	taxID:1508375
A0A941G0I4	unreviewed	nitrate reductase (quinone)	taxID:2829161
A0A941MH65	unreviewed	nitrate reductase (quinone)	taxID:1977087
A0A941NFL4	unreviewed	Nitrate reductase subunit alpha	taxID:1977087
A0A941P2T1	unreviewed	4Fe-4S Mo/W bis-MGD-type domain-containing protein	taxID:1977087
A0A941PTH8	unreviewed	nitrate reductase (quinone)	taxID:1977087
A0A941QYE6	unreviewed	nitrate reductase (quinone)	taxID:1914300
A0A941RJ07	unreviewed	nitrate reductase (quinone)	taxID:1977087
A0A941SR87	unreviewed	nitrate reductase (quinone)	taxID:1977087
A0A941SV79	unreviewed	nitrate reductase (quinone)	taxID:1977087
A0A941TYV4	unreviewed	nitrate reductase (quinone)	taxID:1977087
A0A941UDW7	unreviewed	nitrate reductase (quinone)	taxID:2799789
A0A941VGB3	unreviewed	4Fe-4S Mo/W bis-MGD-type domain-containing protein	taxID:1977087
A0A941W7D0	unreviewed	nitrate reductase (quinone)	taxID:2024894
A0A941Y792	unreviewed	Nitrate reductase alpha subunit	taxID:2900548
A0A942C1R0	unreviewed	nitrate reductase (quinone)	taxID:1978231
A0A942F2Y1	unreviewed	nitrate reductase (quinone)	taxID:1904254
A0A942H2M0	unreviewed	nitrate reductase (quinone)	taxID:1978231
A0A942IZE9	unreviewed	Nitrate reductase subunit alpha	taxID:1978525
A0A942J7N4	unreviewed	nitrate reductase (quinone)	taxID:2480090
A0A942ML89	unreviewed	nitrate reductase (quinone)	taxID:2049428
A0A942RMT8	unreviewed	4Fe-4S Mo/W bis-MGD-type domain-containing protein	taxID:2044939
A0A942SBU3	unreviewed	nitrate reductase (quinone)	taxID:1909294
A0A942T5W7	unreviewed	nitrate reductase (quinone)	taxID:2833578
A0A942UE73	unreviewed	nitrate reductase (quinone)	taxID:2833585
A0A942WPF4	unreviewed	nitrate reductase (quinone)	taxID:29466
A0A942YX41	unreviewed	nitrate reductase (quinone)	taxID:2833585
A0A943J4E3	unreviewed	nitrate reductase (quinone)	taxID:1929886
A0A943MZC1	unreviewed	nitrate reductase (quinone)	taxID:1929886
A0A943VKN3	unreviewed	nitrate reductase (quinone)	taxID:1926307
A0A943Y441	unreviewed	nitrate reductase (quinone)	taxID:43675
A0A944D7P3	unreviewed	nitrate reductase (quinone)	taxID:2795389
A0A944DP34	unreviewed	nitrate reductase (quinone)	taxID:294
A0A944NEC1	unreviewed	4Fe-4S Mo/W bis-MGD-type domain-containing protein	taxID:2026724
A0A944PM23	unreviewed	nitrate reductase (quinone)	taxID:2819190
A0A944R9D3	unreviewed	nitrate reductase (quinone)	taxID:2053517
A0A944S707	unreviewed	nitrate reductase (quinone)	taxID:2026796
A0A944SPI7	unreviewed	nitrate reductase (quinone)	taxID:2026796
A0A944X076	unreviewed	nitrate reductase (quinone)	taxID:2900548
A0A945AF86	unreviewed	nitrate reductase (quinone)	taxID:2053570
A0A945D0U3	unreviewed	nitrate reductase (quinone)	taxID:2026778
A0A945DCX2	unreviewed	nitrate reductase (quinone)	taxID:2026761
A0A945GIP3	unreviewed	nitrate reductase (quinone)	taxID:2026742
A0A945KHI3	unreviewed	nitrate reductase (quinone)	taxID:2026780
A0A945PWF4	unreviewed	nitrate reductase (quinone)	taxID:2026721
A0A945RBW3	unreviewed	nitrate reductase (quinone)	taxID:1913989
A0A945TJZ1	unreviewed	nitrate reductase (quinone)	taxID:1913989
A0A945VDE7	unreviewed	nitrate reductase (quinone)	taxID:2026756
A0A945WGR2	unreviewed	nitrate reductase (quinone)	taxID:2021391
A0A945ZLU7	unreviewed	nitrate reductase (quinone)	taxID:2026760
A0A946DMG6	unreviewed	nitrate reductase (quinone)	taxID:2026779
A0A946G752	unreviewed	nitrate reductase (quinone)	taxID:2026775
A0A946H9G2	unreviewed	4Fe-4S Mo/W bis-MGD-type domain-containing protein	taxID:2024839
A0A946J3F2	unreviewed	nitrate reductase (quinone)	taxID:2026796
A0A946JVL8	unreviewed	nitrate reductase (quinone)	taxID:2026760
A0A946PZ76	unreviewed	nitrate reductase (quinone)	taxID:2052143
A0A946VJD3	unreviewed	nitrate reductase (quinone)	taxID:1913989
A0A947DPF8	unreviewed	nitrate reductase (quinone)	taxID:2026748
A0A947HI39	unreviewed	nitrate reductase (quinone)	taxID:2026763
A0A947HVU4	unreviewed	4Fe-4S Mo/W bis-MGD-type domain-containing protein	taxID:1872578
A0A947LIA6	unreviewed	nitrate reductase (quinone)	taxID:1913989
A0A947LYY3	unreviewed	Nitrate reductase subunit alpha	taxID:1913989
A0A947TJV3	unreviewed	nitrate reductase (quinone)	taxID:1913989
A0A947V187	unreviewed	nitrate reductase (quinone)	taxID:1913988
A0A947VB50	unreviewed	nitrate reductase (quinone)	taxID:1913989
A0A948IA12	unreviewed	nitrate reductase (quinone)	taxID:1913989
A0A948MLW9	unreviewed	nitrate reductase (quinone)	taxID:1913989
A0A948NBZ7	unreviewed	nitrate reductase (quinone)	taxID:1913989
A0A948NGU9	unreviewed	nitrate reductase (quinone)	taxID:1913989
A0A948R8M2	unreviewed	Nitrate reductase subunit alpha	taxID:1913988
A0A948S228	unreviewed	nitrate reductase (quinone)	taxID:1898103
A0A948TYB6	unreviewed	nitrate reductase (quinone)	taxID:1913989
A0A948UYP3	unreviewed	nitrate reductase (quinone)	taxID:1913988
A0A949DAF7	unreviewed	nitrate reductase (quinone)	taxID:1913988
A0A949FX41	unreviewed	nitrate reductase (quinone)	taxID:1926873
A0A949K6I3	unreviewed	nitrate reductase (quinone)	taxID:1940281
A0A949LF12	unreviewed	nitrate reductase (quinone)	taxID:1891238
A0A949LSW6	unreviewed	4Fe-4S Mo/W bis-MGD-type domain-containing protein	taxID:1913988
A0A949P3C1	unreviewed	nitrate reductase (quinone)	taxID:1913989
A0A949PN97	unreviewed	nitrate reductase (quinone)	taxID:2706015
A0A949PQ83	unreviewed	nitrate reductase (quinone)	taxID:34028
A0A949Q3S3	unreviewed	nitrate reductase (quinone)	taxID:2815733
A0A949Q613	unreviewed	nitrate reductase (quinone)	taxID:2815733
A0A949R1S6	unreviewed	nitrate reductase (quinone)	taxID:2073117
A0A949RCS0	unreviewed	nitrate reductase (quinone)	taxID:2021391
A0A949RG82	unreviewed	nitrate reductase (quinone)	taxID:2212468
A0A949RNY5	unreviewed	nitrate reductase (quinone)	taxID:2212468
A0A949RYT3	unreviewed	nitrate reductase (quinone)	taxID:2073117
A0A949S5Q7	unreviewed	nitrate reductase (quinone)	taxID:2053306
A0A949SFS9	unreviewed	nitrate reductase (quinone)	taxID:2283092
A0A949SH23	unreviewed	nitrate reductase (quinone)	taxID:2021391
A0A949T1T6	unreviewed	nitrate reductase (quinone)	taxID:2026780
A0A949UKU0	unreviewed	nitrate reductase (quinone)	taxID:2497619
A0A949VL56	unreviewed	nitrate reductase (quinone)	taxID:2073117
A0A949VT80	unreviewed	nitrate reductase (quinone)	taxID:2212468
A0A949VZ21	unreviewed	nitrate reductase (quinone)	taxID:1869227
A0A949W021	unreviewed	nitrate reductase (quinone)	taxID:2073117
A0A950HI92	unreviewed	nitrate reductase (quinone)	taxID:2201155
A0A950L0B7	unreviewed	nitrate reductase (quinone)	taxID:3107663
A0A950XHW6	unreviewed	4Fe-4S Mo/W bis-MGD-type domain-containing protein	taxID:1785
A0A951BGJ8	unreviewed	Nitrate reductase alpha subunit	taxID:2201155
A0A951E7U6	unreviewed	Nitrate reductase alpha subunit	taxID:2201155
A0A951RT08	unreviewed	nitrate reductase (quinone)	taxID:1978525
A0A951S649	unreviewed	nitrate reductase (quinone)	taxID:2651167
A0A951SGG3	unreviewed	nitrate reductase (quinone)	taxID:2026786
A0A951SRW9	unreviewed	nitrate reductase (quinone)	taxID:2053306
A0A951T3C2	unreviewed	nitrate reductase (quinone)	taxID:1898103
A0A951TFI5	unreviewed	nitrate reductase (quinone)	taxID:2029867
A0A951X863	unreviewed	nitrate reductase (quinone)	taxID:1869212
A0A951YJK5	unreviewed	nitrate reductase (quinone)	taxID:2026798
A0A952CEV7	unreviewed	nitrate reductase (quinone)	taxID:1898103
A0A952CZN4	unreviewed	nitrate reductase (quinone)	taxID:2509153
A0A952PL05	unreviewed	4Fe-4S Mo/W bis-MGD-type domain-containing protein	taxID:2364082
A0A952QD37	unreviewed	nitrate reductase (quinone)	taxID:1915057
A0A952QVI5	unreviewed	nitrate reductase (quinone)	taxID:2026798
A0A952YV46	unreviewed	nitrate reductase (quinone)	taxID:2030806
A0A952Z9X5	unreviewed	nitrate reductase (quinone)	taxID:1891238
A0A953ATV5	unreviewed	nitrate reductase (quinone)	taxID:1898112
A0A953BZI6	unreviewed	nitrate reductase (quinone)	taxID:2024848
A0A953CBK4	unreviewed	nitrate reductase (quinone)	taxID:2021379
A0A953E1C5	unreviewed	Nitrate reductase alpha subunit	taxID:1872121
A0A953EJI2	unreviewed	nitrate reductase (quinone)	taxID:2283092
A0A953F4U4	unreviewed	nitrate reductase (quinone)	taxID:2021391
A0A953FFS5	unreviewed	nitrate reductase (quinone)	taxID:2021391
A0A953GHQ2	unreviewed	nitrate reductase (quinone)	taxID:2044936
A0A953H4K8	unreviewed	nitrate reductase (quinone)	taxID:2315423
A0A953MAK4	unreviewed	nitrate reductase (quinone)	taxID:2614255
A0A953N467	unreviewed	nitrate reductase (quinone)	taxID:2024823
A0A953NPK3	unreviewed	nitrate reductase (quinone)	taxID:2081523
A0A953P8N7	unreviewed	nitrate reductase (quinone)	taxID:2081523
A0A953PSZ4	unreviewed	nitrate reductase (quinone)	taxID:2081523
A0A953Q9Q9	unreviewed	nitrate reductase (quinone)	taxID:2081523
A0A953SUY7	unreviewed	nitrate reductase (quinone)	taxID:2651163
A0A953SXP4	unreviewed	nitrate reductase (quinone)	taxID:2021391
A0A953UIC4	unreviewed	4Fe-4S Mo/W bis-MGD-type domain-containing protein	taxID:2081523
A0A953ULH6	unreviewed	nitrate reductase (quinone)	taxID:2081523
A0A953WK52	unreviewed	4Fe-4S Mo/W bis-MGD-type domain-containing protein	taxID:1872501
A0A954AUL7	unreviewed	nitrate reductase (quinone)	taxID:1904441
A0A954B5L9	unreviewed	nitrate reductase (quinone)	taxID:2510335
A0A954B9G9	unreviewed	nitrate reductase (quinone)	taxID:87
A0A954CJ26	unreviewed	nitrate reductase (quinone)	taxID:2026780
A0A954DZU2	unreviewed	nitrate reductase (quinone)	taxID:2026780
A0A954FLI4	unreviewed	nitrate reductase (quinone)	taxID:2026779
A0A954KZ77	unreviewed	nitrate reductase (quinone)	taxID:2026779
A0A954S9R1	unreviewed	nitrate reductase (quinone)	taxID:2026779
A0A954SNB3	unreviewed	nitrate reductase (quinone)	taxID:2026779
A0A954XK32	unreviewed	nitrate reductase (quinone)	taxID:2053591
A0A955EN84	unreviewed	nitrate reductase (quinone)	taxID:2026780
A0A955N8P3	unreviewed	Nitrate reductase subunit alpha	taxID:70125
A0A956MEU2	unreviewed	nitrate reductase (quinone)	taxID:2172550
A0A956ZCC5	unreviewed	4Fe-4S Mo/W bis-MGD-type domain-containing protein	taxID:2775581
A0A957TAX2	unreviewed	nitrate reductase (quinone)	taxID:2073117
A0A957YNV5	unreviewed	nitrate reductase (quinone)	taxID:2073117
A0A958LPC5	unreviewed	nitrate reductase (quinone)	taxID:2053517
A0A958ND60	unreviewed	nitrate reductase (quinone)	taxID:2021391
A0A958NUG1	unreviewed	nitrate reductase (quinone)	taxID:2053517
A0A958P3N2	unreviewed	nitrate reductase (quinone)	taxID:2021391
A0A958PIB2	unreviewed	nitrate reductase (quinone)	taxID:2053517
A0A958VF85	unreviewed	nitrate reductase (quinone)	taxID:2021391
A0A958YKK7	unreviewed	4Fe-4S Mo/W bis-MGD-type domain-containing protein	taxID:2018083
A0A958ZFB4	unreviewed	nitrate reductase (quinone)	taxID:2026728
A0A959A043	unreviewed	nitrate reductase (quinone)	taxID:2099675
A0A959MGI2	unreviewed	nitrate reductase (quinone)	taxID:2026749
A0A959UCK1	unreviewed	nitrate reductase (quinone)	taxID:2021391
A0A959UF26	unreviewed	nitrate reductase (quinone)	taxID:2030927
A0A959W2Y1	unreviewed	Nitrate reductase alpha subunit	taxID:1909295
A0A959WDU5	unreviewed	Nitrate reductase alpha subunit	taxID:1909295
A0A959Z6P4	unreviewed	nitrate reductase (quinone)	taxID:2030927
A0A959ZA47	unreviewed	Nitrate reductase alpha subunit	taxID:1909295
A0A959ZEI8	unreviewed	Nitrate reductase alpha subunit	taxID:1909295
A0A959ZXM6	unreviewed	nitrate reductase (quinone)	taxID:1909295
A0A960AJL2	unreviewed	Nitrate reductase alpha subunit	taxID:2900548
A0A960ATS3	unreviewed	Nitrate reductase alpha subunit	taxID:2900548
A0A960BKX9	unreviewed	Nitrate reductase alpha subunit	taxID:2900548
A0A960BL63	unreviewed	nitrate reductase (quinone)	taxID:2900548
A0A960BP14	unreviewed	Nitrate reductase alpha subunit	taxID:2900548
A0A960CHY4	unreviewed	Nitrate reductase alpha subunit	taxID:1785
A0A960CQG1	unreviewed	Nitrate reductase alpha subunit	taxID:1785
A0A960LFY8	unreviewed	nitrate reductase (quinone)	taxID:2212469
A0A960QFW3	unreviewed	nitrate reductase (quinone)	taxID:2212469
A0A961EAV1	unreviewed	nitrate reductase (quinone)	taxID:84139
A0A961EIL5	unreviewed	nitrate reductase (quinone)	taxID:1917966
A0A961N982	unreviewed	nitrate reductase (quinone)	taxID:2021379
A0A961PS78	unreviewed	Nitrate reductase subunit alpha	taxID:1904441
A0A961SK50	unreviewed	nitrate reductase (quinone)	taxID:1965321
A0A961VI94	unreviewed	nitrate reductase (quinone)	taxID:2575872
A0A962AGR0	unreviewed	nitrate reductase (quinone)	taxID:1913988
A0A962BKF0	unreviewed	nitrate reductase (quinone)	taxID:1913988
A0A962CMQ8	unreviewed	nitrate reductase (quinone)	taxID:1913988
A0A962CSE8	unreviewed	nitrate reductase (quinone)	taxID:1913988
A0A962DAT0	unreviewed	Nitrate reductase subunit alpha	taxID:1913988
A0A962FNS6	unreviewed	nitrate reductase (quinone)	taxID:2006849
A0A962FPS5	unreviewed	nitrate reductase (quinone)	taxID:2006849
A0A962JHS9	unreviewed	Nitrate reductase subunit alpha	taxID:1891229
A0A962K299	unreviewed	Nitrate reductase subunit alpha	taxID:1891229
A0A962KGC4	unreviewed	4Fe-4S Mo/W bis-MGD-type domain-containing protein	taxID:2024834
A0A962KI91	unreviewed	nitrate reductase (quinone)	taxID:2024834
A0A962KJV0	unreviewed	nitrate reductase (quinone)	taxID:2024834
A0A962LA43	unreviewed	nitrate reductase (quinone)	taxID:2024834
A0A962P1M2	unreviewed	nitrate reductase (quinone)	taxID:1891229
A0A962SSK0	unreviewed	nitrate reductase (quinone)	taxID:2053538
A0A962UDF6	unreviewed	4Fe-4S Mo/W bis-MGD-type domain-containing protein	taxID:2053538
A0A962VR99	unreviewed	nitrate reductase (quinone)	taxID:2053538
A0A962VX70	unreviewed	nitrate reductase (quinone)	taxID:2053538
A0A962W3U1	unreviewed	4Fe-4S Mo/W bis-MGD-type domain-containing protein	taxID:2053538
A0A963GFX0	unreviewed	nitrate reductase (quinone)	taxID:1898103
A0A963GW04	unreviewed	nitrate reductase (quinone)	taxID:2053492
A0A963HRC0	unreviewed	nitrate reductase (quinone)	taxID:1898103
A0A963KYW9	unreviewed	nitrate reductase (quinone)	taxID:1912891
A0A963LI51	unreviewed	nitrate reductase (quinone)	taxID:1898956
A0A963NJ34	unreviewed	4Fe-4S Mo/W bis-MGD-type domain-containing protein	taxID:2030806
A0A963PR77	unreviewed	Nitrate reductase subunit alpha	taxID:1898956
A0A963STQ0	unreviewed	nitrate reductase (quinone)	taxID:1913988
A0A963ULK7	unreviewed	nitrate reductase (quinone)	taxID:1904441
A0A963WYW9	unreviewed	nitrate reductase (quinone)	taxID:1904441
A0A963XIU0	unreviewed	nitrate reductase (quinone)	taxID:2510335
A0A963ZIV4	unreviewed	nitrate reductase (quinone)	taxID:2053306
A0A964A2S4	unreviewed	nitrate reductase (quinone)	taxID:2021391
A0A964FCX1	unreviewed	nitrate reductase (quinone)	taxID:34009
A0A964XKI5	unreviewed	Nitrate reductase alpha subunit	taxID:1775135
A0A965AV26	unreviewed	Nitrate reductase alpha subunit	taxID:2900548
A0A965CT16	unreviewed	4Fe-4S Mo/W bis-MGD-type domain-containing protein	taxID:1891241
A0A966JFP2	unreviewed	Nitrate reductase alpha subunit	taxID:2900548
A0A966XN81	unreviewed	nitrate reductase (quinone)	taxID:1891241
A0A967EVC8	unreviewed	nitrate reductase (quinone)	taxID:374515
A0A968ACG1	unreviewed	4Fe-4S Mo/W bis-MGD-type domain-containing protein	taxID:1913989
A0A968F721	unreviewed	4Fe-4S Mo/W bis-MGD-type domain-containing protein	taxID:2053527
A0A968GMA8	unreviewed	nitrate reductase (quinone)	taxID:2052143
A0A968L7X7	unreviewed	nitrate reductase (quinone)	taxID:46610
A0A968LBH8	unreviewed	nitrate reductase (quinone)	taxID:2026887
A0A969VHY4	unreviewed	nitrate reductase (quinone)	taxID:1904441
A0A970I3D8	unreviewed	nitrate reductase (quinone)	taxID:2030927
A0A970R6L0	unreviewed	nitrate reductase (quinone)	taxID:2030927
A0A970R6W1	unreviewed	nitrate reductase (quinone)	taxID:2030927
A0A970Z4K8	unreviewed	nitrate reductase (quinone)	taxID:1911520
A0A971IDJ7	unreviewed	nitrate reductase (quinone)	taxID:2900548
A0A971PSG9	unreviewed	nitrate reductase (quinone)	taxID:1911520
A0A972BFR3	unreviewed	nitrate reductase (quinone)	taxID:2021368
A0A972FHG4	unreviewed	nitrate reductase (quinone)	taxID:666964
A0A972G4N6	unreviewed	nitrate reductase (quinone)	taxID:2690528
A0A972HKY1	unreviewed	nitrate reductase (quinone)	taxID:2900548
A0A972KST0	unreviewed	nitrate reductase (quinone)	taxID:2268192
A0A972L2D0	unreviewed	nitrate reductase (quinone)	taxID:2268192
A0A972R4G2	unreviewed	nitrate reductase (quinone)	taxID:1913989
A0A972RKG9	unreviewed	4Fe-4S Mo/W bis-MGD-type domain-containing protein	taxID:2026780
A0A972RR01	unreviewed	nitrate reductase (quinone)	taxID:2202151
A0A972WM90	unreviewed	nitrate reductase (quinone)	taxID:1913988
A0A973HCL8	unreviewed	nitrate reductase (quinone)	taxID:1874361
A0A973JZP8	unreviewed	Nitrate reductase alpha subunit	taxID:1931
A0A973KX53	unreviewed	Nitrate reductase alpha subunit	taxID:1931
A0A973LDQ6	unreviewed	Nitrate reductase alpha subunit	taxID:1962977
A0A973LNL3	unreviewed	nitrate reductase (quinone)	taxID:1883105
A0A973NM05	unreviewed	nitrate reductase (quinone)	taxID:28214
A0A973PHC5	unreviewed	Nitrate reductase	taxID:1883105
A0A973R1Y5	unreviewed	Nitrate reductase alpha subunit	taxID:1962977
A0A973SN72	unreviewed	Nitrate reductase alpha subunit	taxID:1883105
A0A973TTS2	unreviewed	Nitrate reductase alpha subunit	taxID:1873460
A0A973X695	unreviewed	nitrate reductase (quinone)	taxID:50421
A0A973YYA3	unreviewed	Nitrate reductase alpha subunit	taxID:1873460
A0A973ZAI1	unreviewed	Nitrate reductase alpha subunit	taxID:1931
A0A974AJS4	unreviewed	nitrate reductase (quinone)	taxID:1078
A0A974IA75	unreviewed	nitrate reductase (quinone)	taxID:1739423
A0A974KZ39	unreviewed	nitrate reductase (quinone)	taxID:1290
A0A974P9I4	unreviewed	nitrate reductase (quinone)	taxID:373687
A0A974QCM0	unreviewed	nitrate reductase (quinone)	taxID:1974323
A0A974QEU1	unreviewed	nitrate reductase (quinone)	taxID:1974323
A0A974RUR5	unreviewed	nitrate reductase (quinone)	taxID:2789424
A0A974RY04	unreviewed	nitrate reductase (quinone)	taxID:2785331
A0A974WQ87	unreviewed	nitrate reductase (quinone)	taxID:2763008
A0A974Z2W8	unreviewed	Nitrate reductase alpha subunit	taxID:2778070
A0A974ZLL6	unreviewed	nitrate reductase (quinone)	taxID:2810516
A0A975AAQ4	unreviewed	nitrate reductase (quinone)	taxID:2017486
A0A975CAI7	unreviewed	nitrate reductase (quinone)	taxID:2818390
A0A975DSB4	unreviewed	nitrate reductase (quinone)	taxID:2820278
A0A975EDG7	unreviewed	nitrate reductase (quinone)	taxID:2752316
A0A975FBU5	unreviewed	nitrate reductase (quinone)	taxID:111769
A0A975IFX0	unreviewed	nitrate reductase (quinone)	taxID:111769
A0A975IPC8	unreviewed	nitrate reductase (quinone)	taxID:2781962
A0A975JM51	unreviewed	nitrate reductase (quinone)	taxID:2829500
A0A975KM38	unreviewed	nitrate reductase (quinone)	taxID:2810514
A0A975M4E1	unreviewed	nitrate reductase (quinone)	taxID:2817475
A0A975N564	unreviewed	Nitrate reductase alpha subunit	taxID:2745196
A0A975PEF2	unreviewed	nitrate reductase (quinone)	taxID:2816859
A0A975PVT0	unreviewed	Nitrate reductase alpha subunit	taxID:886343
A0A975SL95	unreviewed	nitrate reductase (quinone)	taxID:2785627
A0A975ZC69	unreviewed	nitrate reductase (quinone)	taxID:1882741
A0A976A6Z5	unreviewed	nitrate reductase (quinone)	taxID:164546
A0A976J0B7	unreviewed	Nitrate reductase subunit alpha	taxID:1978525
A0A977R2I8	unreviewed	nitrate reductase (quinone)	taxID:2979871
A0A977R2L8	unreviewed	nitrate reductase (quinone)	taxID:2979871
A0A979GE22	unreviewed	nitrate reductase (quinone)	taxID:409438
A0A979GZS8	unreviewed	nitrate reductase (quinone)	taxID:409438
A0A9C7RIG0	unreviewed	nitrate reductase (quinone)	taxID:2026724
A0A9C7V3J9	unreviewed	nitrate reductase (quinone)	taxID:35703
A0A9C7V4R9	unreviewed	nitrate reductase (quinone)	taxID:35703
A0A9C8NZB4	unreviewed	nitrate reductase (quinone)	taxID:1486246
A0A9C9DBC0	unreviewed	Nitrate reductase subunit alpha	taxID:1913989
A0A9C9TFK6	unreviewed	nitrate reductase (quinone)	taxID:182270
A0A9C9VG47	unreviewed	nitrate reductase (quinone)	taxID:1913989
A0A9D0YGH5	unreviewed	nitrate reductase (quinone)	taxID:2304002
A0A9D1GYB6	unreviewed	nitrate reductase (quinone)	taxID:2840701
A0A9D1PLQ3	unreviewed	Nitrate reductase subunit alpha	taxID:2838742
A0A9D1QK68	unreviewed	nitrate reductase (quinone)	taxID:2838756
A0A9D1RVH0	unreviewed	nitrate reductase (quinone)	taxID:2838530
A0A9D1U0V2	unreviewed	nitrate reductase (quinone)	taxID:2838756
A0A9D1ZTU4	unreviewed	nitrate reductase (quinone)	taxID:2840478
A0A9D2LEL5	unreviewed	nitrate reductase (quinone)	taxID:2838513
A0A9D2Q0I1	unreviewed	nitrate reductase (quinone)	taxID:2838512
A0A9D2ZSH4	unreviewed	Nitrate reductase subunit alpha	taxID:2840479
A0A9D2ZUZ8	unreviewed	nitrate reductase (quinone)	taxID:1698
A0A9D5G351	unreviewed	nitrate reductase (quinone)	taxID:924
A0A9D5TZ36	unreviewed	nitrate reductase (quinone)	taxID:1912094
A0A9D5UAY9	unreviewed	nitrate reductase (quinone)	taxID:2762210
A0A9D5UI56	unreviewed	nitrate reductase (quinone)	taxID:2762210
A0A9D6AGW5	unreviewed	nitrate reductase (quinone)	taxID:1902408
A0A9D6BG96	unreviewed	nitrate reductase (quinone)	taxID:1891238
A0A9D6C6S5	unreviewed	nitrate reductase (quinone)	taxID:1904441
A0A9D6FEN5	unreviewed	nitrate reductase (quinone)	taxID:1978231
A0A9D6FVR9	unreviewed	nitrate reductase (quinone)	taxID:2026724
A0A9D6H1X1	unreviewed	nitrate reductase (quinone)	taxID:924
A0A9D6KZM1	unreviewed	nitrate reductase (quinone)	taxID:1977087
A0A9D6PV83	unreviewed	nitrate reductase (quinone)	taxID:1891238
A0A9D6QBW1	unreviewed	nitrate reductase (quinone)	taxID:2478482
A0A9D6RPJ8	unreviewed	nitrate reductase (quinone)	taxID:2026724
A0A9D6W9F5	unreviewed	nitrate reductase (quinone)	taxID:2026735
A0A9D6XE94	unreviewed	nitrate reductase (quinone)	taxID:1891238
A0A9D7AFJ4	unreviewed	nitrate reductase (quinone)	taxID:2738837
A0A9D7BSU9	unreviewed	nitrate reductase (quinone)	taxID:1971895
A0A9D7CFV4	unreviewed	nitrate reductase (quinone)	taxID:2026742
A0A9D7E118	unreviewed	nitrate reductase (quinone)	taxID:2899263
A0A9D7FC88	unreviewed	nitrate reductase (quinone)	taxID:2954373
A0A9D7HJC7	unreviewed	nitrate reductase (quinone)	taxID:1869227
A0A9D7IDW0	unreviewed	nitrate reductase (quinone)	taxID:2035772
A0A9D7KQI1	unreviewed	nitrate reductase (quinone)	taxID:1898104
A0A9D7LWF7	unreviewed	nitrate reductase (quinone)	taxID:1874826
A0A9D7MXW9	unreviewed	nitrate reductase (quinone)	taxID:1891238
A0A9D7NMW5	unreviewed	nitrate reductase (quinone)	taxID:2006849
A0A9D7P1K8	unreviewed	nitrate reductase (quinone)	taxID:1913989
A0A9D7PCH9	unreviewed	nitrate reductase (quinone)	taxID:1971211
A0A9D7SI32	unreviewed	nitrate reductase (quinone)	taxID:2954439
A0A9D7T784	unreviewed	nitrate reductase (quinone)	taxID:2953743
A0A9D7WZX1	unreviewed	nitrate reductase (quinone)	taxID:2030927
A0A9D8CIT9	unreviewed	nitrate reductase (quinone)	taxID:1913988
A0A9D8D774	unreviewed	Nitrate reductase subunit alpha	taxID:2900548
A0A9D8D7M1	unreviewed	Nitrate reductase alpha subunit	taxID:2900548
A0A9D8GTR2	unreviewed	4Fe-4S Mo/W bis-MGD-type domain-containing protein	taxID:1913988
A0A9D8LEB1	unreviewed	nitrate reductase (quinone)	taxID:1871050
A0A9D8LWI5	unreviewed	Nitrate reductase subunit alpha	taxID:2052315
A0A9D8NXQ2	unreviewed	nitrate reductase (quinone)	taxID:2053306
A0A9D8Q8K4	unreviewed	nitrate reductase (quinone)	taxID:1871048
A0A9D8QCC2	unreviewed	nitrate reductase (quinone)	taxID:1871050
A0A9D8YI70	unreviewed	nitrate reductase (quinone)	taxID:1913988
A0A9D8Z7L0	unreviewed	nitrate reductase (quinone)	taxID:1909294
A0A9D8ZYD6	unreviewed	nitrate reductase (quinone)	taxID:50741
A0A9D9E6A2	unreviewed	nitrate reductase (quinone)	taxID:2840838
A0A9D9N0P4	unreviewed	nitrate reductase (quinone)	taxID:1872668
A0A9D9QLT4	unreviewed	nitrate reductase (quinone)	taxID:1903157
A0A9D9VY91	unreviewed	nitrate reductase (quinone)	taxID:1940288
A0A9D9WF71	unreviewed	nitrate reductase (quinone)	taxID:2014784
A0A9D9WWK9	unreviewed	nitrate reductase (quinone)	taxID:2569862
A0A9D9X6F5	unreviewed	nitrate reductase (quinone)	taxID:1909292
A0A9D9X7F3	unreviewed	nitrate reductase (quinone)	taxID:1891229
A0A9D9XTF8	unreviewed	Nitrate reductase subunit alpha	taxID:1891229
A0A9E0BJ99	unreviewed	nitrate reductase (quinone)	taxID:1871053
A0A9E0C830	unreviewed	nitrate reductase (quinone)	taxID:1913988
A0A9E0E108	unreviewed	nitrate reductase (quinone)	taxID:1926307
A0A9E0E4M2	unreviewed	Nitrate reductase subunit alpha	taxID:1912891
A0A9E0FFD4	unreviewed	nitrate reductase (quinone)	taxID:2448779
A0A9E0I194	unreviewed	nitrate reductase (quinone)	taxID:1872578
A0A9E0IZ11	unreviewed	nitrate reductase (quinone)	taxID:2202734
A0A9E0J518	unreviewed	nitrate reductase (quinone)	taxID:1871053
A0A9E0J604	unreviewed	4Fe-4S Mo/W bis-MGD-type domain-containing protein	taxID:2819261
A0A9E0L1M8	unreviewed	4Fe-4S Mo/W bis-MGD-type domain-containing protein	taxID:1871053
A0A9E0MA72	unreviewed	nitrate reductase (quinone)	taxID:50421
A0A9E0MQQ1	unreviewed	nitrate reductase (quinone)	taxID:2021391
A0A9E0N2E2	unreviewed	Nitrate reductase subunit alpha	taxID:1872578
A0A9E0PGP2	unreviewed	nitrate reductase (quinone)	taxID:2818473
A0A9E0PJV9	unreviewed	nitrate reductase (quinone)	taxID:1889775
A0A9E0SX06	unreviewed	nitrate reductase (quinone)	taxID:1977087
A0A9E0T8K8	unreviewed	4Fe-4S Mo/W bis-MGD-type domain-containing protein	taxID:1977087
A0A9E0TGZ1	unreviewed	4Fe-4S Mo/W bis-MGD-type domain-containing protein	taxID:1977087
A0A9E0UYK0	unreviewed	Nitrate reductase subunit alpha	taxID:1898104
A0A9E0VS02	unreviewed	Nitrate reductase subunit alpha	taxID:2024853
A0A9E0X2Y0	unreviewed	nitrate reductase (quinone)	taxID:1977087
A0A9E0XAE5	unreviewed	Nitrate reductase subunit alpha	taxID:1977087
A0A9E1MT22	unreviewed	nitrate reductase (quinone)	taxID:2026721
A0A9E1Q8V1	unreviewed	4Fe-4S Mo/W bis-MGD-type domain-containing protein	taxID:2021391
A0A9E1SM98	unreviewed	4Fe-4S Mo/W bis-MGD-type domain-containing protein	taxID:2664180
A0A9E1WH34	unreviewed	nitrate reductase (quinone)	taxID:1913989
A0A9E1WM06	unreviewed	nitrate reductase (quinone)	taxID:2664180
A0A9E1YAT7	unreviewed	nitrate reductase (quinone)	taxID:1913989
A0A9E1YWB7	unreviewed	nitrate reductase (quinone)	taxID:2026778
A0A9E1ZTE6	unreviewed	nitrate reductase (quinone)	taxID:2052143
A0A9E2A3R2	unreviewed	Nitrate reductase subunit alpha	taxID:1913989
A0A9E2BKC2	unreviewed	4Fe-4S Mo/W bis-MGD-type domain-containing protein	taxID:1898207
A0A9E2BVP1	unreviewed	nitrate reductase (quinone)	taxID:50421
A0A9E2C665	unreviewed	nitrate reductase (quinone)	taxID:1913989
A0A9E2KUR1	unreviewed	nitrate reductase (quinone)	taxID:2838651
A0A9E2P805	unreviewed	nitrate reductase (quinone)	taxID:1913988
A0A9E2S2V1	unreviewed	nitrate reductase (quinone)	taxID:1971895
A0A9E3BUT5	unreviewed	nitrate reductase (quinone)	taxID:1913988
A0A9E3DDK9	unreviewed	Nitrate reductase alpha subunit	taxID:1785
A0A9E3MFF1	unreviewed	nitrate reductase (quinone)	taxID:1872635
A0A9E3NIG4	unreviewed	nitrate reductase (quinone)	taxID:2021391
A0A9E3PSY2	unreviewed	nitrate reductase (quinone)	taxID:28214
A0A9E3S7Y2	unreviewed	nitrate reductase (quinone)	taxID:2026780
A0A9E3SBC4	unreviewed	nitrate reductase (quinone)	taxID:2026780
A0A9E3UIL5	unreviewed	nitrate reductase (quinone)	taxID:1953771
A0A9E3YVS1	unreviewed	nitrate reductase (quinone)	taxID:2024834
A0A9E4CZS7	unreviewed	4Fe-4S Mo/W bis-MGD-type domain-containing protein	taxID:2201156
A0A9E4I0X5	unreviewed	nitrate reductase (quinone)	taxID:1913988
A0A9E4LX46	unreviewed	nitrate reductase (quinone)	taxID:1904441
A0A9E4TUU6	unreviewed	nitrate reductase (quinone)	taxID:2792791
A0A9E5WDT6	unreviewed	nitrate reductase (quinone)	taxID:1913988
A0A9E5XCQ1	unreviewed	nitrate reductase (quinone)	taxID:2900548
A0A9E6AVT0	unreviewed	nitrate reductase (quinone)	taxID:2268199
A0A9E6WUU1	unreviewed	Nitrate reductase alpha subunit	taxID:2021369
A0A9E6XY26	unreviewed	nitrate reductase (quinone)	taxID:2884022
A0A9E7YXM3	unreviewed	nitrate reductase (quinone)	taxID:2880988
A0A9E8IHV8	unreviewed	nitrate reductase (quinone)	taxID:2992143
A0A9E8RUC3	unreviewed	nitrate reductase (quinone)	taxID:2980026
A0A9E9DF74	unreviewed	nitrate reductase (quinone)	taxID:3002643
A0A9J6N0R7	unreviewed	4Fe-4S Mo/W bis-MGD-type domain-containing protein	taxID:2833578
A0A9J6PBJ8	unreviewed	nitrate reductase (quinone)	taxID:2959716
A0A9J6PYC0	unreviewed	nitrate reductase (quinone)	taxID:2926469
A0A9J6PYR8	unreviewed	nitrate reductase (quinone)	taxID:2978220
A0A9J6Q7E2	unreviewed	nitrate reductase (quinone)	taxID:2926469
A0A9J6QB06	unreviewed	nitrate reductase (quinone)	taxID:2926470
A0A9J6QMR3	unreviewed	nitrate reductase (quinone)	taxID:2926470
A0A9J6ZYK5	unreviewed	nitrate reductase (quinone)	taxID:393765
A0A9J7AL87	unreviewed	nitrate reductase (quinone)	taxID:2829569
A0A9J9GGB2	unreviewed	nitrate reductase (quinone)	taxID:399742
A0A9J9GH92	unreviewed	nitrate reductase (quinone)	taxID:399742
A0A9J9KL96	unreviewed	nitrate reductase (quinone)	taxID:232721
A0A9J9QCW2	unreviewed	nitrate reductase (quinone)	taxID:535289
A0A9N8CSM4	unreviewed	nitrate reductase (quinone)	taxID:67827
A0A9N8D4E3	unreviewed	nitrate reductase (quinone)	taxID:587
A0A9N8GUA0	unreviewed	4Fe-4S Mo/W bis-MGD-type domain-containing protein	taxID:67827
A0A9N8QZB6	unreviewed	nitrate reductase (quinone)	taxID:2793075
A0A9P0URX5	unreviewed	nitrate reductase (quinone)	taxID:244366
A0A9P1JKI8	unreviewed	nitrate reductase (quinone)	taxID:692420
A0A9P1W1I6	unreviewed	nitrate reductase (quinone)	taxID:287
A0A9P2I554	unreviewed	nitrate reductase (quinone)	taxID:1010796
A0A9P2IPY3	unreviewed	nitrate reductase (quinone)	taxID:624
A0A9P2M3H4	unreviewed	Nitrate reductase alpha subunit	taxID:611304
A0A9P2MQ55	unreviewed	nitrate reductase (quinone)	taxID:1010796
A0A9P2PTX7	unreviewed	nitrate reductase (quinone)	taxID:1045010
A0A9P2PX74	unreviewed	nitrate reductase (quinone)	taxID:1045010
A0A9P2R1H5	unreviewed	nitrate reductase (quinone)	taxID:1045010
A0A9P3UCW6	unreviewed	nitrate reductase (quinone)	taxID:244366
A0A9P3WIR0	unreviewed	nitrate reductase (quinone)	taxID:61648
A0A9P3ZFM4	unreviewed	nitrate reductase (quinone)	taxID:2608400
A0A9P4DFM7	unreviewed	nitrate reductase (quinone)	taxID:546
A0A9Q2EJP5	unreviewed	nitrate reductase (quinone)	taxID:2779588
A0A9Q2IAL5	unreviewed	nitrate reductase (quinone)	taxID:2779588
A0A9Q2IBV0	unreviewed	nitrate reductase (quinone)	taxID:2774015
A0A9Q2KNS4	unreviewed	nitrate reductase (quinone)	taxID:1702170
A0A9Q2PD28	unreviewed	nitrate reductase (quinone)	taxID:505252
A0A9Q2QAE5	unreviewed	nitrate reductase (quinone)	taxID:1702170
A0A9Q2S3Q9	unreviewed	Nitrate reductase alpha subunit	taxID:43767
A0A9Q2WFW4	unreviewed	nitrate reductase (quinone)	taxID:1812934
A0A9Q2ZRY5	unreviewed	nitrate reductase (quinone)	taxID:1812934
A0A9Q3VNG4	unreviewed	Nitrate reductase alpha subunit	taxID:2886947
A0A9Q3WIN7	unreviewed	nitrate reductase (quinone)	taxID:89184
A0A9Q3ZEI6	unreviewed	nitrate reductase (quinone)	taxID:1094342
A0A9Q4CMK9	unreviewed	nitrate reductase (quinone)	taxID:582
A0A9Q4CYA0	unreviewed	nitrate reductase (quinone)	taxID:2782694
A0A9Q4D1H1	unreviewed	nitrate reductase (quinone)	taxID:3018819
A0A9Q4DA69	unreviewed	nitrate reductase (quinone)	taxID:170573
A0A9Q4E4G2	unreviewed	nitrate reductase (quinone)	taxID:96241
A0A9Q4EGK3	unreviewed	nitrate reductase (quinone)	taxID:260554
A0A9Q4H850	unreviewed	nitrate reductase (quinone)	taxID:96241
A0A9Q4HWT9	unreviewed	nitrate reductase (quinone)	taxID:483913
A0A9Q4STZ3	unreviewed	nitrate reductase (quinone)	taxID:2698866
A0A9Q4SZE2	unreviewed	nitrate reductase (quinone)	taxID:413497
A0A9Q4UDF6	unreviewed	nitrate reductase (quinone)	taxID:573
A0A9Q4ZV29	unreviewed	Nitrate reductase alpha subunit	taxID:43767
A0A9Q5P3G5	unreviewed	nitrate reductase (quinone)	taxID:1739426
A0A9Q5X5A6	unreviewed	nitrate reductase (quinone)	taxID:180891
A0A9Q5Y056	unreviewed	nitrate reductase (quinone)	taxID:621
A0A9Q6ABX9	unreviewed	nitrate reductase (quinone)	taxID:260554
A0A9Q6UUM1	unreviewed	nitrate reductase (quinone)	taxID:1055538
A0A9Q6V0D1	unreviewed	nitrate reductase (quinone)	taxID:1055538
A0A9Q6ZD12	unreviewed	nitrate reductase (quinone)	taxID:83334
A0A9Q6ZJ11	unreviewed	nitrate reductase (quinone)	taxID:83334
A0A9Q7K189	unreviewed	nitrate reductase (quinone)	taxID:539813
A0A9Q7NT66	unreviewed	nitrate reductase (quinone)	taxID:539813
A0A9Q7V392	unreviewed	nitrate reductase (quinone)	taxID:164546
A0A9Q7ZQF7	unreviewed	nitrate reductase (quinone)	taxID:133448
A0A9Q8E9C3	unreviewed	nitrate reductase (quinone)	taxID:133448
A0A9Q8PZY7	unreviewed	nitrate reductase (quinone)	taxID:158849
A0A9Q9IQ81	unreviewed	Nitrate reductase alpha subunit	taxID:35754
A0A9Q9JBY6	unreviewed	nitrate reductase (quinone)	taxID:54291
A0A9Q9MUQ4	unreviewed	nitrate reductase (quinone)	taxID:54291
A0A9Q9N6K1	unreviewed	nitrate reductase (quinone)	taxID:2989769
A0A9Q9UL44	unreviewed	nitrate reductase (quinone)	taxID:2587529
A0A9Q9ULL2	unreviewed	nitrate reductase (quinone)	taxID:2587529
A0A9Q9UTL8	unreviewed	nitrate reductase (quinone)	taxID:488730
A0A9R1CBQ8	unreviewed	nitrate reductase (quinone)	taxID:2854755
A0A9W3JQC0	unreviewed	nitrate reductase (quinone)	taxID:1217737
A0A9W3KCJ2	unreviewed	nitrate reductase (quinone)	taxID:529122
A0A9W3NWV3	unreviewed	nitrate reductase (quinone)	taxID:1218175
A0A9W3PQK3	unreviewed	nitrate reductase (quinone)	taxID:1330043
A0A9W3SAB8	unreviewed	nitrate reductase (quinone)	taxID:1428
A0A9W3V6T0	unreviewed	nitrate reductase (quinone)	taxID:1428
A0A9W3X8I1	unreviewed	nitrate reductase (quinone)	taxID:1423143
A0A9W3ZWE2	unreviewed	nitrate reductase (quinone)	taxID:1442
A0A9W4AYH2	unreviewed	Nitrate reductase alpha subunit	taxID:39689
A0A9W4H3L5	unreviewed	Nitrate reductase alpha subunit	taxID:1436133
A0A9W4Q1V9	unreviewed	nitrate reductase (quinone)	taxID:1909294
A0A9W4Q3D3	unreviewed	nitrate reductase (quinone)	taxID:1909294
A0A9W4WBD0	unreviewed	nitrate reductase (quinone)	taxID:1909294
A0A9W4XHP1	unreviewed	nitrate reductase (quinone)	taxID:2972786
A0A9W4ZCX9	unreviewed	nitrate reductase (quinone)	taxID:1301086
A0A9W5L6Q2	unreviewed	nitrate reductase (quinone)	taxID:1053238
A0A9W5LLP6	unreviewed	nitrate reductase (quinone)	taxID:1236548
A0A9W5N0Z5	unreviewed	nitrate reductase (quinone)	taxID:641149
A0A9W5N9Z9	unreviewed	nitrate reductase (quinone)	taxID:1202448
A0A9W5NR26	unreviewed	nitrate reductase (quinone)	taxID:1053223
A0A9W5PUB7	unreviewed	nitrate reductase (quinone)	taxID:1053233
A0A9W5Q7Q0	unreviewed	nitrate reductase (quinone)	taxID:1053243
A0A9W5QI50	unreviewed	nitrate reductase (quinone)	taxID:1053215
A0A9W5REA1	unreviewed	nitrate reductase (quinone)	taxID:883069
A0A9W5U128	unreviewed	nitrate reductase (quinone)	taxID:1827502
A0A9W5VLT1	unreviewed	nitrate reductase (quinone)	taxID:1053211
A0A9W5VTD4	unreviewed	nitrate reductase (quinone)	taxID:1053242
A0A9W5X7D8	unreviewed	nitrate reductase (quinone)	taxID:1827502
A0A9W5XI89	unreviewed	Nitrate reductase alpha subunit	taxID:547162
A0A9W6CFW2	unreviewed	nitrate reductase (quinone)	taxID:281
A0A9W6G1Q0	unreviewed	nitrate reductase (quinone)	taxID:40983
A0A9W6G759	unreviewed	nitrate reductase (quinone)	taxID:256037
A0A9W6HXD9	unreviewed	nitrate reductase (quinone)	taxID:47481
A0A9W6LD33	unreviewed	nitrate reductase (quinone)	taxID:40983
A0A9W6MI05	unreviewed	nitrate reductase (quinone)	taxID:47481
A0A9W6NUC4	unreviewed	Nitrate reductase alpha subunit	taxID:29401
A0A9W6Q0C6	unreviewed	Nitrate reductase alpha subunit	taxID:115335
A0A9W7PJC3	unreviewed	nitrate reductase (quinone)	taxID:2217831
A0A9W7PTE0	unreviewed	nitrate reductase (quinone)	taxID:2217828
A0A9W7Q898	unreviewed	nitrate reductase (quinone)	taxID:1396
A0A9W7QEW5	unreviewed	nitrate reductase (quinone)	taxID:1396
A0A9X0FC30	unreviewed	nitrate reductase (quinone)	taxID:1235825
A0A9X0FJR9	unreviewed	nitrate reductase (quinone)	taxID:1652545
A0A9X0HSW5	unreviewed	Nitrate reductase alpha subunit	taxID:1772276
A0A9X0JQF3	unreviewed	nitrate reductase (quinone)	taxID:1588630
A0A9X0PH46	unreviewed	nitrate reductase (quinone)	taxID:74706
A0A9X0PZQ1	unreviewed	nitrate reductase (quinone)	taxID:2723311
A0A9X0TXA5	unreviewed	nitrate reductase (quinone)	taxID:2723311
A0A9X0YII5	unreviewed	nitrate reductase (quinone)	taxID:2813360
A0A9X0Z2U0	unreviewed	nitrate reductase (quinone)	taxID:1235259
A0A9X0ZVL9	unreviewed	nitrate reductase (quinone)	taxID:90367
A0A9X1BKZ4	unreviewed	nitrate reductase (quinone)	taxID:2796394
A0A9X1G3U7	unreviewed	nitrate reductase (quinone)	taxID:2678565
A0A9X1G4M4	unreviewed	nitrate reductase (quinone)	taxID:2678565
A0A9X1IAP8	unreviewed	nitrate reductase (quinone)	taxID:2883479
A0A9X1M7P5	unreviewed	nitrate reductase (quinone)	taxID:2886936
A0A9X1MVE7	unreviewed	nitrate reductase (quinone)	taxID:2897391
A0A9X1N1X2	unreviewed	nitrate reductase (quinone)	taxID:1211807
A0A9X1PZ49	unreviewed	Nitrate reductase alpha subunit	taxID:1077944
A0A9X1QSV9	unreviewed	nitrate reductase (quinone)	taxID:1775911
A0A9X1RMS5	unreviewed	nitrate reductase (quinone)	taxID:2913261
A0A9X1RQ77	unreviewed	nitrate reductase (quinone)	taxID:2913261
A0A9X1S5Z8	unreviewed	nitrate reductase (quinone)	taxID:2886940
A0A9X1SAR1	unreviewed	nitrate reductase (quinone)	taxID:2886935
A0A9X1UM87	unreviewed	nitrate reductase (quinone)	taxID:2913261
A0A9X1XW42	unreviewed	nitrate reductase (quinone)	taxID:2937794
A0A9X2BQR1	unreviewed	nitrate reductase (quinone)	taxID:2937794
A0A9X2EPE7	unreviewed	nitrate reductase (quinone)	taxID:2926617
A0A9X2EQ92	unreviewed	nitrate reductase (quinone)	taxID:2926617
A0A9X2H794	unreviewed	nitrate reductase (quinone)	taxID:424795
A0A9X2K8C8	unreviewed	nitrate reductase (quinone)	taxID:1188745
A0A9X2KAE3	unreviewed	Nitrate reductase alpha subunit	taxID:1188745
A0A9X2KED9	unreviewed	4Fe-4S Mo/W bis-MGD-type domain-containing protein	taxID:2920428
A0A9X2LS04	unreviewed	Nitrate reductase alpha subunit	taxID:459658
A0A9X2LSC4	unreviewed	Nitrate reductase alpha subunit	taxID:459658
A0A9X2WCA0	unreviewed	nitrate reductase (quinone)	taxID:2925397
A0A9X2WEQ0	unreviewed	nitrate reductase (quinone)	taxID:2975440
A0A9X3B360	unreviewed	nitrate reductase (quinone)	taxID:2860329
A0A9X3BAJ8	unreviewed	nitrate reductase (quinone)	taxID:198620
A0A9X3GUM0	unreviewed	nitrate reductase (quinone)	taxID:3014044
A0A9X3I4W2	unreviewed	nitrate reductase (quinone)	taxID:2984863
A0A9X3L0F2	unreviewed	nitrate reductase (quinone)	taxID:85698
A0A9X3L754	unreviewed	nitrate reductase (quinone)	taxID:126157
A0A9X3PBC0	unreviewed	nitrate reductase (quinone)	taxID:2670330
A0A9X3PKR9	unreviewed	nitrate reductase (quinone)	taxID:256034
A0A9X3V7I7	unreviewed	nitrate reductase (quinone)	taxID:2940490
A0A9X3ZGE7	unreviewed	nitrate reductase (quinone)	taxID:1922333
A0A9X4ANZ1	unreviewed	nitrate reductase (quinone)	taxID:2950438
A0A9X4BDG1	unreviewed	nitrate reductase (quinone)	taxID:83655
A0A9X4E7Z9	unreviewed	nitrate reductase (quinone)	taxID:2995413
A0A9X4GCL5	unreviewed	nitrate reductase (quinone)	taxID:1639133
A0A9X4JKI6	unreviewed	nitrate reductase (quinone)	taxID:1639133
A0A9X4KIL5	unreviewed	Nitrate reductase	taxID:425004
A0A9X4LIN4	unreviewed	nitrate reductase (quinone)	taxID:431058
A0A9X4M1R7	unreviewed	nitrate reductase (quinone)	taxID:2710754
A0A9X4NV64	unreviewed	Nitrate reductase	taxID:1281780
A0A9X4QYI2	unreviewed	nitrate reductase (quinone)	taxID:246432
A0A9X4R284	unreviewed	nitrate reductase (quinone)	taxID:246432
A0A9X4RBZ1	unreviewed	Nitrate reductase alpha subunit	taxID:2710754
A0A9X4YBC2	unreviewed	nitrate reductase (quinone)	taxID:86177
A0A9X5F5T0	unreviewed	nitrate reductase (quinone)	taxID:2721163
A0A9X5ISL7	unreviewed	nitrate reductase (quinone)	taxID:1312740
A0A9X5KSL9	unreviewed	nitrate reductase (quinone)	taxID:298
A0A9X5RGQ1	unreviewed	nitrate reductase (quinone)	taxID:1892896
A0A9X5RT37	unreviewed	nitrate reductase (quinone)	taxID:1428
A0A9X5TYM3	unreviewed	nitrate reductase (quinone)	taxID:1739406
A0A9X5VC27	unreviewed	nitrate reductase (quinone)	taxID:1396
A0A9X6F2P2	unreviewed	nitrate reductase (quinone)	taxID:180848
A0A9X6IMS5	unreviewed	nitrate reductase (quinone)	taxID:475791
A0A9X6JUB9	unreviewed	nitrate reductase (quinone)	taxID:132267
A0A9X6LCE6	unreviewed	nitrate reductase (quinone)	taxID:180866
A0A9X6PAL9	unreviewed	nitrate reductase (quinone)	taxID:132264
A0A9X6Q7L2	unreviewed	nitrate reductase (quinone)	taxID:1428
A0A9X6QQ73	unreviewed	nitrate reductase (quinone)	taxID:132266
A0A9X6RUC6	unreviewed	nitrate reductase (quinone)	taxID:1958813
A0A9X6SXR2	unreviewed	nitrate reductase (quinone)	taxID:1396
A0A9X6U2E6	unreviewed	nitrate reductase (quinone)	taxID:1428
A0A9X6VA75	unreviewed	nitrate reductase (quinone)	taxID:1428
A0A9X6VKZ3	unreviewed	nitrate reductase (quinone)	taxID:1396
A0A9X6VZL1	unreviewed	nitrate reductase (quinone)	taxID:1396
A0A9X6WXL4	unreviewed	4Fe-4S Mo/W bis-MGD-type domain-containing protein	taxID:1396
A0A9X6YAW7	unreviewed	nitrate reductase (quinone)	taxID:1428
A0A9X7BE47	unreviewed	nitrate reductase (quinone)	taxID:1396
A0A9X7BUZ8	unreviewed	nitrate reductase (quinone)	taxID:1428
A0A9X7CN14	unreviewed	nitrate reductase (quinone)	taxID:1396
A0A9X7E518	unreviewed	nitrate reductase (quinone)	taxID:1396
A0A9X7FTJ5	unreviewed	nitrate reductase (quinone)	taxID:1428
A0A9X7GMS3	unreviewed	nitrate reductase (quinone)	taxID:1396
A0A9X7GTZ0	unreviewed	nitrate reductase (quinone)	taxID:1396
A0A9X7IR83	unreviewed	Nitrate reductase alpha subunit	taxID:1795032
A0A9X7L0N5	unreviewed	nitrate reductase (quinone)	taxID:158836
A0A9X7LV22	unreviewed	nitrate reductase (quinone)	taxID:1396
A0A9X7MZ35	unreviewed	nitrate reductase (quinone)	taxID:43306
A0A9X7PLU6	unreviewed	nitrate reductase (quinone)	taxID:2169582
A0A9X7Q471	unreviewed	nitrate reductase (quinone)	taxID:158836
A0A9X7R5D5	unreviewed	nitrate reductase (quinone)	taxID:43306
A0A9X7TB79	unreviewed	nitrate reductase (quinone)	taxID:2512240
A0A9X7UVZ1	unreviewed	nitrate reductase (quinone)	taxID:2661630
A0A9X7V5N2	unreviewed	nitrate reductase (quinone)	taxID:74829
A0A9X7VUR3	unreviewed	nitrate reductase (quinone)	taxID:2931921
A0A9X7VVW5	unreviewed	nitrate reductase (quinone)	taxID:2931921
A0A9X7WII2	unreviewed	Nitrate reductase alpha subunit	taxID:512402
A0A9X8BQ05	unreviewed	nitrate reductase (quinone)	taxID:2183906
A0A9X8C4R0	unreviewed	nitrate reductase (quinone)	taxID:2184001
A0A9X8J1P5	unreviewed	nitrate reductase (quinone)	taxID:1396
A0A9X8JJG4	unreviewed	nitrate reductase (quinone)	taxID:2034769
A0A9X8LZB1	unreviewed	nitrate reductase (quinone)	taxID:1761766
A0A9X8MDD6	unreviewed	nitrate reductase (quinone)	taxID:243924
A0A9X8QJP0	unreviewed	nitrate reductase (quinone)	taxID:243924
A0A9X8SKI8	unreviewed	nitrate reductase (quinone)	taxID:2026186
A0A9X8XND2	unreviewed	nitrate reductase (quinone)	taxID:1396
A0A9X9BCA8	unreviewed	nitrate reductase (quinone)	taxID:936132
A0A9X9BQL3	unreviewed	nitrate reductase (quinone)	taxID:298
A0A9X9C4H8	unreviewed	nitrate reductase (quinone)	taxID:300181
A0A9X9C9E1	unreviewed	nitrate reductase (quinone)	taxID:2217826
A0A9X9MUK1	unreviewed	nitrate reductase (quinone)	taxID:1396
A0A9X9WNR4	unreviewed	nitrate reductase (quinone)	taxID:535904
A0A9X9X023	unreviewed	nitrate reductase (quinone)	taxID:1081025
A0A9X9XFF3	unreviewed	nitrate reductase (quinone)	taxID:1346889
A0A9Y2K0C6	unreviewed	Nitrate reductase alpha subunit	taxID:715475
A0A9Y2NEP7	unreviewed	nitrate reductase (quinone)	taxID:715475
A0AA34WZR2	unreviewed	nitrate reductase (quinone)	taxID:1920883
A0AA34Z1X2	unreviewed	nitrate reductase (quinone)	taxID:1920128
A0AA35ADE8	unreviewed	nitrate reductase (quinone)	taxID:1055533
A0AA35E4A5	unreviewed	nitrate reductase (quinone)	taxID:999141
A0AA35F735	unreviewed	nitrate reductase (quinone)	taxID:1055533
A0AA36ACM9	unreviewed	nitrate reductase (quinone)	taxID:3041164
A0AA36EVE8	unreviewed	nitrate reductase (quinone)	taxID:3041164
A0AA36KXV0	unreviewed	nitrate reductase (quinone)	taxID:941322
A0AA36LK60	unreviewed	nitrate reductase (quinone)	taxID:33060
A0AA36P6X7	unreviewed	nitrate reductase (quinone)	taxID:941322
A0AA37AMU8	unreviewed	nitrate reductase (quinone)	taxID:1329824
A0AA37AN20	unreviewed	nitrate reductase (quinone)	taxID:1329824
A0AA37BUM2	unreviewed	Nitrate reductase alpha subunit	taxID:1886
A0AA37F5M2	unreviewed	Nitrate reductase alpha subunit	taxID:58119
A0AA37I707	unreviewed	nitrate reductase (quinone)	taxID:1544861
A0AA37PS87	unreviewed	Nitrate reductase alpha subunit	taxID:154654
A0AA37RD70	unreviewed	Nitrate reductase alpha subunit	taxID:3023369
A0AA37Z5T9	unreviewed	nitrate reductase (quinone)	taxID:67827
A0AA38AS70	unreviewed	nitrate reductase (quinone)	taxID:2024617
A0AA38DRU6	unreviewed	nitrate reductase (quinone)	taxID:67827
A0AA38XI32	unreviewed	nitrate reductase (quinone)	taxID:1002370
A0AA40J7L3	unreviewed	nitrate reductase (quinone)	taxID:28450
A0AA40JFV6	unreviewed	Nitrate reductase	taxID:28450
A0AA40JMV9	unreviewed	nitrate reductase (quinone)	taxID:1280
A0AA40RCT5	unreviewed	nitrate reductase (quinone)	taxID:101571
A0AA40RQ16	unreviewed	nitrate reductase (quinone)	taxID:316
A0AA40VKY4	unreviewed	nitrate reductase (quinone)	taxID:515415
A0AA40VXC2	unreviewed	nitrate reductase (quinone)	taxID:2769312
A0AA40Y0J6	unreviewed	nitrate reductase (quinone)	taxID:40324
A0AA41AMM6	unreviewed	Nitrate reductase alpha subunit	taxID:2824896
A0AA41ANN1	unreviewed	nitrate reductase (quinone)	taxID:2824896
A0AA41BX73	unreviewed	nitrate reductase (quinone)	taxID:1646373
A0AA41DUE0	unreviewed	Nitrate reductase alpha subunit	taxID:2824896
A0AA41H9P4	unreviewed	nitrate reductase (quinone)	taxID:2849652
A0AA41QBK2	unreviewed	Nitrate reductase alpha subunit	taxID:2908204
A0AA41QXL6	unreviewed	nitrate reductase (quinone)	taxID:2928153
A0AA41R608	unreviewed	nitrate reductase (quinone)	taxID:2929485
A0AA41WIP2	unreviewed	nitrate reductase (quinone)	taxID:2482751
A0AA41XL79	unreviewed	Nitrate reductase alpha subunit	taxID:324058
A0AA41Y722	unreviewed	nitrate reductase (quinone)	taxID:2986998
A0AA41YC90	unreviewed	nitrate reductase (quinone)	taxID:2986998
A0AA41YPJ9	unreviewed	nitrate reductase (quinone)	taxID:2991712
A0AA42FKX5	unreviewed	nitrate reductase (quinone)	taxID:3037798
A0AA42GT15	unreviewed	nitrate reductase (quinone)	taxID:2975420
A0AA42H5X1	unreviewed	nitrate reductase (quinone)	taxID:2975438
A0AA42HKR7	unreviewed	nitrate reductase (quinone)	taxID:2975431
A0AA42KV49	unreviewed	nitrate reductase (quinone)	taxID:2975431
A0AA42L9W9	unreviewed	nitrate reductase (quinone)	taxID:2975418
A0AA42MVI9	unreviewed	nitrate reductase (quinone)	taxID:40214
A0AA42NJP4	unreviewed	nitrate reductase (quinone)	taxID:2975414
A0AA42P192	unreviewed	nitrate reductase (quinone)	taxID:2975406
A0AA42PGP5	unreviewed	nitrate reductase (quinone)	taxID:2975408
A0AA42PQM4	unreviewed	nitrate reductase (quinone)	taxID:881260
A0AA42PSE3	unreviewed	nitrate reductase (quinone)	taxID:881260
A0AA42R0X6	unreviewed	nitrate reductase (quinone)	taxID:550
A0AA42R1A8	unreviewed	nitrate reductase (quinone)	taxID:550
A0AA42SQ83	unreviewed	nitrate reductase (quinone)	taxID:43263
A0AA42TFU1	unreviewed	nitrate reductase (quinone)	taxID:316
A0AA42U5V7	unreviewed	nitrate reductase (quinone)	taxID:2975369
A0AA42WAX2	unreviewed	nitrate reductase (quinone)	taxID:470868
A0AA42YQJ9	unreviewed	4Fe-4S Mo/W bis-MGD-type domain-containing protein	taxID:2049433
A0AA42ZCM2	unreviewed	nitrate reductase (quinone)	taxID:2053527
A0AA43AMY6	unreviewed	nitrate reductase (quinone)	taxID:2975381
A0AA43BG23	unreviewed	nitrate reductase (quinone)	taxID:2975363
A0AA43BQZ9	unreviewed	nitrate reductase (quinone)	taxID:2975362
A0AA43CWA3	unreviewed	Nitrate reductase subunit alpha	taxID:2006849
A0AA43CWU4	unreviewed	4Fe-4S Mo/W bis-MGD-type domain-containing protein	taxID:2006849
A0AA43D1B9	unreviewed	nitrate reductase (quinone)	taxID:1891241
A0AA43JMC8	unreviewed	nitrate reductase (quinone)	taxID:2080302
A0AA43LJ50	unreviewed	nitrate reductase (quinone)	taxID:2940640
A0AA43LUB2	unreviewed	nitrate reductase (quinone)	taxID:2940530
A0AA43TJ74	unreviewed	nitrate reductase (quinone)	taxID:3053457
A0AA43TRG3	unreviewed	nitrate reductase (quinone)	taxID:2051955
A0AA44LE75	unreviewed	nitrate reductase (quinone)	taxID:57706
A0AA44NFX2	unreviewed	nitrate reductase (quinone)	taxID:546
A0AA44R7U4	unreviewed	nitrate reductase (quinone)	taxID:2026192
A0AA44RG00	unreviewed	nitrate reductase (quinone)	taxID:57706
A0AA44TCI7	unreviewed	nitrate reductase (quinone)	taxID:1396
A0AA44U6K1	unreviewed	nitrate reductase (quinone)	taxID:1747
A0AA44YL25	unreviewed	nitrate reductase (quinone)	taxID:2116540
A0AA45HH79	unreviewed	nitrate reductase (quinone)	taxID:28141
A0AA45JKZ5	unreviewed	nitrate reductase (quinone)	taxID:2742602
A0AA45MRX0	unreviewed	nitrate reductase (quinone)	taxID:1871351
A0AA45R5U4	unreviewed	Nitrate reductase alpha subunit	taxID:103721
A0AA45XS72	unreviewed	nitrate reductase (quinone)	taxID:1761902
A0AA46K3B8	unreviewed	nitrate reductase (quinone)	taxID:615
A0AA46NTC7	unreviewed	Nitrate reductase alpha subunit	taxID:191292
A0AA46QHJ9	unreviewed	nitrate reductase (quinone)	taxID:2596826
A0AA46TML3	unreviewed	Nitrate reductase alpha subunit	taxID:2908642
A0AA46TSB2	unreviewed	nitrate reductase (quinone)	taxID:2937790
A0AA46UY08	unreviewed	Nitrate reductase alpha subunit	taxID:2987521
A0AA46X1B9	unreviewed	Nitrate reductase alpha subunit	taxID:1829
A0AA46X3A7	unreviewed	nitrate reductase (quinone)	taxID:423477
A0AA47E3G5	unreviewed	nitrate reductase (quinone)	taxID:2968969
A0AA47IQ69	unreviewed	nitrate reductase (quinone)	taxID:1655
A0AA48M9V5	unreviewed	nitrate reductase (quinone)	taxID:927786
A0AA49IXF1	unreviewed	4Fe-4S Mo/W bis-MGD-type domain-containing protein	taxID:2975601
A0AA50HRA6	unreviewed	nitrate reductase (quinone)	taxID:3062598
A0AA51MIA9	unreviewed	nitrate reductase (quinone)	taxID:2735563
A0AA51QM08	unreviewed	Nitrate reductase alpha subunit	taxID:3047468
A0AA51QYE1	unreviewed	Nitrate reductase alpha subunit	taxID:3062685
A0AA86B2V2	unreviewed	nitrate reductase (quinone)	taxID:1412467
A0AA86BAL7	unreviewed	nitrate reductase (quinone)	taxID:1412469
A0AA86BEL2	unreviewed	nitrate reductase (quinone)	taxID:1412469
A0AA86BHB5	unreviewed	nitrate reductase (quinone)	taxID:1412458
A0AA86BU70	unreviewed	nitrate reductase (quinone)	taxID:1412607
A0AA86BY04	unreviewed	nitrate reductase (quinone)	taxID:1412464
A0AA86ECF4	unreviewed	nitrate reductase (quinone)	taxID:1412458
A0AA86EFT4	unreviewed	nitrate reductase (quinone)	taxID:1412467
A0AA86EG88	unreviewed	nitrate reductase (quinone)	taxID:1412607
A0AA86EN23	unreviewed	nitrate reductase (quinone)	taxID:1412464
A0AA86EXH4	unreviewed	nitrate reductase (quinone)	taxID:1412465
A0AA86IH59	unreviewed	nitrate reductase (quinone)	taxID:305
A0AA86IQP4	unreviewed	nitrate reductase (quinone)	taxID:208224
A0AA86K8E6	unreviewed	nitrate reductase (quinone)	taxID:1412465
A0AA86L5A2	unreviewed	nitrate reductase (quinone)	taxID:267128
A0AA86YDC5	unreviewed	nitrate reductase (quinone)	taxID:471874
A0AA89LLK3	unreviewed	nitrate reductase (quinone)	taxID:1385590
A0AA90ATK0	unreviewed	nitrate reductase (quinone)	taxID:40324
A0AA90J9G2	unreviewed	nitrate reductase (quinone)	taxID:1925021
A0AA90PXP4	unreviewed	nitrate reductase (quinone)	taxID:3057167
A0AA90QGG9	unreviewed	nitrate reductase (quinone)	taxID:3057165
A0AA90SYS3	unreviewed	nitrate reductase (quinone)	taxID:3057166
A0AA90TTG6	unreviewed	nitrate reductase (quinone)	taxID:2547811
A0AA90Y3K1	unreviewed	nitrate reductase (quinone)	taxID:419257
A0AA91F0K4	unreviewed	Nitrate reductase alpha subunit	taxID:512402
A0AA91IP47	unreviewed	nitrate reductase (quinone)	taxID:1354268
A0AA91M1M2	unreviewed	Nitrate reductase alpha subunit	taxID:43348
A0AA91PC97	unreviewed	Nitrate reductase alpha subunit	taxID:1069220
A0AA91PFB4	unreviewed	Nitrate reductase alpha subunit	taxID:1069220
A0AA91YZ60	unreviewed	nitrate reductase (quinone)	taxID:1397
A0AA91ZUB8	unreviewed	nitrate reductase (quinone)	taxID:64104
A0AA92BMW0	unreviewed	nitrate reductase (quinone)	taxID:2075552
A0AA92EHI5	unreviewed	nitrate reductase (quinone)	taxID:305
A0AA92JVR6	unreviewed	nitrate reductase (quinone)	taxID:305
A0AA92X6W3	unreviewed	nitrate reductase (quinone)	taxID:2338073
A0AA93AKD7	unreviewed	nitrate reductase (quinone)	taxID:2204145
A0AA94EHX2	unreviewed	nitrate reductase (quinone)	taxID:1327752
A0AA94H2N7	unreviewed	nitrate reductase (quinone)	taxID:497725
A0AA94HL57	unreviewed	nitrate reductase (quinone)	taxID:153730
A0AA94UBE0	unreviewed	Nitrate reductase alpha subunit	taxID:319706
A0AA95DZ17	unreviewed	nitrate reductase (quinone)	taxID:2653185
A0AA95JW54	unreviewed	nitrate reductase (quinone)	taxID:61648
A0AA95KPW0	unreviewed	nitrate reductase (quinone)	taxID:3043332
A0AA95KRE0	unreviewed	nitrate reductase (quinone)	taxID:3080811
A0AA95LZK8	unreviewed	nitrate reductase (quinone)	taxID:1890302
A0AA95MDK1	unreviewed	nitrate reductase (quinone)	taxID:3047873
A0AA95MHQ3	unreviewed	nitrate reductase (quinone)	taxID:220687
A0AA95N5I7	unreviewed	nitrate reductase (quinone)	taxID:3051164
A0AA95SUK9	unreviewed	nitrate reductase (quinone)	taxID:3019553
A0AA96FT58	unreviewed	nitrate reductase (quinone)	taxID:3075432
A0AA96FXC1	unreviewed	Nitrate reductase alpha subunit	taxID:3075432
A0AA96HPB7	unreviewed	nitrate reductase (quinone)	taxID:3034506
A0AA96JGN9	unreviewed	Nitrate reductase alpha subunit	taxID:3075432
A0AA96L036	unreviewed	nitrate reductase (quinone)	taxID:3076087
A0AA96LZL1	unreviewed	nitrate reductase (quinone)	taxID:2497875
A0AA96RTY8	unreviewed	nitrate reductase (quinone)	taxID:2497875
A0AA96RWB2	unreviewed	nitrate reductase (quinone)	taxID:2895946
A0AA96S4B6	unreviewed	nitrate reductase (quinone)	taxID:3077585
A0AA96T496	unreviewed	nitrate reductase (quinone)	taxID:3077323
A0AA96YKJ4	unreviewed	nitrate reductase (quinone)	taxID:2949825
A0AA96ZM69	unreviewed	nitrate reductase (quinone)	taxID:3078804
A0AA97ACA7	unreviewed	Nitrate reductase alpha subunit	taxID:3038642
A0AA97AUX6	unreviewed	nitrate reductase (quinone)	taxID:3054776
A0AA97BAY0	unreviewed	nitrate reductase (quinone)	taxID:3049542
A0AA97BML1	unreviewed	nitrate reductase (quinone)	taxID:2949771
A0AA97BVY1	unreviewed	nitrate reductase (quinone)	taxID:2949878
A0AA97C4V3	unreviewed	nitrate reductase (quinone)	taxID:2949815
A0AA97GKF3	unreviewed	nitrate reductase (quinone)	taxID:2949776
A0AA97GRV0	unreviewed	nitrate reductase (quinone)	taxID:2949758
A0AA97GUV8	unreviewed	nitrate reductase (quinone)	taxID:3022769
A0AA97GZ70	unreviewed	nitrate reductase (quinone)	taxID:2907156
A0AA97I8W4	unreviewed	nitrate reductase (quinone)	taxID:3048689
A0AAC8QNU1	unreviewed	nitrate reductase (quinone)	taxID:1972431
A0AAC8UUY6	unreviewed	nitrate reductase (quinone)	taxID:637971
A0AAC8V747	unreviewed	4Fe-4S Mo/W bis-MGD-type domain-containing protein	taxID:1650654
A0AAC8VQK5	unreviewed	nitrate reductase (quinone)	taxID:1074000
A0AAC9NKH0	unreviewed	nitrate reductase (quinone)	taxID:1482
A0AAC9RTT3	unreviewed	nitrate reductase (quinone)	taxID:155085
A0AAC9SZK4	unreviewed	Nitrate reductase alpha subunit	taxID:1978566
A0AAC9VSP8	unreviewed	Nitrate reductase alpha subunit	taxID:701042
A0AAC9X5R6	unreviewed	nitrate reductase (quinone)	taxID:1978566
A0AAD0DFB4	unreviewed	nitrate reductase (quinone)	taxID:1920114
A0AAD0DG42	unreviewed	nitrate reductase (quinone)	taxID:1920114
A0AAD0EZ53	unreviewed	nitrate reductase (quinone)	taxID:34062
A0AAD0FMM8	unreviewed	nitrate reductase (quinone)	taxID:40324
A0AAD0KBM0	unreviewed	nitrate reductase (quinone)	taxID:2055
A0AAD0LNQ5	unreviewed	nitrate reductase (quinone)	taxID:2282310
A0AAD0LR92	unreviewed	nitrate reductase (quinone)	taxID:2282310
A0AAD0MU67	unreviewed	nitrate reductase (quinone)	taxID:1949203
A0AAD0NLU5	unreviewed	nitrate reductase (quinone)	taxID:2072411
A0AAD0RNH7	unreviewed	nitrate reductase (quinone)	taxID:1778675
A0AAD0SB94	unreviewed	nitrate reductase (quinone)	taxID:305
A0AAD0TW85	unreviewed	nitrate reductase (quinone)	taxID:60520
A0AAD0U9U5	unreviewed	nitrate reductase (quinone)	taxID:80842
A0AAD0V9U9	unreviewed	nitrate reductase (quinone)	taxID:2488567
A0AAD0VPF8	unreviewed	nitrate reductase (quinone)	taxID:1747
A0AAD0WDR2	unreviewed	nitrate reductase (quinone)	taxID:621376
A0AAD0Y8D6	unreviewed	nitrate reductase (quinone)	taxID:2488567
A0AAD0ZKB1	unreviewed	nitrate reductase (quinone)	taxID:587851
A0AAD1B1I8	unreviewed	nitrate reductase (quinone)	taxID:1113728
A0AAD1D9Q4	unreviewed	nitrate reductase (quinone)	taxID:335406
A0AAD1GZS2	unreviewed	Nitrate reductase alpha subunit	taxID:1789
A0AAD1HEY6	unreviewed	Nitrate reductase alpha subunit	taxID:39691
A0AAD1I0A4	unreviewed	Nitrate reductase alpha subunit	taxID:1788
A0AAD1IW86	unreviewed	Nitrate reductase alpha subunit	taxID:85693
A0AAD1KWG8	unreviewed	nitrate reductase (quinone)	taxID:274
A0AAD1LWF5	unreviewed	nitrate reductase (quinone)	taxID:2678256
A0AAD1MVC7	unreviewed	Nitrate reductase alpha subunit	taxID:758802
A0AAD1NUX4	unreviewed	nitrate reductase (quinone)	taxID:2559073
A0AAD2BMN6	unreviewed	nitrate reductase (quinone)	taxID:3058596
A0AAD2NWD2	unreviewed	nitrate reductase (quinone)	taxID:217992
A0AAD2NZC5	unreviewed	nitrate reductase (quinone)	taxID:217992
A0AAD2PRA7	unreviewed	nitrate reductase (quinone)	taxID:546
A0AAD2QDG4	unreviewed	nitrate reductase (quinone)	taxID:1287736
A0AAD2UEG4	unreviewed	nitrate reductase (quinone)	taxID:1055536
A0AAD2VBI1	unreviewed	nitrate reductase (quinone)	taxID:1010802
A0AAD2VCL1	unreviewed	nitrate reductase (quinone)	taxID:1010802
A0AAD2VG81	unreviewed	nitrate reductase (quinone)	taxID:1055535
A0AAD2Y0A2	unreviewed	nitrate reductase (quinone)	taxID:593105
A0AAD2YW19	unreviewed	nitrate reductase (quinone)	taxID:1055536
A0AAD2ZF44	unreviewed	nitrate reductase (quinone)	taxID:1055535
A0AAD3G099	unreviewed	Nitrate reductase alpha subunit	taxID:1335321
A0AAD3RUE8	unreviewed	nitrate reductase (quinone)	taxID:135740
A0AAD3UKF0	unreviewed	nitrate reductase (quinone)	taxID:571
A0AAD3YNZ1	unreviewed	nitrate reductase (quinone)	taxID:571
A0AAE2ECY5	unreviewed	nitrate reductase (quinone)	taxID:336306
A0AAE2EDE3	unreviewed	nitrate reductase (quinone)	taxID:336306
A0AAE2EME8	unreviewed	nitrate reductase (quinone)	taxID:1609979
A0AAE2I106	unreviewed	nitrate reductase (quinone)	taxID:1437876
A0AAE2JC49	unreviewed	nitrate reductase (quinone)	taxID:2742652
A0AAE2JD23	unreviewed	nitrate reductase (quinone)	taxID:2742652
A0AAE2TLU4	unreviewed	nitrate reductase (quinone)	taxID:2770510
A0AAE2VGE2	unreviewed	nitrate reductase (quinone)	taxID:135461
A0AAE2ZFA8	unreviewed	nitrate reductase (quinone)	taxID:587
A0AAE3BAA7	unreviewed	Nitrate reductase alpha subunit	taxID:43767
A0AAE3BF34	unreviewed	nitrate reductase (quinone)	taxID:180957
A0AAE3GHI7	unreviewed	Nitrate reductase alpha subunit	taxID:334858
A0AAE3KAH3	unreviewed	nitrate reductase (quinone)	taxID:414046
A0AAE3L5F4	unreviewed	nitrate reductase (quinone)	taxID:398773
A0AAE3NH49	unreviewed	nitrate reductase (quinone)	taxID:305
A0AAE3RHM0	unreviewed	nitrate reductase (quinone)	taxID:2920197
A0AAE3RJA3	unreviewed	nitrate reductase (quinone)	taxID:2920197
A0AAE3RQ90	unreviewed	nitrate reductase (quinone)	taxID:2985147
A0AAE3UT72	unreviewed	nitrate reductase (quinone)	taxID:2985147
A0AAE3Y144	unreviewed	nitrate reductase (quinone)	taxID:34073
A0AAE4DMP6	unreviewed	nitrate reductase (quinone)	taxID:1755099
A0AAE4DNY5	unreviewed	nitrate reductase (quinone)	taxID:1755099
A0AAE4DW75	unreviewed	nitrate reductase (quinone)	taxID:2071710
A0AAE4E4N5	unreviewed	nitrate reductase (quinone)	taxID:299766
A0AAE4E4T5	unreviewed	nitrate reductase (quinone)	taxID:299766
A0AAE4G530	unreviewed	nitrate reductase (quinone)	taxID:544580
A0AAE4JQE6	unreviewed	nitrate reductase (quinone)	taxID:582
A0AAE4KJ03	unreviewed	nitrate reductase (quinone)	taxID:3075514
A0AAE4MMC7	unreviewed	nitrate reductase (quinone)	taxID:1463164
A0AAE4QAE7	unreviewed	nitrate reductase (quinone)	taxID:2980102
A0AAE4QXJ6	unreviewed	nitrate reductase (quinone)	taxID:37915
A0AAE4R1F2	unreviewed	nitrate reductase (quinone)	taxID:89053
A0AAE4UFH4	unreviewed	Nitrate reductase alpha subunit	taxID:1767
A0AAE4VCG9	unreviewed	Nitrate reductase alpha subunit	taxID:1766
A0AAE5ADY5	unreviewed	Nitrate reductase alpha subunit	taxID:1766
A0AAE5CEJ7	unreviewed	Nitrate reductase alpha subunit	taxID:43767
A0AAE5IQ47	unreviewed	Nitrate reductase alpha subunit	taxID:43767
A0AAE5JXF3	unreviewed	nitrate reductase (quinone)	taxID:624
A0AAE5K2A1	unreviewed	nitrate reductase (quinone)	taxID:624
A0AAE5KRD0	unreviewed	nitrate reductase (quinone)	taxID:2047
A0AAE5M2T4	unreviewed	nitrate reductase (quinone)	taxID:1739350
A0AAE5MRK2	unreviewed	nitrate reductase (quinone)	taxID:1598
A0AAE5T0N3	unreviewed	nitrate reductase (quinone)	taxID:46126
A0AAE5V6X2	unreviewed	nitrate reductase (quinone)	taxID:1282
A0AAE5XHK1	unreviewed	nitrate reductase (quinone)	taxID:1628392
A0AAE6QW66	unreviewed	nitrate reductase (quinone)	taxID:2660750
A0AAE6WZP6	unreviewed	nitrate reductase (quinone)	taxID:1855823
A0AAE6YCV2	unreviewed	Nitrate reductase alpha subunit	taxID:1890
A0AAE6YEL4	unreviewed	Nitrate reductase alpha subunit	taxID:1890
A0AAE6YZ21	unreviewed	nitrate reductase (quinone)	taxID:204042
A0AAE7FEI4	unreviewed	nitrate reductase (quinone)	taxID:546
A0AAE7GTS5	unreviewed	nitrate reductase (quinone)	taxID:546
A0AAE7H2X4	unreviewed	nitrate reductase (quinone)	taxID:2742651
A0AAE7H3K9	unreviewed	nitrate reductase (quinone)	taxID:2742651
A0AAE7I0P7	unreviewed	nitrate reductase (quinone)	taxID:2742662
A0AAE7I2L7	unreviewed	nitrate reductase (quinone)	taxID:2742662
A0AAE7JT62	unreviewed	nitrate reductase (quinone)	taxID:47917
A0AAE8CMK9	unreviewed	nitrate reductase (quinone)	taxID:158836
A0AAE8HCA3	unreviewed	nitrate reductase (quinone)	taxID:76760
A0AAE8PB32	unreviewed	nitrate reductase (quinone)	taxID:1280
A0AAE8QX24	unreviewed	nitrate reductase (quinone)	taxID:2529382
A0AAE8UBQ4	unreviewed	nitrate reductase (quinone)	taxID:2529382
A0AAE8W7B6	unreviewed	Nitrate reductase alpha subunit	taxID:103232
A0AAE8WZY9	unreviewed	nitrate reductase (quinone)	taxID:158836
A0AAE9GVH6	unreviewed	nitrate reductase (quinone)	taxID:252130
A0AAE9I5C2	unreviewed	nitrate reductase (quinone)	taxID:151783
A0AAE9KZZ4	unreviewed	nitrate reductase (quinone)	taxID:1121352
A0AAE9NMY3	unreviewed	nitrate reductase (quinone)	taxID:2485124
A0AAE9PB71	unreviewed	nitrate reductase (quinone)	taxID:1396
A0AAE9RTY9	unreviewed	nitrate reductase (quinone)	taxID:235
A0AAE9UBZ1	unreviewed	nitrate reductase (quinone)	taxID:562
A0AAE9XQX7	unreviewed	nitrate reductase (quinone)	taxID:3024400
A0AAF0AIJ6	unreviewed	nitrate reductase (quinone)	taxID:521720
A0AAF0KWI7	unreviewed	nitrate reductase (quinone)	taxID:3028622
A0AAF0Z7F0	unreviewed	nitrate reductase (quinone)	taxID:3030830
A0AAF1BRE7	unreviewed	nitrate reductase (quinone)	taxID:598660
A0AAI8B5F8	unreviewed	nitrate reductase (quinone)	taxID:342113
A0AAI8DE57	unreviewed	nitrate reductase (quinone)	taxID:1296
A0AAI8INB6	unreviewed	Nitrate reductase alpha subunit	taxID:565560
A0AAI8IT59	unreviewed	nitrate reductase (quinone)	taxID:1463165
A0AAI8IT86	unreviewed	nitrate reductase (quinone)	taxID:1463165
A0AAI8MYR8	unreviewed	nitrate reductase (quinone)	taxID:659243
A0AAI8TPH3	unreviewed	Nitrate reductase alpha subunit	taxID:53462
A0AAI8ZSF2	unreviewed	nitrate reductase (quinone)	taxID:29484
A0AAI9D0C4	unreviewed	nitrate reductase (quinone)	taxID:1812934
A0AAI9DMN3	unreviewed	nitrate reductase (quinone)	taxID:61647
A0AAI9DU60	unreviewed	nitrate reductase (quinone)	taxID:571
A0AAI9FGP7	unreviewed	nitrate reductase (quinone)	taxID:562
A0AAI9G8J1	unreviewed	nitrate reductase (quinone)	taxID:29495
A0AAI9GCB6	unreviewed	nitrate reductase (quinone)	taxID:1812934
A0AAI9GGF4	unreviewed	nitrate reductase (quinone)	taxID:588
A0AAI9H1D4	unreviewed	nitrate reductase (quinone)	taxID:562
A0AAI9HGI1	unreviewed	nitrate reductase (quinone)	taxID:546
A0AAI9I227	unreviewed	nitrate reductase (quinone)	taxID:588
A0AAI9N373	unreviewed	nitrate reductase (quinone)	taxID:864073
A0AAI9PCG7	unreviewed	nitrate reductase (quinone)	taxID:555
A0AAI9PKZ0	unreviewed	nitrate reductase (quinone)	taxID:2880159
A0AAI9RD08	unreviewed	nitrate reductase (quinone)	taxID:2217829
A0AAJ0LUA6	unreviewed	nitrate reductase (quinone)	taxID:1637844
A0AAJ0NH90	unreviewed	nitrate reductase (quinone)	taxID:1281
A0AAJ0PRK4	unreviewed	nitrate reductase (quinone)	taxID:1637836
A0AAJ0PV73	unreviewed	nitrate reductase (quinone)	taxID:1637836
A0AAJ0X9N7	unreviewed	nitrate reductase (quinone)	taxID:85075
A0AAJ0YB60	unreviewed	nitrate reductase (quinone)	taxID:584
A0AAJ1AHM5	unreviewed	Nitrate reductase subunit alpha	taxID:3123416
A0AAJ1EXU6	unreviewed	nitrate reductase (quinone)	taxID:184870
A0AAJ1FTY0	unreviewed	nitrate reductase (quinone)	taxID:553
A0AAJ1GKG8	unreviewed	nitrate reductase (quinone)	taxID:3018084
A0AAJ1HX77	unreviewed	nitrate reductase (quinone)	taxID:3022772
A0AAJ1JRA1	unreviewed	nitrate reductase (quinone)	taxID:1639133
A0AAJ1JTQ4	unreviewed	nitrate reductase (quinone)	taxID:1639133
A0AAJ1K366	unreviewed	nitrate reductase (quinone)	taxID:2026186
A0AAJ1KYF7	unreviewed	nitrate reductase (quinone)	taxID:1134687
A0AAJ1N2Q6	unreviewed	nitrate reductase (quinone)	taxID:588
A0AAJ1P230	unreviewed	nitrate reductase (quinone)	taxID:2940557
A0AAJ1QAL5	unreviewed	nitrate reductase (quinone)	taxID:39777
A0AAJ1SWP2	unreviewed	nitrate reductase (quinone)	taxID:369935
A0AAJ1T0Q4	unreviewed	nitrate reductase (quinone)	taxID:1325931
A0AAJ1WJI2	unreviewed	nitrate reductase (quinone)	taxID:1325931
A0AAJ1ZEI0	unreviewed	nitrate reductase (quinone)	taxID:3038554
A0AAJ2C493	unreviewed	nitrate reductase (quinone)	taxID:47920
A0AAJ2D6Q1	unreviewed	nitrate reductase (quinone)	taxID:47917
A0AAJ2DLA6	unreviewed	nitrate reductase (quinone)	taxID:64104
A0AAJ2DY38	unreviewed	nitrate reductase (quinone)	taxID:3038561
A0AAJ2EED9	unreviewed	nitrate reductase (quinone)	taxID:3038560
A0AAJ2IEY2	unreviewed	nitrate reductase (quinone)	taxID:2962571
A0AAJ2M7K9	unreviewed	nitrate reductase (quinone)	taxID:2962590
A0AAJ2MWC3	unreviewed	nitrate reductase (quinone)	taxID:40324
A0AAJ2NL74	unreviewed	nitrate reductase (quinone)	taxID:3079795
A0AAJ2NYR2	unreviewed	nitrate reductase (quinone)	taxID:3061631
A0AAJ2QY05	unreviewed	nitrate reductase (quinone)	taxID:80866
A0AAJ2S726	unreviewed	nitrate reductase (quinone)	taxID:3095028
A0AAJ2S7E2	unreviewed	nitrate reductase (quinone)	taxID:3095028
A0AAJ2TLA6	unreviewed	nitrate reductase (quinone)	taxID:40324
A0AAJ2VS86	unreviewed	nitrate reductase (quinone)	taxID:272774
A0AAJ2YG91	unreviewed	Nitrate reductase alpha subunit	taxID:2692621
A0AAJ3B465	unreviewed	nitrate reductase (quinone)	taxID:2717483
A0AAJ3G135	unreviewed	nitrate reductase (quinone)	taxID:930166
A0AAJ3LUQ9	unreviewed	nitrate reductase (quinone)	taxID:1354271
A0AAJ3NZL3	unreviewed	nitrate reductase (quinone)	taxID:656410
A0AAJ3P2K5	unreviewed	nitrate reductase (quinone)	taxID:656410
A0AAJ4AAX5	unreviewed	nitrate reductase (quinone)	taxID:2587869
A0AAJ4BHY6	unreviewed	nitrate reductase (quinone)	taxID:2654238
A0AAJ4D2D3	unreviewed	nitrate reductase (quinone)	taxID:1664069
A0AAJ4F9K0	unreviewed	nitrate reductase (quinone)	taxID:2714951
A0AAJ4FA07	unreviewed	nitrate reductase (quinone)	taxID:2714951
A0AAJ4JM68	unreviewed	nitrate reductase (quinone)	taxID:2812055
A0AAJ4KVY5	unreviewed	nitrate reductase (quinone)	taxID:1613
A0AAJ4MN82	unreviewed	nitrate reductase (quinone)	taxID:29581
A0AAJ4NCZ8	unreviewed	nitrate reductase (quinone)	taxID:2821140
A0AAJ4NHR3	unreviewed	nitrate reductase (quinone)	taxID:587
A0AAJ4PCD3	unreviewed	nitrate reductase (quinone)	taxID:1903056
A0AAJ4SGT9	unreviewed	nitrate reductase (quinone)	taxID:1296
A0AAJ5E985	unreviewed	nitrate reductase (quinone)	taxID:2555724
A0AAJ5JBY5	unreviewed	nitrate reductase (quinone)	taxID:548
A0AAJ5QQN8	unreviewed	nitrate reductase (quinone)	taxID:2364647
A0AAJ5QY83	unreviewed	nitrate reductase (quinone)	taxID:1259973
A0AAJ5ZPJ6	unreviewed	nitrate reductase (quinone)	taxID:3038545
A0AAJ6D1E6	unreviewed	nitrate reductase (quinone)	taxID:1613
A0AAJ6D8W3	unreviewed	nitrate reductase (quinone)	taxID:3039157
A0AAJ6LDN8	unreviewed	nitrate reductase (quinone)	taxID:208224
A0AAJ6LKF3	unreviewed	nitrate reductase (quinone)	taxID:208224
A0AAJ8WKI4	unreviewed	nitrate reductase (quinone)	taxID:904139
A0AAN0KK67	unreviewed	nitrate reductase (quinone)	taxID:3073862
A0AAN0S6U3	unreviewed	nitrate reductase (quinone)	taxID:158822
A0AAN0SUY1	unreviewed	nitrate reductase (quinone)	taxID:451709
A0AAN0T3N7	unreviewed	nitrate reductase (quinone)	taxID:1398
A0AAN0VK44	unreviewed	nitrate reductase (quinone)	taxID:95486
A0AAN1A1Q1	unreviewed	nitrate reductase (quinone)	taxID:1905288
A0AAN1A3A6	unreviewed	nitrate reductase (quinone)	taxID:1905288
A0AAN1D775	unreviewed	nitrate reductase (quinone)	taxID:1426
A0AAN1H6E3	unreviewed	nitrate reductase (quinone)	taxID:2051905
A0AAN1HHB4	unreviewed	Nitrate reductase alpha subunit	taxID:1495638
A0AAN1JCZ1	unreviewed	nitrate reductase (quinone)	taxID:169430
A0AAN1TWV8	unreviewed	nitrate reductase (quinone)	taxID:470934
A0AAN1Y3P0	unreviewed	nitrate reductase (quinone)	taxID:1667327
A0AAN1Y528	unreviewed	nitrate reductase (quinone)	taxID:1667327
A0AAN1ZQZ5	unreviewed	nitrate reductase (quinone)	taxID:1280
A0AAN2AYX8	unreviewed	nitrate reductase (quinone)	taxID:69218
A0AAN2FAM2	unreviewed	nitrate reductase (quinone)	taxID:549
A0AAN3LKD0	unreviewed	nitrate reductase (quinone)	taxID:562
A0AAN3M8U6	unreviewed	nitrate reductase (quinone)	taxID:679202
A0AAN3MKU9	unreviewed	nitrate reductase (quinone)	taxID:624
A0AAN3Q6D9	unreviewed	nitrate reductase (quinone)	taxID:562
A0AAN3SD72	unreviewed	nitrate reductase (quinone)	taxID:679202
A0AAN3V039	unreviewed	nitrate reductase (quinone)	taxID:869687
A0AAN3V0N6	unreviewed	nitrate reductase (quinone)	taxID:869687
A0AAN3YRZ3	unreviewed	nitrate reductase (quinone)	taxID:584
A0AAN3ZEH0	unreviewed	nitrate reductase (quinone)	taxID:622
A0AAN4CNI4	unreviewed	nitrate reductase (quinone)	taxID:622
A0AAN4DB09	unreviewed	nitrate reductase (quinone)	taxID:624
A0AAN4DB71	unreviewed	nitrate reductase (quinone)	taxID:624
A0AAN4EWR4	unreviewed	nitrate reductase (quinone)	taxID:546
A0AAN4HL18	unreviewed	nitrate reductase (quinone)	taxID:1324966
A0AAN4NVN6	unreviewed	nitrate reductase (quinone)	taxID:1444135
A0AAN4SYR9	unreviewed	nitrate reductase (quinone)	taxID:1444135
A0AAN4UQB9	unreviewed	nitrate reductase (quinone)	taxID:765699
A0AAN5G7I2	unreviewed	nitrate reductase (quinone)	taxID:562
A0AAN5H588	unreviewed	nitrate reductase (quinone)	taxID:562
A0AAN5K6W0	unreviewed	nitrate reductase (quinone)	taxID:562
A0AAN5KVN5	unreviewed	nitrate reductase (quinone)	taxID:575
A0AAN5L1C5	unreviewed	nitrate reductase (quinone)	taxID:575
A0AAN5L3P0	unreviewed	nitrate reductase (quinone)	taxID:571
A0AAN5MIQ4	unreviewed	nitrate reductase (quinone)	taxID:582
A0AAN5R277	unreviewed	nitrate reductase (quinone)	taxID:546
A0AAN5X3Y1	unreviewed	nitrate reductase (quinone)	taxID:28141
A0AAN6B7D9	unreviewed	nitrate reductase (quinone)	taxID:1396
A0AAP0SHX7	unreviewed	nitrate reductase (quinone)	taxID:1163398
A0AAP1E200	unreviewed	4Fe-4S Mo/W bis-MGD-type domain-containing protein	taxID:1423
A0AAP1MQT8	unreviewed	nitrate reductase (quinone)	taxID:2769256
A0AAP1PQZ6	unreviewed	nitrate reductase (quinone)	taxID:134537
A0AAP1QKM0	unreviewed	nitrate reductase (quinone)	taxID:2769256
A0AAP1WDC7	unreviewed	nitrate reductase (quinone)	taxID:562
A0AAP2AG96	unreviewed	nitrate reductase (quinone)	taxID:61646
A0AAP2F0T2	unreviewed	nitrate reductase (quinone)	taxID:61646
A0AAP2FLT1	unreviewed	nitrate reductase (quinone)	taxID:571
A0AAP2MSF2	unreviewed	nitrate reductase (quinone)	taxID:87883
A0AAP2PCN9	unreviewed	nitrate reductase (quinone)	taxID:2831897
A0AAP3A219	unreviewed	nitrate reductase (quinone)	taxID:562
A0AAP3CHT0	unreviewed	nitrate reductase (quinone)	taxID:72361
A0AAP3G0U6	unreviewed	nitrate reductase (quinone)	taxID:72360
A0AAP3XS62	unreviewed	nitrate reductase (quinone)	taxID:3031815
A0AAP4A1Z4	unreviewed	nitrate reductase (quinone)	taxID:1406
A0AAP4BPN3	unreviewed	nitrate reductase (quinone)	taxID:37637
A0AAP4C1U3	unreviewed	nitrate reductase (quinone)	taxID:38284
A0AAP4DHL4	unreviewed	nitrate reductase (quinone)	taxID:1390
A0AAP4FA77	unreviewed	nitrate reductase (quinone)	taxID:43769
A0AAP4FZ91	unreviewed	nitrate reductase (quinone)	taxID:3050585
A0AAP4LCF3	unreviewed	nitrate reductase (quinone)	taxID:3050585
A0AAP4QBC0	unreviewed	nitrate reductase (quinone)	taxID:1428
A0AAP5C404	unreviewed	nitrate reductase (quinone)	taxID:86188
A0AAP5H182	unreviewed	nitrate reductase (quinone)	taxID:1451
A0AAP5JT05	unreviewed	nitrate reductase (quinone)	taxID:1464
A0AAP5QG90	unreviewed	nitrate reductase (quinone)	taxID:134537
A0AAP5QGJ6	unreviewed	nitrate reductase (quinone)	taxID:134537
A0AAP5QLE1	unreviewed	nitrate reductase (quinone)	taxID:3075931
A0AAP5XW36	unreviewed	nitrate reductase (quinone)	taxID:546
A0AAP6ASZ0	unreviewed	nitrate reductase (quinone)	taxID:562
A0AAP6E8V8	unreviewed	nitrate reductase (quinone)	taxID:562
A0AAP6EL73	unreviewed	Nitrate reductase alpha subunit	taxID:42234
A0AAP6MKM4	unreviewed	nitrate reductase (quinone)	taxID:3110268
A0AAP7BZN9	unreviewed	nitrate reductase (quinone)	taxID:1280
A0AAP7IC59	unreviewed	nitrate reductase (quinone)	taxID:246432
A0AAP7J4G6	unreviewed	nitrate reductase (quinone)	taxID:1581082
A0AAP7TBH2	unreviewed	nitrate reductase (quinone)	taxID:1390
A0AAP8AQ52	unreviewed	nitrate reductase (quinone)	taxID:562
A0AAP8BEI0	unreviewed	nitrate reductase (quinone)	taxID:1405
A0AAP8D324	unreviewed	nitrate reductase (quinone)	taxID:1091042
A0AAP8F2R4	unreviewed	nitrate reductase (quinone)	taxID:155322
A0AAP8G3V4	unreviewed	nitrate reductase (quinone)	taxID:2035211
A0AAP8GLF7	unreviewed	nitrate reductase (quinone)	taxID:158836
A0AAP8GSX5	unreviewed	nitrate reductase (quinone)	taxID:1405
A0AAP8PZW5	unreviewed	nitrate reductase (quinone)	taxID:615
A0AAP8TQ75	unreviewed	nitrate reductase (quinone)	taxID:615
A0AAP8TTF7	unreviewed	nitrate reductase (quinone)	taxID:29379
A0AAP9A1F9	unreviewed	nitrate reductase (quinone)	taxID:2590776
A0AAP9DD47	unreviewed	nitrate reductase (quinone)	taxID:83655
A0AAP9ISD1	unreviewed	nitrate reductase (quinone)	taxID:83655
A0AAP9IZZ4	unreviewed	nitrate reductase (quinone)	taxID:49283
A0AAP9LDZ7	unreviewed	nitrate reductase (quinone)	taxID:2778550
A0AAP9MKM6	unreviewed	nitrate reductase (quinone)	taxID:1055537
A0AAP9NKJ6	unreviewed	nitrate reductase (quinone)	taxID:664683
A0AAP9QSZ8	unreviewed	nitrate reductase (quinone)	taxID:548
A0AAP9R1I1	unreviewed	nitrate reductase (quinone)	taxID:548
A0AAP9SGU8	unreviewed	nitrate reductase (quinone)	taxID:1055537
A0AAP9TVR4	unreviewed	nitrate reductase (quinone)	taxID:546
A0AAP9UQ72	unreviewed	nitrate reductase (quinone)	taxID:2762328
A0AAP9XL06	unreviewed	nitrate reductase (quinone)	taxID:577
A0AAP9XTC2	unreviewed	nitrate reductase (quinone)	taxID:577
A0AAP9XVV0	unreviewed	nitrate reductase (quinone)	taxID:337
A0AAP9ZI29	unreviewed	nitrate reductase (quinone)	taxID:44935
A0AAQ0AMJ1	unreviewed	nitrate reductase (quinone)	taxID:587753
A0AAQ0CWI0	unreviewed	nitrate reductase (quinone)	taxID:2811789
A0AAQ0IGL2	unreviewed	nitrate reductase (quinone)	taxID:53344
A0AAQ0J748	unreviewed	nitrate reductase (quinone)	taxID:61645
A0AAQ0JL65	unreviewed	nitrate reductase (quinone)	taxID:292
A0AAQ0KKF9	unreviewed	nitrate reductase (quinone)	taxID:34007
A0AAQ0LZ55	unreviewed	nitrate reductase (quinone)	taxID:1288
A0AAQ0MK90	unreviewed	nitrate reductase (quinone)	taxID:2282419
A0AAQ0U5M7	unreviewed	Nitrate reductase alpha subunit	taxID:2144188
A0AAQ0V8W6	unreviewed	nitrate reductase (quinone)	taxID:545
A0AAQ1GBJ9	unreviewed	nitrate reductase (quinone)	taxID:92647
A0AAQ1HIY8	unreviewed	nitrate reductase (quinone)	taxID:53408
A0AAQ1HL26	unreviewed	nitrate reductase (quinone)	taxID:53408
A0AAQ1I8R2	unreviewed	nitrate reductase (quinone)	taxID:1812935
A0AAQ1JK24	unreviewed	nitrate reductase (quinone)	taxID:47883
A0AAQ1TV89	unreviewed	nitrate reductase (quinone)	taxID:43770
A0AAQ2C8I7	unreviewed	nitrate reductase (quinone)	taxID:1259235
A0AAQ2DXR6	unreviewed	nitrate reductase (quinone)	taxID:562
A0AAQ3C3C2	unreviewed	4Fe-4S Mo/W bis-MGD-type domain-containing protein	taxID:1263550
A0AAQ3EZ09	unreviewed	nitrate reductase (quinone)	taxID:1423
A0AAT9EAC0	unreviewed	nitrate reductase (quinone)	taxID:1334564
A0AAT9MKX7	unreviewed	nitrate reductase (quinone)	taxID:1208611
A0AAT9MLE4	unreviewed	nitrate reductase (quinone)	taxID:1208611
A0AAT9MWL3	unreviewed	nitrate reductase (quinone)	taxID:997339
A0AAT9MXK5	unreviewed	nitrate reductase (quinone)	taxID:997339
A0AAT9N8R2	unreviewed	nitrate reductase (quinone)	taxID:1410932
A0AAT9N927	unreviewed	nitrate reductase (quinone)	taxID:1410932
A0AAT9PJ77	unreviewed	nitrate reductase (quinone)	taxID:2925318
A0AAT9REL9	unreviewed	Nitrate reductase alpha subunit	taxID:2801030
A0AAT9UY43	unreviewed	nitrate reductase (quinone)	taxID:3104013
A0AAT9W2L6	unreviewed	nitrate reductase (quinone)	taxID:3064532
A0AAU0LG58	unreviewed	nitrate reductase (quinone)	taxID:2986766
A0AAU0QAU3	unreviewed	Nitrate reductase alpha subunit	taxID:1305738
A0AAU0R195	unreviewed	nitrate reductase (quinone)	taxID:3098592
A0AAU0S3A9	unreviewed	nitrate reductase (quinone)	taxID:3048609
A0AAU0U8F4	unreviewed	nitrate reductase (quinone)	taxID:3048629
A0AAU0WI27	unreviewed	Nitrate reductase alpha subunit	taxID:2975793
A0AAU0X8K2	unreviewed	Nitrate reductase alpha subunit	taxID:2975792
A0AAU0Z973	unreviewed	Nitrate reductase alpha subunit	taxID:2975789
A0AAU0ZNV0	unreviewed	Nitrate reductase alpha subunit	taxID:2975788
A0AAU1EM48	unreviewed	Nitrate reductase alpha subunit	taxID:2975674
A0AAU1FRH3	unreviewed	Nitrate reductase alpha subunit	taxID:2975680
A0AAU1HST5	unreviewed	Nitrate reductase alpha subunit	taxID:2903632
A0AAU1IIM0	unreviewed	Nitrate reductase alpha subunit	taxID:2903631
A0AAU1JKY7	unreviewed	Nitrate reductase alpha subunit	taxID:2903630
A0AAU1KGY8	unreviewed	nitrate reductase (quinone)	taxID:2903627
A0AAU1LFG9	unreviewed	nitrate reductase (quinone)	taxID:2975671
A0AAU1YD14	unreviewed	Nitrate reductase alpha subunit	taxID:2903621
A0AAU1YH20	unreviewed	Nitrate reductase alpha subunit	taxID:2903621
A0AAU1YMG5	unreviewed	Nitrate reductase alpha subunit	taxID:2975650
A0AAU2AEM5	unreviewed	Nitrate reductase alpha subunit	taxID:2975649
A0AAU2FCR8	unreviewed	Nitrate reductase alpha subunit	taxID:2975641
A0AAU2QI46	unreviewed	Nitrate reductase alpha subunit	taxID:2975624
A0AAU2R7C4	unreviewed	Nitrate reductase alpha subunit	taxID:2903612
A0AAU2RTY7	unreviewed	Nitrate reductase alpha subunit	taxID:2975623
A0AAU2SED6	unreviewed	Nitrate reductase alpha subunit	taxID:2975623
A0AAU2SMP6	unreviewed	Nitrate reductase alpha subunit	taxID:2975623
A0AAU2WWL1	unreviewed	Nitrate reductase alpha subunit	taxID:3115366
A0AAU3DWG0	unreviewed	Nitrate reductase alpha subunit	taxID:2903590
A0AAU3FLX1	unreviewed	Nitrate reductase alpha subunit	taxID:2903589
A0AAU3HRS7	unreviewed	Nitrate reductase alpha subunit	taxID:2903851
A0AAU3I761	unreviewed	Nitrate reductase alpha subunit	taxID:2903851
A0AAU3KN51	unreviewed	Nitrate reductase alpha subunit	taxID:2903596
A0AAU3Q955	unreviewed	Nitrate reductase alpha subunit	taxID:2903595
A0AAU3UDF3	unreviewed	Nitrate reductase alpha subunit	taxID:2903591
A0AAU3UR65	unreviewed	Nitrate reductase alpha subunit	taxID:2903591
A0AAU3UW83	unreviewed	Nitrate reductase alpha subunit	taxID:2903591
A0AAU3WA49	unreviewed	Nitrate reductase alpha subunit	taxID:2975762
A0AAU3WLS7	unreviewed	Nitrate reductase alpha subunit	taxID:2975761
A0AAU3XEF8	unreviewed	Nitrate reductase alpha subunit	taxID:2903658
A0AAU3YP98	unreviewed	Nitrate reductase alpha subunit	taxID:2975753
A0AAU4ABU7	unreviewed	Nitrate reductase alpha subunit	taxID:2975747
A0AAU4BMV7	unreviewed	nitrate reductase (quinone)	taxID:2976006
A0AAU4CPJ6	unreviewed	Nitrate reductase alpha subunit	taxID:2903647
A0AAU4CPN9	unreviewed	Nitrate reductase alpha subunit	taxID:2903647
A0AAU4IA95	unreviewed	Nitrate reductase alpha subunit	taxID:2975714
A0AAU4J3X1	unreviewed	nitrate reductase (quinone)	taxID:2975713
A0AAU4J8H1	unreviewed	Nitrate reductase alpha subunit	taxID:2975713
A0AAU4JAD7	unreviewed	Nitrate reductase alpha subunit	taxID:2975713
A0AAU4KA46	unreviewed	Nitrate reductase alpha subunit	taxID:2903646
A0AAU4Q971	unreviewed	Nitrate reductase alpha subunit	taxID:2975709
A0AAU4QJN3	unreviewed	Nitrate reductase alpha subunit	taxID:2975705
A0AAU4SLE6	unreviewed	Nitrate reductase alpha subunit	taxID:2975701
A0AAU5ACR5	unreviewed	Nitrate reductase alpha subunit	taxID:2903642
A0AAU5AJZ9	unreviewed	Nitrate reductase alpha subunit	taxID:2975691
A0AAU5DAP5	unreviewed	Nitrate reductase alpha subunit	taxID:2903640
A0AAU5E8M4	unreviewed	Nitrate reductase alpha subunit	taxID:2903637
A0AAU5GK43	unreviewed	Nitrate reductase alpha subunit	taxID:2903645
A0AAU5GMS7	unreviewed	Nitrate reductase alpha subunit	taxID:2903645
A0AAU5MPT9	unreviewed	Nitrate reductase alpha subunit	taxID:2975972
A0AAU5NNA7	unreviewed	Nitrate reductase alpha subunit	taxID:2975809
A0AAU5NXG9	unreviewed	Nitrate reductase alpha subunit	taxID:2903672
A0AAU5RFR1	unreviewed	Nitrate reductase alpha subunit	taxID:2975804
A0AAU5RLX3	unreviewed	nitrate reductase (quinone)	taxID:2975804
A0AAU5RSW2	unreviewed	Nitrate reductase alpha subunit	taxID:2975804
A0AAU5TQI1	unreviewed	Nitrate reductase alpha subunit	taxID:2975801
A0AAU5V1Z1	unreviewed	Nitrate reductase alpha subunit	taxID:2903669
A0AAU5Z931	unreviewed	Nitrate reductase alpha subunit	taxID:2903579
A0AAU6C7J0	unreviewed	Nitrate reductase alpha subunit	taxID:2903882
A0AAU6JHN6	unreviewed	Nitrate reductase alpha subunit	taxID:2903872
A0AAU6NED1	unreviewed	nitrate reductase (quinone)	taxID:3080020
A0AAU6NEZ7	unreviewed	nitrate reductase (quinone)	taxID:3080020
A0AAU6PWR2	unreviewed	nitrate reductase (quinone)	taxID:2565531
A0AAU6QTV3	unreviewed	nitrate reductase (quinone)	taxID:3136564
A0AAU6RIJ0	unreviewed	nitrate reductase (quinone)	taxID:3039389
A0AAU6RV20	unreviewed	nitrate reductase (quinone)	taxID:3039388
A0AAU6TTP9	unreviewed	nitrate reductase (quinone)	taxID:2920688
A0AAU6X7Z6	unreviewed	Nitrate reductase alpha subunit	taxID:3142634
A0AAU6XCS4	unreviewed	Nitrate reductase alpha subunit	taxID:3142634
A0AAU6XIQ6	unreviewed	nitrate reductase (quinone)	taxID:3142634
A0AAU6ZSZ0	unreviewed	Nitrate reductase alpha subunit	taxID:3118328
A0AAU7A0S0	unreviewed	Nitrate reductase alpha subunit	taxID:3118328
A0AAU7E0B0	unreviewed	nitrate reductase (quinone)	taxID:3120821
A0AAU7FNQ8	unreviewed	nitrate reductase (quinone)	taxID:3152302
A0AAU7FQ71	unreviewed	nitrate reductase (quinone)	taxID:3152302
A0AAU7GUD6	unreviewed	nitrate reductase (quinone)	taxID:2769343
A0AAU7GVK8	unreviewed	nitrate reductase (quinone)	taxID:2769343
A0AAU7HCV1	unreviewed	nitrate reductase (quinone)	taxID:2769349
A0AAU7HCY1	unreviewed	nitrate reductase (quinone)	taxID:2769349
A0AAU7HRC0	unreviewed	nitrate reductase (quinone)	taxID:2769347
A0AAU7HRH8	unreviewed	nitrate reductase (quinone)	taxID:2769347
A0AAU7I5J1	unreviewed	nitrate reductase (quinone)	taxID:2769346
A0AAU7I648	unreviewed	nitrate reductase (quinone)	taxID:2769346
A0AAU7IG65	unreviewed	nitrate reductase (quinone)	taxID:2769345
A0AAU7IGQ7	unreviewed	nitrate reductase (quinone)	taxID:2769345
A0AAU7IHF5	unreviewed	nitrate reductase (quinone)	taxID:2769344
A0AAU7IUQ2	unreviewed	nitrate reductase (quinone)	taxID:2769344
A0AAU7IWP4	unreviewed	nitrate reductase (quinone)	taxID:2797506
A0AAU7K084	unreviewed	Nitrate reductase alpha subunit	taxID:3149228
A0AAU7KDT6	unreviewed	nitrate reductase (quinone)	taxID:2950872
A0AAU7KPT9	unreviewed	nitrate reductase (quinone)	taxID:2950874
A0AAU7L9Q4	unreviewed	nitrate reductase (quinone)	taxID:3151598
A0AAU7LQQ2	unreviewed	nitrate reductase (quinone)	taxID:335476
A0AAU7MJS5	unreviewed	nitrate reductase (quinone)	taxID:3158548
A0AAU7N4P4	unreviewed	nitrate reductase (quinone)	taxID:2769348
A0AAU7N5A9	unreviewed	nitrate reductase (quinone)	taxID:2769348
A0AAU7NSU5	unreviewed	nitrate reductase (quinone)	taxID:3067653
A0AAU7QUK9	unreviewed	Nitrate reductase alpha subunit	taxID:3156396
A0AAU7T8D0	unreviewed	Nitrate reductase alpha subunit	taxID:3160966
A0AAU7UZH4	unreviewed	Nitrate reductase alpha subunit	taxID:1387842
A0AAU7VAA1	unreviewed	nitrate reductase (quinone)	taxID:3079930
A0AAU7XW00	unreviewed	nitrate reductase (quinone)	taxID:3126101
A0AAU8F0I2	unreviewed	nitrate reductase (quinone)	taxID:3041344
A0AAU8G151	unreviewed	nitrate reductase (quinone)	taxID:3163031
A0AAU8HH80	unreviewed	Nitrate reductase alpha subunit	taxID:3111921
A0AAU8J0Q3	unreviewed	Nitrate reductase alpha subunit	taxID:3156398
A0AAU8NGU9	unreviewed	nitrate reductase (quinone)	taxID:3151385
A0AAU8P0V6	unreviewed	4Fe-4S Mo/W bis-MGD-type domain-containing protein	taxID:1263550
A0AAU8RRF3	unreviewed	nitrate reductase (quinone)	taxID:1168865
A0AAU8SB62	unreviewed	nitrate reductase (quinone)	taxID:1468409
A0AAU8SQF1	unreviewed	nitrate reductase (quinone)	taxID:1468409
A0AAU8T7D4	unreviewed	nitrate reductase (quinone)	taxID:134537
A0AAU8WC75	unreviewed	nitrate reductase (quinone)	taxID:2014742
A0AAU8Y5D7	unreviewed	nitrate reductase (quinone)	taxID:1758196
A0AAU8ZL85	unreviewed	nitrate reductase (quinone)	taxID:582
A0AAU9BV73	unreviewed	nitrate reductase (quinone)	taxID:1812935
A0AAU9CSU4	unreviewed	nitrate reductase (quinone)	taxID:2840183
A0AAU9H231	unreviewed	nitrate reductase (quinone)	taxID:1280
A0AAV3HCB9	unreviewed	nitrate reductase (quinone)	taxID:1005554
A0AAV3HCJ0	unreviewed	nitrate reductase (quinone)	taxID:1005554
A0AAV3I6M1	unreviewed	nitrate reductase (quinone)	taxID:1051347
A0AAV3K613	unreviewed	nitrate reductase (quinone)	taxID:1231725
A0AAV3X4H5	unreviewed	nitrate reductase (quinone)	taxID:2530354
A0AAV4YTC9	unreviewed	nitrate reductase (quinone)	taxID:648
A0AAV5G6A7	unreviewed	nitrate reductase (quinone)	taxID:1697
A0AAW3EHK7	unreviewed	nitrate reductase (quinone)	taxID:55208
A0AAW3FNX7	unreviewed	nitrate reductase (quinone)	taxID:1304889
A0AAW3HGD3	unreviewed	nitrate reductase (quinone)	taxID:2494701
A0AAW3PHZ3	unreviewed	nitrate reductase (quinone)	taxID:488732
A0AAW3PWB2	unreviewed	nitrate reductase (quinone)	taxID:179879
A0AAW3RP13	unreviewed	nitrate reductase (quinone)	taxID:2488639
A0AAW3SV33	unreviewed	nitrate reductase (quinone)	taxID:1201031
A0AAW3V4X1	unreviewed	nitrate reductase (quinone)	taxID:134537
A0AAW3WQF8	unreviewed	nitrate reductase (quinone)	taxID:47917
A0AAW3XGA6	unreviewed	nitrate reductase (quinone)	taxID:208224
A0AAW3XGC2	unreviewed	nitrate reductase (quinone)	taxID:208224
A0AAW3ZNS2	unreviewed	nitrate reductase (quinone)	taxID:2774145
A0AAW4EVM6	unreviewed	nitrate reductase (quinone)	taxID:2767464
A0AAW4FB91	unreviewed	nitrate reductase (quinone)	taxID:562
A0AAW4G1T5	unreviewed	nitrate reductase (quinone)	taxID:36822
A0AAW4GD11	unreviewed	nitrate reductase (quinone)	taxID:2045214
A0AAW4HP30	unreviewed	nitrate reductase (quinone)	taxID:1428
A0AAW4I1M3	unreviewed	nitrate reductase (quinone)	taxID:1690268
A0AAW4NUS4	unreviewed	nitrate reductase (quinone)	taxID:2042057
A0AAW4XAK8	unreviewed	Nitrate reductase alpha subunit	taxID:1829
A0AAW4XX40	unreviewed	nitrate reductase (quinone)	taxID:160825
A0AAW4YBE2	unreviewed	Nitrate reductase subunit alpha	taxID:1280
A0AAW4YV20	unreviewed	nitrate reductase (quinone)	taxID:52021
A0AAW5AH02	unreviewed	nitrate reductase (quinone)	taxID:219574
A0AAW5E350	unreviewed	nitrate reductase (quinone)	taxID:2918902
A0AAW5GDZ5	unreviewed	nitrate reductase (quinone)	taxID:2042057
A0AAW5HXT8	unreviewed	nitrate reductase (quinone)	taxID:2804918
A0AAW5KSP1	unreviewed	nitrate reductase (quinone)	taxID:1396
A0AAW5LLS0	unreviewed	nitrate reductase (quinone)	taxID:1296
A0AAW5LY94	unreviewed	nitrate reductase (quinone)	taxID:654
A0AAW5MK99	unreviewed	nitrate reductase (quinone)	taxID:1499973
A0AAW5PHK8	unreviewed	nitrate reductase (quinone)	taxID:216778
A0AAW5Q5W1	unreviewed	nitrate reductase (quinone)	taxID:321318
A0AAW5QEM7	unreviewed	Nitrate reductase alpha subunit	taxID:2972477
A0AAW5R027	unreviewed	nitrate reductase (quinone)	taxID:2931392
A0AAW5RTC0	unreviewed	nitrate reductase (quinone)	taxID:651
A0AAW5S267	unreviewed	Nitrate reductase alpha subunit	taxID:701041
A0AAW5SGI5	unreviewed	Nitrate reductase alpha subunit	taxID:59813
A0AAW5W5V6	unreviewed	nitrate reductase (quinone)	taxID:1639133
A0AAW5WDW5	unreviewed	nitrate reductase (quinone)	taxID:1639133
A0AAW5X4Y0	unreviewed	nitrate reductase (quinone)	taxID:3018057
A0AAW5Y495	unreviewed	nitrate reductase (quinone)	taxID:3018109
A0AAW5YK18	unreviewed	nitrate reductase (quinone)	taxID:3018127
A0AAW5ZI89	unreviewed	nitrate reductase (quinone)	taxID:305
A0AAW6JFH3	unreviewed	nitrate reductase (quinone)	taxID:1598
A0AAW6K778	unreviewed	nitrate reductase (quinone)	taxID:1648923
A0AAW6KBR4	unreviewed	nitrate reductase (quinone)	taxID:1648923
A0AAW6LPS2	unreviewed	Nitrate reductase alpha subunit	taxID:334542
A0AAW6NSD0	unreviewed	nitrate reductase (quinone)	taxID:550
A0AAW6NU22	unreviewed	nitrate reductase (quinone)	taxID:550
A0AAW6P7S3	unreviewed	nitrate reductase (quinone)	taxID:53408
A0AAW6P7U9	unreviewed	nitrate reductase (quinone)	taxID:53408
A0AAW6S692	unreviewed	nitrate reductase (quinone)	taxID:550
A0AAW6SQY7	unreviewed	nitrate reductase (quinone)	taxID:38875
A0AAW6UIQ4	unreviewed	nitrate reductase (quinone)	taxID:587
A0AAW6V001	unreviewed	nitrate reductase (quinone)	taxID:2927839
A0AAW6V1Z7	unreviewed	nitrate reductase (quinone)	taxID:2927839
A0AAW6VVA6	unreviewed	nitrate reductase (quinone)	taxID:562
A0AAW6X5B8	unreviewed	nitrate reductase (quinone)	taxID:2703794
A0AAW6ZJK2	unreviewed	nitrate reductase (quinone)	taxID:488
A0AAW7AKL8	unreviewed	nitrate reductase (quinone)	taxID:246432
A0AAW7B4W2	unreviewed	nitrate reductase (quinone)	taxID:1218315
A0AAW7B8Q8	unreviewed	nitrate reductase (quinone)	taxID:2936270
A0AAW7BXR1	unreviewed	nitrate reductase (quinone)	taxID:2936270
A0AAW7CWW3	unreviewed	nitrate reductase (quinone)	taxID:2050967
A0AAW7EFW9	unreviewed	nitrate reductase (quinone)	taxID:2985127
A0AAW7EHL0	unreviewed	nitrate reductase (quinone)	taxID:2985127
A0AAW7EY95	unreviewed	nitrate reductase (quinone)	taxID:2985097
A0AAW7F0E5	unreviewed	nitrate reductase (quinone)	taxID:2985097
A0AAW7FG48	unreviewed	nitrate reductase (quinone)	taxID:2985084
A0AAW7FJE1	unreviewed	nitrate reductase (quinone)	taxID:2985084
A0AAW7FY07	unreviewed	nitrate reductase (quinone)	taxID:2985083
A0AAW7FZ12	unreviewed	nitrate reductase (quinone)	taxID:2985083
A0AAW7G751	unreviewed	nitrate reductase (quinone)	taxID:2985073
A0AAW7GBG3	unreviewed	nitrate reductase (quinone)	taxID:2985073
A0AAW7GNJ0	unreviewed	nitrate reductase (quinone)	taxID:2985042
A0AAW7GPF2	unreviewed	nitrate reductase (quinone)	taxID:2985042
A0AAW7GVP4	unreviewed	nitrate reductase (quinone)	taxID:2985033
A0AAW7H1S0	unreviewed	nitrate reductase (quinone)	taxID:2985033
A0AAW7LRB7	unreviewed	nitrate reductase (quinone)	taxID:1639133
A0AAW7MCK0	unreviewed	nitrate reductase (quinone)	taxID:29379
A0AAW7NGH0	unreviewed	nitrate reductase (quinone)	taxID:1396
A0AAW7QX54	unreviewed	nitrate reductase (quinone)	taxID:2820060
A0AAW7SMY4	unreviewed	nitrate reductase (quinone)	taxID:3059203
A0AAW7T273	unreviewed	nitrate reductase (quinone)	taxID:60552
A0AAW7TEW9	unreviewed	nitrate reductase (quinone)	taxID:198467
A0AAW7U1G1	unreviewed	nitrate reductase (quinone)	taxID:3061168
A0AAW7USW1	unreviewed	nitrate reductase (quinone)	taxID:562
A0AAW7UVJ9	unreviewed	nitrate reductase (quinone)	taxID:562
A0AAW7VF45	unreviewed	nitrate reductase (quinone)	taxID:562
A0AAW7YK98	unreviewed	nitrate reductase (quinone)	taxID:3062664
A0AAW7ZUF8	unreviewed	nitrate reductase (quinone)	taxID:61645
A0AAW8AE12	unreviewed	nitrate reductase (quinone)	taxID:573
A0AAW8EIJ2	unreviewed	nitrate reductase (quinone)	taxID:34073
A0AAW8H5A3	unreviewed	nitrate reductase (quinone)	taxID:885040
A0AAW8H5R7	unreviewed	nitrate reductase (quinone)	taxID:885040
A0AAW8HZ47	unreviewed	Nitrate reductase alpha subunit	taxID:2970330
A0AAW8JH81	unreviewed	nitrate reductase (quinone)	taxID:202952
A0AAW8L6T5	unreviewed	nitrate reductase (quinone)	taxID:544580
A0AAW8MDG3	unreviewed	nitrate reductase (quinone)	taxID:930166
A0AAW8NEM2	unreviewed	nitrate reductase (quinone)	taxID:1671
A0AAW8W0D2	unreviewed	nitrate reductase (quinone)	taxID:1589
A0AAW8WH26	unreviewed	nitrate reductase (quinone)	taxID:1589
A0AAW8XLA1	unreviewed	nitrate reductase (quinone)	taxID:1667327
A0AAW8XS56	unreviewed	nitrate reductase (quinone)	taxID:1667327
A0AAW9C8B4	unreviewed	nitrate reductase (quinone)	taxID:580
A0AAW9CR49	unreviewed	nitrate reductase (quinone)	taxID:57975
A0AAW9CUK2	unreviewed	nitrate reductase (quinone)	taxID:57975
A0AAW9DWG4	unreviewed	nitrate reductase (quinone)	taxID:548
A0AAW9DZX3	unreviewed	nitrate reductase (quinone)	taxID:548
A0AAW9ESE0	unreviewed	nitrate reductase (quinone)	taxID:1639133
A0AAW9JMT2	unreviewed	nitrate reductase (quinone)	taxID:1428
A0AAW9KLM2	unreviewed	nitrate reductase (quinone)	taxID:544580
A0AAW9LJB2	unreviewed	nitrate reductase (quinone)	taxID:548
A0AAW9PFV3	unreviewed	nitrate reductase (quinone)	taxID:244366
A0AAW9PGB1	unreviewed	nitrate reductase (quinone)	taxID:244366
A0AAW9QDD7	unreviewed	nitrate reductase (quinone)	taxID:3119538
A0AAW9R3S1	unreviewed	nitrate reductase (quinone)	taxID:1338420
A0AAW9RN82	unreviewed	nitrate reductase (quinone)	taxID:1764581
A0AAW9U2P5	unreviewed	nitrate reductase (quinone)	taxID:1598
A0AAW9UDJ5	unreviewed	nitrate reductase (quinone)	taxID:573
A0AAW9UP99	unreviewed	nitrate reductase (quinone)	taxID:573
A0AAW9YSW8	unreviewed	nitrate reductase (quinone)	taxID:985762
A0AAX0I5V5	unreviewed	nitrate reductase (quinone)	taxID:1537276
A0AAX0J315	unreviewed	nitrate reductase (quinone)	taxID:1720349
A0AAX0KU29	unreviewed	nitrate reductase (quinone)	taxID:1915313
A0AAX0L7P6	unreviewed	nitrate reductase (quinone)	taxID:1915318
A0AAX0M0Q1	unreviewed	nitrate reductase (quinone)	taxID:1639132
A0AAX0M167	unreviewed	nitrate reductase (quinone)	taxID:1639132
A0AAX0QWN7	unreviewed	nitrate reductase (quinone)	taxID:53344
A0AAX0U1E1	unreviewed	nitrate reductase (quinone)	taxID:28450
A0AAX0UA05	unreviewed	nitrate reductase (quinone)	taxID:28450
A0AAX0ZGW0	unreviewed	nitrate reductase (quinone)	taxID:46126
A0AAX1C271	unreviewed	nitrate reductase (quinone)	taxID:204039
A0AAX1CF86	unreviewed	nitrate reductase (quinone)	taxID:2202897
A0AAX1DNW8	unreviewed	nitrate reductase (quinone)	taxID:1938795
A0AAX1FZ76	unreviewed	nitrate reductase (quinone)	taxID:670
A0AAX1G997	unreviewed	nitrate reductase (quinone)	taxID:2697369
A0AAX1J8I2	unreviewed	Nitrate reductase alpha subunit	taxID:120959
A0AAX1RZL8	unreviewed	nitrate reductase (quinone)	taxID:46127
A0AAX1T5S0	unreviewed	nitrate reductase (quinone)	taxID:1826752
A0AAX1WET8	unreviewed	nitrate reductase (quinone)	taxID:1812935
A0AAX1WPB0	unreviewed	nitrate reductase (quinone)	taxID:1812935
A0AAX1WY18	unreviewed	nitrate reductase (quinone)	taxID:164759
A0AAX1X518	unreviewed	nitrate reductase (quinone)	taxID:13373
A0AAX2A055	unreviewed	nitrate reductase (quinone)	taxID:33934
A0AAX2BM32	unreviewed	nitrate reductase (quinone)	taxID:35703
A0AAX2BMP3	unreviewed	nitrate reductase (quinone)	taxID:35703
A0AAX2CMM5	unreviewed	nitrate reductase (quinone)	taxID:580165
A0AAX2DCS9	unreviewed	nitrate reductase (quinone)	taxID:183795
A0AAX2ES22	unreviewed	nitrate reductase (quinone)	taxID:283686
A0AAX2F932	unreviewed	nitrate reductase (quinone)	taxID:1761758
A0AAX2GAK8	unreviewed	nitrate reductase (quinone)	taxID:1938743
A0AAX2KBZ2	unreviewed	nitrate reductase (quinone)	taxID:562
A0AAX2LY51	unreviewed	nitrate reductase (quinone)	taxID:676
A0AAX2M7Z2	unreviewed	nitrate reductase (quinone)	taxID:536
A0AAX2N4B6	unreviewed	nitrate reductase (quinone)	taxID:573
A0AAX2RB94	unreviewed	nitrate reductase (quinone)	taxID:292
A0AAX2SWG9	unreviewed	nitrate reductase (quinone)	taxID:1598
A0AAX2ZVP2	unreviewed	Nitrate reductase alpha subunit	taxID:146017
A0AAX3A169	unreviewed	Nitrate reductase alpha subunit	taxID:146017
A0AAX3CYW7	unreviewed	nitrate reductase (quinone)	taxID:1134687
A0AAX3FQQ0	unreviewed	nitrate reductase (quinone)	taxID:587753
A0AAX3HMW1	unreviewed	nitrate reductase (quinone)	taxID:1430
A0AAX3J3E7	unreviewed	nitrate reductase (quinone)	taxID:472694
A0AAX3L4F9	unreviewed	nitrate reductase (quinone)	taxID:299767
A0AAX3L4N8	unreviewed	nitrate reductase (quinone)	taxID:299767
A0AAX3MGW2	unreviewed	nitrate reductase (quinone)	taxID:208962
A0AAX3QJI0	unreviewed	nitrate reductase (quinone)	taxID:2026186
A0AAX3S466	unreviewed	nitrate reductase (quinone)	taxID:333965
A0AAX3SP19	unreviewed	nitrate reductase (quinone)	taxID:180282
A0AAX3T4R6	unreviewed	nitrate reductase (quinone)	taxID:1701090
A0AAX3W3E5	unreviewed	nitrate reductase (quinone)	taxID:42858
A0AAX3YW63	unreviewed	nitrate reductase (quinone)	taxID:158836
A0AAX3YX07	unreviewed	nitrate reductase (quinone)	taxID:158836
A0AAX3ZQK7	unreviewed	Nitrate reductase alpha subunit	taxID:1928
A0AAX4EX06	unreviewed	nitrate reductase (quinone)	taxID:1089444
A0AAX4KZ32	unreviewed	nitrate reductase (quinone)	taxID:207809
A0AAX4LGZ9	unreviewed	nitrate reductase (quinone)	taxID:562
A0AAX4LKR8	unreviewed	nitrate reductase (quinone)	taxID:562
A0AAX6LCJ0	unreviewed	nitrate reductase (quinone)	taxID:1589
A0AB33GA07	unreviewed	nitrate reductase (quinone)	taxID:615
A0AB33HYK3	unreviewed	nitrate reductase (quinone)	taxID:562
A0AB33SFK9	unreviewed	Nitrate reductase	taxID:623
A0AB33VKN5	unreviewed	nitrate reductase (quinone)	taxID:342110
A0AB33WUI2	unreviewed	nitrate reductase (quinone)	taxID:1037915
A0AB34C3B2	unreviewed	nitrate reductase (quinone)	taxID:587753
A0AB34CIM1	unreviewed	nitrate reductase (quinone)	taxID:2608008
A0AB34DFC0	unreviewed	nitrate reductase (quinone)	taxID:1396
A0AB34WWJ4	unreviewed	nitrate reductase (quinone)	taxID:184870
A0AB34YF65	unreviewed	nitrate reductase (quinone)	taxID:2587044
A0AB35BAR7	unreviewed	Nitrate reductase alpha subunit	taxID:2806602
A0AB35EUC2	unreviewed	nitrate reductase (quinone)	taxID:2584091
A0AB35F2U1	unreviewed	nitrate reductase (quinone)	taxID:2584091
A0AB35H9J3	unreviewed	nitrate reductase (quinone)	taxID:2682456
A0AB35I122	unreviewed	nitrate reductase (quinone)	taxID:252514
A0AB35LEG1	unreviewed	nitrate reductase (quinone)	taxID:587
A0AB35PSA3	unreviewed	nitrate reductase (quinone)	taxID:1134687
A0AB35W9F6	unreviewed	nitrate reductase (quinone)	taxID:1134687
A0AB35WCE4	unreviewed	nitrate reductase (quinone)	taxID:1134687
A0AB35WQQ5	unreviewed	nitrate reductase (quinone)	taxID:3115853
A0AB35WTH5	unreviewed	nitrate reductase (quinone)	taxID:3115853
A0AB35X286	unreviewed	nitrate reductase (quinone)	taxID:51288
A0AB35X2C0	unreviewed	nitrate reductase (quinone)	taxID:51288
A0AB36AFZ6	unreviewed	nitrate reductase (quinone)	taxID:1598
A0AB36CZL7	unreviewed	nitrate reductase (quinone)	taxID:75612
A0AB36DR55	unreviewed	nitrate reductase (quinone)	taxID:480
A0AB36FB63	unreviewed	nitrate reductase (quinone)	taxID:61645
A0AB36GIF7	unreviewed	nitrate reductase (quinone)	taxID:1715104
A0AB36GZX9	unreviewed	nitrate reductase (quinone)	taxID:1739518
A0AB36IB80	unreviewed	nitrate reductase (quinone)	taxID:1718
A0AB36IRZ5	unreviewed	Nitrate reductase alpha subunit	taxID:1834160
A0AB36IXM5	unreviewed	Nitrate reductase alpha subunit	taxID:1834160
A0AB36PAX2	unreviewed	Nitrate reductase	taxID:198214
A0AB36PCH0	unreviewed	nitrate reductase (quinone)	taxID:198214
A0AB36PY72	unreviewed	nitrate reductase (quinone)	taxID:29459
A0AB36SUS6	unreviewed	nitrate reductase (quinone)	taxID:155322
A0AB36T795	unreviewed	nitrate reductase (quinone)	taxID:155322
A0AB36XV47	unreviewed	nitrate reductase (quinone)	taxID:2070629
A0AB37B0T3	unreviewed	nitrate reductase (quinone)	taxID:87883
A0AB37EAJ1	unreviewed	nitrate reductase (quinone)	taxID:74329
A0AB37GEL5	unreviewed	nitrate reductase (quinone)	taxID:43765
A0AB37JEV5	unreviewed	nitrate reductase (quinone)	taxID:2293329
A0AB37RM03	unreviewed	nitrate reductase (quinone)	taxID:1589
A0AB37TXJ8	unreviewed	Nitrate reductase alpha subunit	taxID:2487413
A0AB37VKY4	unreviewed	nitrate reductase (quinone)	taxID:550
A0AB37XMR9	unreviewed	Nitrate reductase alpha subunit	taxID:1886
A0AB37YRY1	unreviewed	nitrate reductase (quinone)	taxID:1890302
A0AB37Z9I5	unreviewed	nitrate reductase (quinone)	taxID:592361
A0AB38C6V4	unreviewed	nitrate reductase (quinone)	taxID:29581
A0AB38DRK1	unreviewed	nitrate reductase (quinone)	taxID:326523
A0AB38EZ39	unreviewed	nitrate reductase (quinone)	taxID:562
A0AB38FRQ9	unreviewed	4Fe-4S Mo/W bis-MGD-type domain-containing protein	taxID:158877
A0AB38G398	unreviewed	nitrate reductase (quinone)	taxID:158877
A0AB38GUD2	unreviewed	nitrate reductase (quinone)	taxID:562
A0AB38P1R3	unreviewed	nitrate reductase (quinone)	taxID:69218
A0AB38PCY2	unreviewed	nitrate reductase (quinone)	taxID:1283
A0AB38R2U3	unreviewed	nitrate reductase (quinone)	taxID:1426
A0AB38UNL4	unreviewed	Nitrate reductase alpha subunit	taxID:1487726
A0AB38VRH6	unreviewed	nitrate reductase (quinone)	taxID:35755
A0AB38YPN9	unreviewed	nitrate reductase (quinone)	taxID:29466
A0AB39B938	unreviewed	nitrate reductase (quinone)	taxID:3067780
A0AB39CIG7	unreviewed	nitrate reductase (quinone)	taxID:546114
A0AB39ELN6	unreviewed	nitrate reductase (quinone)	taxID:546114
A0AB39ESX5	unreviewed	nitrate reductase (quinone)	taxID:546114
A0AB39I464	unreviewed	nitrate reductase (quinone)	taxID:3236988
A0AB39IBE1	unreviewed	nitrate reductase (quinone)	taxID:1240404
A0AB39IN15	unreviewed	nitrate reductase (quinone)	taxID:1240404
A0AB39L180	unreviewed	nitrate reductase (quinone)	taxID:3238584
A0AB39MLG7	unreviewed	Nitrate reductase alpha subunit	taxID:3238624
A0AB39N868	unreviewed	Nitrate reductase alpha subunit	taxID:3238625
A0AB39P565	unreviewed	Nitrate reductase alpha subunit	taxID:3238627
A0AB39QEF5	unreviewed	Nitrate reductase alpha subunit	taxID:3238628
A0AB39QXB3	unreviewed	Nitrate reductase alpha subunit	taxID:3238631
A0AB39R494	unreviewed	Nitrate reductase alpha subunit	taxID:3238631
A0AB39RPR6	unreviewed	Nitrate reductase alpha subunit	taxID:3238632
A0AB72VA80	unreviewed	nitrate reductase (quinone)	taxID:340322
A0AB72XLJ3	unreviewed	Nitrate reductase alpha subunit	taxID:1048245
A0AB72XMU1	unreviewed	Nitrate reductase alpha subunit	taxID:1048245
A0AB73G5D4	unreviewed	nitrate reductase (quinone)	taxID:101571
A0AB73HTF8	unreviewed	nitrate reductase (quinone)	taxID:43263
A0AB73KLC9	unreviewed	Nitrate reductase alpha subunit	taxID:2706051
A0AB73LDT7	unreviewed	nitrate reductase (quinone)	taxID:1739448
A0AB73QJK2	unreviewed	nitrate reductase (quinone)	taxID:1598
A0AB73RA14	unreviewed	nitrate reductase (quinone)	taxID:155322
A0AB73RAE0	unreviewed	nitrate reductase (quinone)	taxID:1890302
A0AB73UQY6	unreviewed	nitrate reductase (quinone)	taxID:1396
A0AB73W1X9	unreviewed	nitrate reductase (quinone)	taxID:573
A0AB74LG03	unreviewed	Nitrate reductase alpha subunit	taxID:1765
A0AB74MAQ7	unreviewed	nitrate reductase (quinone)	taxID:562
A0AB74Q6I8	unreviewed	nitrate reductase (quinone)	taxID:1280
A0AB74QTX7	unreviewed	nitrate reductase (quinone)	taxID:573
A0AB94IEG6	unreviewed	nitrate reductase (quinone)	taxID:1387197
A0AB94IPH8	unreviewed	nitrate reductase (quinone)	taxID:1131730
A0ABC7ZQN6	unreviewed	Respiratory nitrate reductase alpha chain	taxID:1248823
A0ABC7ZTZ5	unreviewed	Respiratory nitrate reductase alpha chain	taxID:1248823
A0ABC8APV6	unreviewed	Nitrate reductase	taxID:37332
A0ABC8AVS0	unreviewed	Nitrate reductase	taxID:37332
A0ABC8CIJ8	unreviewed	Nitrate reductase subunit alpha	taxID:43770
A0ABC8DE20	unreviewed	Nitrate reductase subunit alpha	taxID:492670
A0ABC8E091	unreviewed	Nitrate reductase subunit alpha	taxID:562
A0ABC8EQR7	unreviewed	Respiratory nitrate reductase alpha chain (EC)	taxID:426688
A0ABC9IIW7	unreviewed	Respiratory nitrate reductase 1 alpha chain	taxID:273526
A0ABC9KQ51	unreviewed	Cryptic nitrate reductase 2 subunit alpha	taxID:624
A0ABC9NN63	unreviewed	Nitrate reductase, alpha subunit	taxID:502347
A0ABC9NNA6	unreviewed	Nitrate reductase, alpha subunit	taxID:502347
A0ABC9NWR0	unreviewed	Nitrate reductase, alpha subunit	taxID:450749
A0ABC9Q1C4	unreviewed	Respiratory nitrate reductase alpha chain	taxID:1155079
A0ABC9R1B9	unreviewed	Nitrate reductase alpha chain	taxID:1405
A0ABC9SY19	unreviewed	Nitrate reductase alpha chain	taxID:718222
A0ABC9U6N0	unreviewed	Respiratory nitrate reductase 1 alpha chain	taxID:61645
A0ABC9VFK3	unreviewed	Nitrate reductase A subunit alpha	taxID:1295642
A0ABC9Z231	unreviewed	Nitrate reductase	taxID:37332
A0ABD0AMW5	unreviewed	Nitrate reductase subunit alpha	taxID:1613
A0ABD0BTZ6	unreviewed	Nitrate reductase subunit alpha	taxID:550
A0ABD3YGM3	unreviewed	Nitrate reductase	taxID:1502784
A0ABD3YQ71	unreviewed	Nitrate reductase	taxID:1502784
A0ABD3YZ63	unreviewed	Nitrate reductase A subunit alpha	taxID:1357268
A0ABD3ZCD9	unreviewed	Respiratory nitrate reductase alpha chain	taxID:910996
A0ABD3ZVA5	unreviewed	Respiratory nitrate reductase alpha chain	taxID:135461
A0ABD4A456	unreviewed	Respiratory nitrate reductase alpha chain	taxID:35841
A0ABD4EG75	unreviewed	Nitrate reductase, alpha subunit	taxID:28035
A0ABD4K5D8	unreviewed	Nitrate reductase subunit alpha	taxID:69220
A0ABD4KCX0	unreviewed	Nitrate reductase subunit alpha	taxID:69220
A0ABD4LIC3	unreviewed	Nitrate reductase subunit alpha	taxID:1396
A0ABD4R4F9	unreviewed	Nitrate reductase subunit alpha	taxID:1812935
A0ABD4R659	unreviewed	Nitrate reductase subunit alpha	taxID:1812935
A0ABD4UC54	unreviewed	Nitrate reductase subunit alpha	taxID:95486
A0ABD4Y4D0	unreviewed	Nitrate reductase subunit alpha	taxID:316
A0ABD4YM71	unreviewed	Nitrate reductase subunit alpha	taxID:1389922
A0ABD5BJ43	unreviewed	Nitrate reductase subunit alpha	taxID:615
A0ABD5C625	unreviewed	Nitrate reductase Z subunit alpha	taxID:562
A0ABD5CMD9	unreviewed	Nitrate reductase alpha subunit	taxID:60548
A0ABD5CS09	unreviewed	Nitrate reductase alpha subunit	taxID:60548
A0ABD5G9T8	unreviewed	Nitrate reductase subunit alpha	taxID:3078198
A0ABD5GSR2	unreviewed	Nitrate reductase subunit alpha	taxID:1639133
A0ABD5H4U4	unreviewed	Nitrate reductase subunit alpha	taxID:1639133
A0ABD5H965	unreviewed	Nitrate reductase subunit alpha	taxID:2587529
A0ABD5HBU9	unreviewed	Nitrate reductase subunit alpha	taxID:2587529
A0ABD5HYZ4	unreviewed	Nitrate reductase (Quinone)	taxID:180862
A0ABD5IB50	unreviewed	Nitrate reductase subunit alpha	taxID:615
A0ABD5J4H2	unreviewed	Nitrate reductase subunit alpha	taxID:68175
A0ABD5JAH1	unreviewed	Nitrate reductase subunit alpha	taxID:68175
A0ABD5LAL3	unreviewed	Nitrate reductase subunit alpha	taxID:588
A0ABD6F4Q5	unreviewed	Nitrate reductase subunit alpha	taxID:1977087
A0ABD6HTP5	unreviewed	Nitrate reductase subunit alpha	taxID:615
A0ABD6I9J9	unreviewed	Nitrate reductase subunit alpha	taxID:2594422
A0ABD6M349	unreviewed	Nitrate reductase subunit alpha	taxID:67828
A0ABD6M3L2	unreviewed	Nitrate reductase subunit alpha	taxID:67828
A0ABD6P179	unreviewed	Nitrate reductase subunit alpha	taxID:324058
A0ABD6PB98	unreviewed	Nitrate reductase subunit alpha	taxID:1903134
A0ABD6PK54	unreviewed	Nitrate reductase subunit alpha	taxID:1903134
A0ABD6PYT3	unreviewed	Nitrate reductase subunit alpha	taxID:101571
A0ABD6QDZ2	unreviewed	Nitrate reductase subunit alpha	taxID:1766
A0ABD6QQF4	unreviewed	Nitrate reductase subunit alpha	taxID:1766
A0ABD6REQ5	unreviewed	Nitrate reductase subunit alpha	taxID:1428
A0ABD6SA02	unreviewed	Nitrate reductase subunit alpha	taxID:1428
A0ABD6SVZ9	unreviewed	Nitrate reductase subunit alpha	taxID:1428
A0ABD6TAX2	unreviewed	Nitrate reductase subunit alpha	taxID:64104
A0ABD6TQ13	unreviewed	Nitrate reductase subunit alpha	taxID:1890302
A0ABD6VRD6	unreviewed	Nitrate reductase subunit alpha	taxID:78398
A0ABD6XA09	unreviewed	Nitrate reductase subunit alpha	taxID:1598
A0ABD6XW63	unreviewed	Respiratory nitrate reductase alpha subunit apoprotein	taxID:549
A0ABD6Y5N1	unreviewed	Nitrate reductase subunit alpha	taxID:1598
A0ABD7AGP8	unreviewed	Nitrate reductase subunit alpha	taxID:2058152
A0ABD7AXN5	unreviewed	Nitrate reductase subunit alpha	taxID:546
A0ABD7BYY0	unreviewed	Nitrate reductase subunit alpha	taxID:40324
A0ABD7DLN4	unreviewed	Nitrate reductase subunit alpha	taxID:1396
A0ABD7E3Y8	unreviewed	Nitrate reductase Z subunit alpha	taxID:208962
A0ABD7E4S2	unreviewed	Nitrate reductase subunit alpha	taxID:208962
A0ABD7F9W3	unreviewed	Nitrate reductase Z subunit alpha	taxID:2861806
A0ABD7FAW5	unreviewed	Nitrate reductase subunit alpha	taxID:2861806
A0ABD7HYI8	unreviewed	Nitrate reductase subunit alpha	taxID:2293251
A0ABD7IQ31	unreviewed	Nitrate reductase subunit alpha	taxID:1589
A0ABD7J6N8	unreviewed	Nitrate reductase subunit alpha	taxID:573
A0ABD7K6B7	unreviewed	Nitrate reductase subunit alpha	taxID:287
A0ABD7KFC2	unreviewed	Respiratory nitrate reductase 2 subunit alpha	taxID:1812935
A0ABD7KIM7	unreviewed	Respiratory nitrate reductase subunit alpha apoprotein	taxID:1812935
A0ABD7KUB9	unreviewed	Respiratory nitrate reductase 2 subunit alpha	taxID:158836
A0ABD7KUT8	unreviewed	Respiratory nitrate reductase subunit alpha apoprotein	taxID:158836
A0ABD7LCT0	unreviewed	Nitrate reductase subunit alpha	taxID:87883
A0ABD7N693	unreviewed	Respiratory nitrate reductase subunit alpha	taxID:1463165
A0ABD7N8B7	unreviewed	Respiratory nitrate reductase subunit alpha	taxID:1463165
A0ABD7NKI0	unreviewed	Respiratory nitrate reductase subunit alpha	taxID:573
A0ABD7P4R4	unreviewed	Respiratory nitrate reductase subunit alpha	taxID:244366
A0ABD7Q5F0	unreviewed	Nitrate reductase subunit alpha	taxID:569
A0ABD7QDE9	unreviewed	Respiratory nitrate reductase alpha subunit apoprotein	taxID:54291
A0ABD7QQA0	unreviewed	Nitrate reductase alpha subunit	taxID:54291
A0ABD7RGV3	unreviewed	Nitrate reductase subunit alpha	taxID:1396
A0ABD7TTT6	unreviewed	Nitrate reductase subunit alpha	taxID:985762
A0ABD7UPR8	unreviewed	Respiratory nitrate reductase 2 alpha chain	taxID:573
A0ABD7W416	unreviewed	Respiratory nitrate reductase 2 alpha chain	taxID:562
A0ABD7YZ21	unreviewed	Nitrate reductase subunit alpha	taxID:1196083
A0ABD7ZKF2	unreviewed	Nitrate reductase subunit alpha	taxID:2026188
A0ABF7R3A4	unreviewed	Nitrate reductase alpha subunit	taxID:334390
A0ABF7T040	unreviewed	Nitrate reductase subunit alpha	taxID:2021402
A0ABF7T710	unreviewed	Nitrate reductase subunit alpha	taxID:1151002
A0JRP5	unreviewed	nitrate reductase (quinone)	taxID:290399
A0R2J8	unreviewed	Nitrate reductase alpha subunit	taxID:246196
A1B9V6	unreviewed	nitrate reductase (quinone)	taxID:318586
A1SGC5	unreviewed	Nitrate reductase alpha subunit	taxID:196162
A1TDS1	unreviewed	Nitrate reductase alpha subunit	taxID:350058
A1TJX6	unreviewed	nitrate reductase (quinone)	taxID:397945
A1U591	unreviewed	nitrate reductase (quinone)	taxID:351348
A1UCD4	unreviewed	Nitrate reductase alpha subunit	taxID:189918
A1VTS9	unreviewed	nitrate reductase (quinone)	taxID:365044
A2SAQ0	unreviewed	nitrate reductase (quinone)	taxID:412022
A2SGH9	unreviewed	nitrate reductase (quinone)	taxID:420662
A3JBW2	unreviewed	nitrate reductase (quinone)	taxID:270374
A3MXF6	unreviewed	nitrate reductase (quinone)	taxID:410359
A3NX62	unreviewed	nitrate reductase (quinone)	taxID:357348
A3P5G9	unreviewed	nitrate reductase (quinone)	taxID:357348
A3TNH4	unreviewed	Nitrate reductase alpha subunit	taxID:313589
A3X059	unreviewed	nitrate reductase (quinone)	taxID:314253
A3X1C1	unreviewed	nitrate reductase (quinone)	taxID:314253
A3X8Q4	unreviewed	nitrate reductase (quinone)	taxID:314262
A4BM17	unreviewed	nitrate reductase (quinone)	taxID:314278
A4BST3	unreviewed	nitrate reductase (quinone)	taxID:314278
A4EXU5	unreviewed	nitrate reductase (quinone)	taxID:388739
A4FH16	unreviewed	4Fe-4S Mo/W bis-MGD-type domain-containing protein	taxID:405948
A4G5N2	unreviewed	nitrate reductase (quinone)	taxID:204773
A4IL29	unreviewed	nitrate reductase (quinone)	taxID:420246
A4IP22	unreviewed	nitrate reductase (quinone)	taxID:420246
A4JQP1	unreviewed	nitrate reductase (quinone)	taxID:269482
A4KU99	unreviewed	Nitrate reductase alpha subunit	taxID:2017
A4T916	unreviewed	Nitrate reductase alpha subunit	taxID:350054
A4VHZ2	unreviewed	nitrate reductase (quinone)	taxID:379731
A4WI77	unreviewed	nitrate reductase (quinone)	taxID:340102
A4X1B2	unreviewed	nitrate reductase (quinone)	taxID:369723
A5CWA6	unreviewed	nitrate reductase (quinone)	taxID:412965
A5FYV5	unreviewed	nitrate reductase (quinone)	taxID:349163
A5U1L0	unreviewed	Nitrate reductase alpha subunit	taxID:419947
A6T9P0	unreviewed	nitrate reductase (quinone)	taxID:272620
A6TAL9	unreviewed	nitrate reductase (quinone)	taxID:272620
A6V0N4	unreviewed	nitrate reductase (quinone)	taxID:381754
A6X2Z5	unreviewed	nitrate reductase (quinone)	taxID:439375
A7BBC4	unreviewed	nitrate reductase (quinone)	taxID:411466
A7GU03	unreviewed	nitrate reductase (quinone)	taxID:315749
A7HGD0	unreviewed	nitrate reductase (quinone)	taxID:404589
A7MMJ9	unreviewed	nitrate reductase (quinone)	taxID:290339
A7Z9U6	unreviewed	nitrate reductase (quinone)	taxID:326423
A7ZL01	unreviewed	nitrate reductase (quinone)	taxID:331111
A7ZLR1	unreviewed	nitrate reductase (quinone)	taxID:331111
A8AG28	unreviewed	nitrate reductase (quinone)	taxID:290338
A8AGM3	unreviewed	nitrate reductase (quinone)	taxID:290338
A8FUP0	unreviewed	nitrate reductase (quinone)	taxID:425104
A8GFU4	unreviewed	nitrate reductase (quinone)	taxID:399741
A8HWT7	unreviewed	nitrate reductase (quinone)	taxID:438753
A8LXR1	unreviewed	nitrate reductase (quinone)	taxID:391037
A8M8C3	unreviewed	Nitrate reductase alpha subunit	taxID:391037
A9BSE0	unreviewed	nitrate reductase (quinone)	taxID:398578
A9I3G6	unreviewed	nitrate reductase (quinone)	taxID:340100
A9IJ71	unreviewed	nitrate reductase (quinone)	taxID:340100
A9ME51	unreviewed	nitrate reductase (quinone)	taxID:483179
A9MPB4	unreviewed	nitrate reductase (quinone)	taxID:41514
A9VSW1	unreviewed	nitrate reductase (quinone)	taxID:315730
A9WXZ8	unreviewed	nitrate reductase (quinone)	taxID:470137
B0SVA0	unreviewed	nitrate reductase (quinone)	taxID:366602
B0TN41	unreviewed	nitrate reductase (quinone)	taxID:458817
B0TSN2	unreviewed	nitrate reductase (quinone)	taxID:458817
B1G0C2	unreviewed	4Fe-4S Mo/W bis-MGD-type domain-containing protein	taxID:396598
B1KHM6	unreviewed	nitrate reductase (quinone)	taxID:392500
B1LFE9	unreviewed	nitrate reductase (quinone)	taxID:439855
B1LH73	unreviewed	nitrate reductase (quinone)	taxID:439855
B1M129	unreviewed	nitrate reductase (quinone)	taxID:426355
B1Z576	unreviewed	nitrate reductase (quinone)	taxID:398577
B2FUL2	unreviewed	nitrate reductase (quinone)	taxID:522373
B2JWA4	unreviewed	nitrate reductase (quinone)	taxID:391038
B2MUJ0	unreviewed	nitrate reductase (quinone)	taxID:1598
B2U9L4	unreviewed	nitrate reductase (quinone)	taxID:402626
B2UJK3	unreviewed	nitrate reductase (quinone)	taxID:402626
B3E6W0	unreviewed	nitrate reductase (quinone)	taxID:398767
B3EAA6	unreviewed	nitrate reductase (quinone)	taxID:398767
B3RCJ5	unreviewed	nitrate reductase (quinone)	taxID:977880
B3XLE2	unreviewed	nitrate reductase (quinone)	taxID:349123
B4EWG3	unreviewed	nitrate reductase (quinone)	taxID:529507
B4RFL8	unreviewed	nitrate reductase (quinone)	taxID:450851
B4SL59	unreviewed	nitrate reductase (quinone)	taxID:391008
B4ULS9	unreviewed	nitrate reductase (quinone)	taxID:447217
B5F4I9	unreviewed	nitrate reductase (quinone)	taxID:454166
B5F5V3	unreviewed	nitrate reductase (quinone)	taxID:454166
B5R6J2	unreviewed	nitrate reductase (quinone)	taxID:550538
B5RAA3	unreviewed	nitrate reductase (quinone)	taxID:550538
B5XW76	unreviewed	nitrate reductase (quinone)	taxID:507522
B5XWZ3	unreviewed	nitrate reductase (quinone)	taxID:507522
B6JBW2	unreviewed	nitrate reductase (quinone)	taxID:504832
B7HJZ5	unreviewed	nitrate reductase (quinone)	taxID:405532
B7HPA3	unreviewed	nitrate reductase (quinone)	taxID:405534
B7IUC1	unreviewed	nitrate reductase (quinone)	taxID:405531
B7JLI5	unreviewed	nitrate reductase (quinone)	taxID:405535
B7L7G9	unreviewed	nitrate reductase (quinone)	taxID:585055
B7LHH0	unreviewed	nitrate reductase (quinone)	taxID:585055
B7LSG5	unreviewed	nitrate reductase (quinone)	taxID:585054
B7MKC8	unreviewed	nitrate reductase (quinone)	taxID:585035
B7MMV2	unreviewed	nitrate reductase (quinone)	taxID:585035
B7MU10	unreviewed	nitrate reductase (quinone)	taxID:585397
B7MUQ2	unreviewed	nitrate reductase (quinone)	taxID:585397
B7N437	unreviewed	nitrate reductase (quinone)	taxID:585056
B7N4N0	unreviewed	nitrate reductase (quinone)	taxID:585056
B7UQB3	unreviewed	nitrate reductase (quinone)	taxID:574521
B7URK8	unreviewed	nitrate reductase (quinone)	taxID:574521
B8EHX8	unreviewed	nitrate reductase (quinone)	taxID:395965
B8IUP5	unreviewed	nitrate reductase (quinone)	taxID:460265
B8J6E0	unreviewed	nitrate reductase (quinone)	taxID:455488
B8L5R1	unreviewed	nitrate reductase (quinone)	taxID:391601
B9BWQ2	unreviewed	nitrate reductase (quinone)	taxID:513052
B9DL95	unreviewed	nitrate reductase (quinone)	taxID:396513
B9E9D2	unreviewed	nitrate reductase (quinone)	taxID:458233
B9IYR1	unreviewed	nitrate reductase (quinone)	taxID:361100
B9Z089	unreviewed	nitrate reductase (quinone)	taxID:279714
B9Z2F1	unreviewed	nitrate reductase (quinone)	taxID:279714
C0A1D5	unreviewed	nitrate reductase (quinone)	taxID:529
C0DWP0	unreviewed	nitrate reductase (quinone)	taxID:546274
C0E761	unreviewed	nitrate reductase (quinone)	taxID:566549
C0G9N6	unreviewed	nitrate reductase (quinone)	taxID:595497
C0Q371	unreviewed	nitrate reductase (quinone)	taxID:476213
C0Q4Q5	unreviewed	nitrate reductase (quinone)	taxID:476213
C0QE72	unreviewed	nitrate reductase (quinone)	taxID:177437
C0RKM9	unreviewed	nitrate reductase (quinone)	taxID:546272
C0W8K5	unreviewed	nitrate reductase (quinone)	taxID:525246
C1B348	unreviewed	Putative nitrate reductase alpha subunit	taxID:632772
C2XT80	unreviewed	nitrate reductase (quinone)	taxID:1405
C3MWH5	unreviewed	nitrate reductase (quinone)	taxID:427317
C3N443	unreviewed	nitrate reductase (quinone)	taxID:427318
C3TAF7	unreviewed	nitrate reductase (quinone)	taxID:562
C3TAF8	unreviewed	nitrate reductase (quinone)	taxID:562
C3TCS7	unreviewed	nitrate reductase (quinone)	taxID:562
C4FS85	unreviewed	nitrate reductase (quinone)	taxID:546273
C4KA11	unreviewed	nitrate reductase (quinone)	taxID:164330
C4V579	unreviewed	nitrate reductase (quinone)	taxID:638302
C4WLQ4	unreviewed	nitrate reductase (quinone)	taxID:641118
C5BCD6	unreviewed	4Fe-4S Mo/W bis-MGD-type domain-containing protein	taxID:634503
C5BYE8	unreviewed	nitrate reductase (quinone)	taxID:471853
C5DAL9	unreviewed	nitrate reductase (quinone)	taxID:471223
C5T4J3	unreviewed	nitrate reductase (quinone)	taxID:573060
C6BL94	unreviewed	nitrate reductase (quinone)	taxID:428406
C6C4J3	unreviewed	nitrate reductase (quinone)	taxID:579405
C6CGD5	unreviewed	nitrate reductase (quinone)	taxID:561229
C6DJ27	unreviewed	nitrate reductase (quinone)	taxID:561230
C6IWN2	unreviewed	nitrate reductase (quinone)	taxID:621372
C6WFQ1	unreviewed	Nitrate reductase alpha subunit	taxID:446462
C7LHE1	unreviewed	nitrate reductase (quinone)	taxID:568815
C7MDN1	unreviewed	nitrate reductase (quinone)	taxID:446465
C7PW93	unreviewed	Nitrate reductase alpha subunit	taxID:479433
C7R434	unreviewed	nitrate reductase (quinone)	taxID:471856
C7RBW4	unreviewed	nitrate reductase (quinone)	taxID:523791
C8P7E0	unreviewed	nitrate reductase (quinone)	taxID:525309
C8XAE6	unreviewed	Nitrate reductase alpha subunit	taxID:479431
C8XFL0	unreviewed	Nitrate reductase alpha subunit	taxID:479431
C9KN84	unreviewed	4Fe-4S Mo/W bis-MGD-type domain-containing protein	taxID:500635
C9LWG2	unreviewed	nitrate reductase (quinone)	taxID:546271
C9XTT6	unreviewed	nitrate reductase (quinone)	taxID:693216
C9Z3I8	unreviewed	Nitrate reductase alpha subunit	taxID:680198
D0DTG2	unreviewed	nitrate reductase (quinone)	taxID:575599
D0L2I0	unreviewed	nitrate reductase (quinone)	taxID:526226
D0SR50	unreviewed	nitrate reductase (quinone)	taxID:575587
D0U4H4	unreviewed	nitrate reductase (quinone)	taxID:655186
D1BT02	unreviewed	nitrate reductase (quinone)	taxID:446471
D2AUQ0	unreviewed	nitrate reductase (quinone)	taxID:479432
D2BDV6	unreviewed	Nitrate reductase alpha subunit	taxID:479432
D2BYL3	unreviewed	nitrate reductase (quinone)	taxID:590409
D2NRK6	unreviewed	nitrate reductase (quinone)	taxID:680646
D2PSQ9	unreviewed	Nitrate reductase alpha subunit	taxID:479435
D2TJB9	unreviewed	nitrate reductase (quinone)	taxID:637910
D2TL88	unreviewed	nitrate reductase (quinone)	taxID:637910
D3A0N8	unreviewed	Nitrate reductase, alpha subunit	taxID:546266
D3E698	unreviewed	nitrate reductase (quinone)	taxID:481743
D3EZU3	unreviewed	nitrate reductase (quinone)	taxID:469383
D3GRK1	unreviewed	nitrate reductase (quinone)	taxID:216592
D3H2L1	unreviewed	nitrate reductase (quinone)	taxID:216592
D3P9Z7	unreviewed	nitrate reductase (quinone)	taxID:639282
D3QBV9	unreviewed	nitrate reductase (quinone)	taxID:446470
D3S2G1	unreviewed	nitrate reductase (quinone)	taxID:589924
D4B8R9	unreviewed	nitrate reductase (quinone)	taxID:500640
D4B9G8	unreviewed	nitrate reductase (quinone)	taxID:500640
D4E529	unreviewed	4Fe-4S Mo/W bis-MGD-type domain-containing protein	taxID:667129
D4E7U1	unreviewed	nitrate reductase (quinone)	taxID:667129
D4F0C1	unreviewed	4Fe-4S Mo/W bis-MGD-type domain-containing protein	taxID:500638
D4H1S3	unreviewed	nitrate reductase (quinone)	taxID:522772
D4U296	unreviewed	nitrate reductase (quinone)	taxID:649742
D4XCM4	unreviewed	nitrate reductase (quinone)	taxID:742159
D5MLH7	unreviewed	nitrate reductase (quinone)	taxID:671143
D5PG02	unreviewed	Nitrate reductase alpha subunit	taxID:525368
D5UEK0	unreviewed	nitrate reductase (quinone)	taxID:446466
D5WPV3	unreviewed	nitrate reductase (quinone)	taxID:562970
D5X5C9	unreviewed	nitrate reductase (quinone)	taxID:75379
D6CLQ2	unreviewed	nitrate reductase (quinone)	taxID:426114
D6KGS4	unreviewed	Nitrate reductase alpha subunit	taxID:645465
D6V3B4	unreviewed	nitrate reductase (quinone)	taxID:666684
D6XSL8	unreviewed	nitrate reductase (quinone)	taxID:439292
D6ZGK7	unreviewed	nitrate reductase (quinone)	taxID:548479
D7AX48	unreviewed	nitrate reductase (quinone)	taxID:446468
D7BHF6	unreviewed	nitrate reductase (quinone)	taxID:526227
D7CGK1	unreviewed	nitrate reductase (quinone)	taxID:749414
D8IQK6	unreviewed	nitrate reductase (quinone)	taxID:757424
D8JUF0	unreviewed	nitrate reductase (quinone)	taxID:582899
D8MW29	unreviewed	nitrate reductase (quinone)	taxID:634500
D8P6C0	unreviewed	nitrate reductase (quinone)	taxID:859656
D9PET1	unreviewed	4Fe-4S Mo/W bis-MGD-type domain-containing protein	taxID:749907
D9VY07	unreviewed	Nitrate reductase, alpha subunit	taxID:253839
E0DI78	unreviewed	nitrate reductase (quinone)	taxID:553207
E0IV32	unreviewed	nitrate reductase (quinone)	taxID:566546
E0M4L1	unreviewed	nitrate reductase (quinone)	taxID:517433
E0NZZ6	unreviewed	nitrate reductase (quinone)	taxID:864563
E0SEB7	unreviewed	nitrate reductase (quinone)	taxID:198628
E0TVD7	unreviewed	nitrate reductase (quinone)	taxID:655816
E1L5U4	unreviewed	nitrate reductase (quinone)	taxID:866776
E1LDP1	unreviewed	nitrate reductase (quinone)	taxID:866778
E1QSW0	unreviewed	nitrate reductase (quinone)	taxID:572478
E1TIF8	unreviewed	nitrate reductase (quinone)	taxID:640512
E1V3Q9	unreviewed	nitrate reductase (quinone)	taxID:768066
E1VJB5	unreviewed	nitrate reductase (quinone)	taxID:83406
E2QLH9	unreviewed	nitrate reductase (quinone)	taxID:562
E3C5D1	unreviewed	nitrate reductase (quinone)	taxID:908339
E3E8U5	unreviewed	nitrate reductase (quinone)	taxID:886882
E3G565	unreviewed	nitrate reductase (quinone)	taxID:701347
E3G819	unreviewed	nitrate reductase (quinone)	taxID:701347
E3GZP7	unreviewed	nitrate reductase (quinone)	taxID:762948
E3HVW5	unreviewed	nitrate reductase (quinone)	taxID:762376
E4LIZ6	unreviewed	nitrate reductase (quinone)	taxID:879310
E4U947	unreviewed	nitrate reductase (quinone)	taxID:670487
E5Y231	unreviewed	nitrate reductase (quinone)	taxID:563192
E5YHK2	unreviewed	nitrate reductase (quinone)	taxID:469613
E6KSG4	unreviewed	nitrate reductase (quinone)	taxID:888052
E6M3V7	unreviewed	nitrate reductase (quinone)	taxID:887899
E6PQL2	unreviewed	nitrate reductase (quinone)	taxID:410659
E6S831	unreviewed	nitrate reductase (quinone)	taxID:710696
E6TM27	unreviewed	Nitrate reductase alpha subunit	taxID:278137
E6W579	unreviewed	nitrate reductase (quinone)	taxID:653733
E7MZD7	unreviewed	nitrate reductase (quinone)	taxID:749551
E7NB98	unreviewed	nitrate reductase (quinone)	taxID:706439
E7RYL7	unreviewed	nitrate reductase (quinone)	taxID:887898
E8PLL6	unreviewed	nitrate reductase (quinone)	taxID:743525
E8WP19	unreviewed	nitrate reductase (quinone)	taxID:443143
E8X8D0	unreviewed	nitrate reductase (quinone)	taxID:909946
E8XJ25	unreviewed	nitrate reductase (quinone)	taxID:909946
E9SXD7	unreviewed	Nitrate reductase alpha subunit	taxID:525370
F0F2D7	unreviewed	nitrate reductase (quinone)	taxID:888741
F0G933	unreviewed	nitrate reductase (quinone)	taxID:987057
F0IYW4	unreviewed	nitrate reductase (quinone)	taxID:926570
F0M5A5	unreviewed	nitrate reductase (quinone)	taxID:930171
F0NGG1	unreviewed	nitrate reductase (quinone)	taxID:930945
F0Q6Z4	unreviewed	nitrate reductase (quinone)	taxID:643561
F1YJB1	unreviewed	nitrate reductase (quinone)	taxID:644548
F2BDW1	unreviewed	nitrate reductase (quinone)	taxID:888742
F2G9X7	unreviewed	nitrate reductase (quinone)	taxID:1774373
F2K7E5	unreviewed	nitrate reductase (quinone)	taxID:994484
F2LMV2	unreviewed	nitrate reductase (quinone)	taxID:999541
F2NR01	unreviewed	nitrate reductase (quinone)	taxID:869210
F2UVD7	unreviewed	nitrate reductase (quinone)	taxID:562973
F3KFA2	unreviewed	Respiratory nitrate reductase alpha chain	taxID:434085
F3MAV6	unreviewed	nitrate reductase (quinone)	taxID:908341
F3NSW9	unreviewed	Nitrate reductase alpha subunit	taxID:996637
F3P7H6	unreviewed	nitrate reductase (quinone)	taxID:762963
F3QJK1	unreviewed	nitrate reductase (quinone)	taxID:762966
F4CW48	unreviewed	Nitrate reductase alpha subunit	taxID:675635
F4G3Q6	unreviewed	nitrate reductase (quinone)	taxID:596154
F4GZA1	unreviewed	nitrate reductase (quinone)	taxID:590998
F4H4Y9	unreviewed	nitrate reductase (quinone)	taxID:590998
F4SWP6	unreviewed	nitrate reductase (quinone)	taxID:656417
F4SXX4	unreviewed	nitrate reductase (quinone)	taxID:656417
F5NTH3	unreviewed	nitrate reductase (quinone)	taxID:766147
F5NVE7	unreviewed	nitrate reductase (quinone)	taxID:766147
F5RDI9	unreviewed	nitrate reductase (quinone)	taxID:1000565
F5RKA9	unreviewed	nitrate reductase (quinone)	taxID:888060
F5XED0	unreviewed	nitrate reductase (quinone)	taxID:1032480
F5YV96	unreviewed	Nitrate reductase alpha subunit	taxID:875328
F6DJI0	unreviewed	nitrate reductase (quinone)	taxID:762633
F6EPR2	unreviewed	Nitrate reductase alpha subunit	taxID:443218
F6G9P8	unreviewed	nitrate reductase (quinone)	taxID:1031711
F6IVH7	unreviewed	nitrate reductase (quinone)	taxID:1028490
F7S8Z0	unreviewed	nitrate reductase (quinone)	taxID:1043206
F7T8H7	unreviewed	nitrate reductase (quinone)	taxID:1003200
F8A729	unreviewed	nitrate reductase (quinone)	taxID:593907
F8DRC9	unreviewed	nitrate reductase (quinone)	taxID:491077
F8GTD6	unreviewed	nitrate reductase (quinone)	taxID:1042878
F8HAK9	unreviewed	nitrate reductase (quinone)	taxID:96563
F8JCT8	unreviewed	nitrate reductase (quinone)	taxID:717785
F8JKL8	unreviewed	nitrate reductase (quinone)	taxID:1003195
F9DRN9	unreviewed	nitrate reductase (quinone)	taxID:1027292
F9EIH5	unreviewed	nitrate reductase (quinone)	taxID:888056
F9N6K0	unreviewed	nitrate reductase (quinone)	taxID:944564
F9NVB5	unreviewed	nitrate reductase (quinone)	taxID:1051006
F9PN54	unreviewed	nitrate reductase (quinone)	taxID:944560
F9UNN6	unreviewed	nitrate reductase (quinone)	taxID:220668
F9VZS8	unreviewed	nitrate reductase (quinone)	taxID:1027371
F9ZQ08	unreviewed	nitrate reductase (quinone)	taxID:990288
G0JRL5	unreviewed	nitrate reductase (quinone)	taxID:743299
G0M0L9	unreviewed	nitrate reductase (quinone)	taxID:1042160
G1USW6	unreviewed	nitrate reductase (quinone)	taxID:665942
G1V5U9	unreviewed	nitrate reductase (quinone)	taxID:693988
G2FE18	unreviewed	nitrate reductase (quinone)	taxID:1049564
G2GIX3	unreviewed	Nitrate reductase alpha subunit	taxID:700597
G2IUY8	unreviewed	nitrate reductase (quinone)	taxID:748280
G2J1S9	unreviewed	nitrate reductase (quinone)	taxID:748280
G2TK37	unreviewed	nitrate reductase (quinone)	taxID:345219
G3J0V4	unreviewed	nitrate reductase (quinone)	taxID:697282
G3XCX1	unreviewed	nitrate reductase (quinone)	taxID:208964
G4CSH8	unreviewed	nitrate reductase (quinone)	taxID:1030841
G4F6Y5	unreviewed	nitrate reductase (quinone)	taxID:550984
G4HG38	unreviewed	nitrate reductase (quinone)	taxID:743719
G4P1Z8	unreviewed	nitrate reductase (quinone)	taxID:1052585
G5EQ76	unreviewed	nitrate reductase (quinone)	taxID:563033
G5GP76	unreviewed	nitrate reductase (quinone)	taxID:679201
G5JKI4	unreviewed	nitrate reductase (quinone)	taxID:911238
G6F221	unreviewed	nitrate reductase (quinone)	taxID:1088868
G6YWK9	unreviewed	nitrate reductase (quinone)	taxID:1094979
G7CGC7	unreviewed	Nitrate reductase alpha subunit	taxID:1078020
G7GNG3	unreviewed	nitrate reductase (quinone)	taxID:1075090
G7GYL4	unreviewed	nitrate reductase (quinone)	taxID:1073574
G7I0H9	unreviewed	nitrate reductase (quinone)	taxID:1110505
G7VAI4	unreviewed	nitrate reductase (quinone)	taxID:1104324
G7VRL6	unreviewed	nitrate reductase (quinone)	taxID:985665
G7W2D4	unreviewed	nitrate reductase (quinone)	taxID:985665
G8LCG4	unreviewed	nitrate reductase (quinone)	taxID:299767
G8LEI7	unreviewed	nitrate reductase (quinone)	taxID:299767
G8PP01	unreviewed	nitrate reductase (quinone)	taxID:911045
G8RRI5	unreviewed	Nitrate reductase alpha subunit	taxID:710685
G9PNZ3	unreviewed	nitrate reductase (quinone)	taxID:653386
G9XKG0	unreviewed	nitrate reductase (quinone)	taxID:537010
G9Y5L4	unreviewed	nitrate reductase (quinone)	taxID:1002364
H0BSR9	unreviewed	nitrate reductase (quinone)	taxID:512030
H0E1A1	unreviewed	Nitrate reductase alpha subunit	taxID:1097667
H0FBW5	unreviewed	nitrate reductase (quinone)	taxID:477184
H0JNT1	unreviewed	Nitrate reductase alpha subunit	taxID:1114960
H0TSP6	unreviewed	Nitrate reductase 1, alpha subunit	taxID:551947
H2C169	unreviewed	nitrate reductase (quinone)	taxID:671065
H2IPB1	unreviewed	nitrate reductase (quinone)	taxID:745277
H3ZFJ6	unreviewed	nitrate reductase (quinone)	taxID:1129374
H5SBI1	unreviewed	nitrate reductase (quinone)	taxID:86473
H5SEM7	unreviewed	Nitrate reductase 1, alpha subunit	taxID:198431
H5SMI6	unreviewed	nitrate reductase (quinone)	taxID:236499
H5SRV2	unreviewed	nitrate reductase (quinone)	taxID:1446466
H5TJJ4	unreviewed	nitrate reductase (quinone)	taxID:1108044
H5U607	unreviewed	nitrate reductase (quinone)	taxID:1089453
H5UVX8	unreviewed	nitrate reductase (quinone)	taxID:1089455
H5V248	unreviewed	nitrate reductase (quinone)	taxID:1115512
H5V512	unreviewed	nitrate reductase (quinone)	taxID:1115512
H5X0Q1	unreviewed	Nitrate reductase alpha subunit	taxID:882083
H6QAV3	unreviewed	nitrate reductase (quinone)	taxID:698757
H6R4M6	unreviewed	Nitrate reductase alpha subunit	taxID:1127134
H6RAA3	unreviewed	Nitrate reductase alpha subunit	taxID:1127134
H6RAL9	unreviewed	Nitrate reductase alpha subunit	taxID:1127134
H8G5A2	unreviewed	Nitrate reductase alpha subunit	taxID:882081
H8IWE6	unreviewed	Nitrate reductase alpha subunit	taxID:487521
H9ZUZ3	unreviewed	nitrate reductase (quinone)	taxID:798128
I0GUR9	unreviewed	nitrate reductase (quinone)	taxID:927704
I0H894	unreviewed	nitrate reductase (quinone)	taxID:512565
I0UUI5	unreviewed	nitrate reductase (quinone)	taxID:1125724
I0V6K4	unreviewed	Nitrate reductase alpha subunit	taxID:882086
I1DV67	unreviewed	nitrate reductase (quinone)	taxID:562729
I1XFX8	unreviewed	nitrate reductase (quinone)	taxID:754476
I1XG14	unreviewed	nitrate reductase (quinone)	taxID:754476
I2AA44	unreviewed	Nitrate reductase alpha subunit	taxID:1168287
I2B8X6	unreviewed	nitrate reductase (quinone)	taxID:630626
I2B980	unreviewed	nitrate reductase (quinone)	taxID:630626
I2CBC3	unreviewed	nitrate reductase (quinone)	taxID:1155777
I2DY33	unreviewed	nitrate reductase (quinone)	taxID:416344
I3I5A1	unreviewed	nitrate reductase (quinone)	taxID:1134474
I3TUM1	unreviewed	nitrate reductase (quinone)	taxID:1110502
I3U707	unreviewed	4Fe-4S Mo/W bis-MGD-type domain-containing protein	taxID:1036672
I4BN16	unreviewed	Nitrate reductase alpha subunit	taxID:710421
I4C291	unreviewed	nitrate reductase (quinone)	taxID:706587
I4CX83	unreviewed	nitrate reductase (quinone)	taxID:1196835
I6CXC4	unreviewed	nitrate reductase (quinone)	taxID:766150
I6EFZ7	unreviewed	nitrate reductase (quinone)	taxID:766140
I6W6H3	unreviewed	nitrate reductase (quinone)	taxID:1129897
I6WH63	unreviewed	nitrate reductase (quinone)	taxID:1129897
I6X1V3	unreviewed	nitrate reductase (quinone)	taxID:1129897
I6XBL4	unreviewed	nitrate reductase (quinone)	taxID:1129897
I7G6X6	unreviewed	Nitrate reductase alpha subunit	taxID:246196
I8RIP5	unreviewed	nitrate reductase (quinone)	taxID:1149862
I9DPZ0	unreviewed	nitrate reductase (quinone)	taxID:1195246
I9NVX8	unreviewed	nitrate reductase (quinone)	taxID:1192197
J0N001	unreviewed	nitrate reductase (quinone)	taxID:1125718
J0SV85	unreviewed	nitrate reductase (quinone)	taxID:936548
J1HBL2	unreviewed	nitrate reductase (quinone)	taxID:1125717
J2ICC8	unreviewed	nitrate reductase (quinone)	taxID:1197174
J2YDR4	unreviewed	nitrate reductase (quinone)	taxID:1038922
J3DMA4	unreviewed	nitrate reductase (quinone)	taxID:1144338
J3EPV2	unreviewed	nitrate reductase (quinone)	taxID:1185325
J3F211	unreviewed	nitrate reductase (quinone)	taxID:1115803
J3GZX1	unreviewed	nitrate reductase (quinone)	taxID:1144335
J3J6F0	unreviewed	nitrate reductase (quinone)	taxID:1105030
J4KEY4	unreviewed	nitrate reductase (quinone)	taxID:936573
J4WKV4	unreviewed	nitrate reductase (quinone)	taxID:936381
J5EA13	unreviewed	Nitrate reductase alpha subunit	taxID:1041522
J5Y4N7	unreviewed	nitrate reductase (quinone)	taxID:936565
J6IH57	unreviewed	nitrate reductase (quinone)	taxID:936565
J7LGE2	unreviewed	nitrate reductase (quinone)	taxID:1205910
J7R091	unreviewed	nitrate reductase (quinone)	taxID:562
J7U1N6	unreviewed	nitrate reductase (quinone)	taxID:936572
J7U4U6	unreviewed	nitrate reductase (quinone)	taxID:1124991
J8DCA6	unreviewed	nitrate reductase (quinone)	taxID:1053206
J8FUL6	unreviewed	nitrate reductase (quinone)	taxID:1053219
J9C7D6	unreviewed	nitrate reductase (quinone)	taxID:1053201
J9W8N1	unreviewed	Nitrate reductase alpha subunit	taxID:1232724
K0CI08	unreviewed	nitrate reductase (quinone)	taxID:930169
K0HYX0	unreviewed	nitrate reductase (quinone)	taxID:358220
K0UIK2	unreviewed	Nitrate reductase alpha subunit	taxID:1194972
K0VEH4	unreviewed	Nitrate reductase alpha subunit	taxID:1214102
K0VJR8	unreviewed	Nitrate reductase alpha subunit	taxID:1214102
K2JWI6	unreviewed	nitrate reductase (quinone)	taxID:1207063
K4KQ94	unreviewed	nitrate reductase (quinone)	taxID:1117647
K4R0V4	unreviewed	Nitrate reductase alpha subunit	taxID:1214101
K6C3S5	unreviewed	nitrate reductase (quinone)	taxID:1117379
K6C800	unreviewed	nitrate reductase (quinone)	taxID:1131731
K6D2Y7	unreviewed	nitrate reductase (quinone)	taxID:1131731
K6UN62	unreviewed	Nitrate reductase alpha subunit	taxID:1184607
K6X035	unreviewed	nitrate reductase (quinone)	taxID:1184609
K6XUV3	unreviewed	nitrate reductase (quinone)	taxID:1128912
K7QUQ6	unreviewed	nitrate reductase (quinone)	taxID:751945
K7RJN7	unreviewed	nitrate reductase (quinone)	taxID:1171373
K8AJ05	unreviewed	nitrate reductase (quinone)	taxID:1073999
K8W667	unreviewed	nitrate reductase (quinone)	taxID:1141662
K8WSE6	unreviewed	nitrate reductase (quinone)	taxID:1141660
K8XBC9	unreviewed	Nitrate reductase alpha subunit	taxID:1129896
K8XQV2	unreviewed	Nitrate reductase alpha subunit	taxID:1129896
K9AHN2	unreviewed	nitrate reductase (quinone)	taxID:1229783
K9DI06	unreviewed	nitrate reductase (quinone)	taxID:883156
L0DV01	unreviewed	nitrate reductase (quinone)	taxID:1255043
L0GRJ4	unreviewed	nitrate reductase (quinone)	taxID:644801
L0M3L3	unreviewed	nitrate reductase (quinone)	taxID:693444
L0M5X2	unreviewed	nitrate reductase (quinone)	taxID:693444
L0MG96	unreviewed	nitrate reductase (quinone)	taxID:671990
L0MLP3	unreviewed	nitrate reductase (quinone)	taxID:671990
L1KU05	unreviewed	Nitrate reductase alpha subunit	taxID:698759
L1MLE0	unreviewed	nitrate reductase (quinone)	taxID:1035195
L1P2J8	unreviewed	nitrate reductase (quinone)	taxID:1127694
L2F7G8	unreviewed	nitrate reductase (quinone)	taxID:1230338
L7KFN1	unreviewed	nitrate reductase (quinone)	taxID:1220583
L7L643	unreviewed	nitrate reductase (quinone)	taxID:1121927
L7LHM9	unreviewed	nitrate reductase (quinone)	taxID:1223544
L7ZZZ7	unreviewed	nitrate reductase (quinone)	taxID:1233873
L8ELA5	unreviewed	Nitrate reductase alpha subunit	taxID:1265868
L8EQR0	unreviewed	Nitrate reductase alpha subunit	taxID:1265868
L8PR74	unreviewed	Putative Nitrate reductase subunit alpha NarG	taxID:1160705
M1E6V2	unreviewed	4Fe-4S Mo/W bis-MGD-type domain-containing protein	taxID:747365
M1FLK4	unreviewed	nitrate reductase (quinone)	taxID:490759
M1JGG5	unreviewed	nitrate reductase (quinone)	taxID:1261127
M1KHE4	unreviewed	nitrate reductase (quinone)	taxID:1261127
M1NRT8	unreviewed	nitrate reductase (quinone)	taxID:1121362
M1SF29	unreviewed	nitrate reductase (quinone)	taxID:543913
M2QGV6	unreviewed	Nitrate reductase alpha subunit	taxID:1238180
M2UL10	unreviewed	nitrate reductase (quinone)	taxID:1212548
M2XEM0	unreviewed	nitrate reductase (quinone)	taxID:1236550
M2Y2R2	unreviewed	Nitrate reductase alpha subunit	taxID:1284240
M2ZCZ5	unreviewed	Nitrate reductase alpha subunit	taxID:1284240
M2ZZL9	unreviewed	Nitrate reductase alpha subunit	taxID:1278076
M3V9P7	unreviewed	nitrate reductase (quinone)	taxID:1223542
M4NGH1	unreviewed	nitrate reductase (quinone)	taxID:666685
M4VE51	unreviewed	nitrate reductase (quinone)	taxID:349215
M4X125	unreviewed	nitrate reductase (quinone)	taxID:1294143
M4X2E1	unreviewed	nitrate reductase (quinone)	taxID:1294143
M5JMR8	unreviewed	nitrate reductase (quinone)	taxID:1234597
M5PEM2	unreviewed	nitrate reductase (quinone)	taxID:1274524
M5PGD1	unreviewed	nitrate reductase (quinone)	taxID:1274524
M7DFF2	unreviewed	nitrate reductase (quinone)	taxID:1288826
M7MVT6	unreviewed	Nitrate reductase alpha subunit	taxID:1276920
M7N9P7	unreviewed	nitrate reductase (quinone)	taxID:1235279
M7RLH7	unreviewed	nitrate reductase (quinone)	taxID:1192688
M7S8C2	unreviewed	nitrate reductase (quinone)	taxID:1192688
M8D906	unreviewed	nitrate reductase (quinone)	taxID:1297581
M9UBS4	unreviewed	nitrate reductase (quinone)	taxID:1241935
N0B455	unreviewed	nitrate reductase (quinone)	taxID:670307
N0E2A0	unreviewed	nitrate reductase (quinone)	taxID:1193181
N1V078	unreviewed	Nitrate reductase alpha subunit	taxID:1246476
N2IVZ2	unreviewed	nitrate reductase (quinone)	taxID:1203578
N6UU87	unreviewed	nitrate reductase (quinone)	taxID:363754
N6X475	unreviewed	nitrate reductase (quinone)	taxID:888050
N6X5I9	unreviewed	nitrate reductase (quinone)	taxID:626887
N6YY35	unreviewed	nitrate reductase (quinone)	taxID:1234381
N6YYP7	unreviewed	nitrate reductase (quinone)	taxID:1234382
O06459	unreviewed	nitrate reductase (quinone)	taxID:274
O06937	unreviewed	nitrate reductase (quinone)	taxID:294
O54043	unreviewed	nitrate reductase (quinone)	taxID:287
O86717	unreviewed	Nitrate reductase alpha subunit	taxID:100226
P09152	reviewed	Respiratory nitrate reductase 1 alpha chain	taxID:83333
P19319	reviewed	Respiratory nitrate reductase 2 alpha chain	taxID:83333
P42175	reviewed	Nitrate reductase alpha chain	taxID:224308
P9WJQ2	reviewed	Nitrate reductase alpha subunit	taxID:83331
P9WJQ3	reviewed	Nitrate reductase alpha subunit	taxID:83332
Q0A9Y1	unreviewed	nitrate reductase (quinone)	taxID:187272
Q0AL51	unreviewed	nitrate reductase (quinone)	taxID:394221
Q0B3L5	unreviewed	nitrate reductase (quinone)	taxID:339670
Q0C1X2	unreviewed	nitrate reductase (quinone)	taxID:228405
Q0HUB5	unreviewed	nitrate reductase (quinone)	taxID:60481
Q0JYX7	unreviewed	nitrate reductase (quinone)	taxID:381666
Q0T443	unreviewed	nitrate reductase (quinone)	taxID:373384
Q0T5G9	unreviewed	nitrate reductase (quinone)	taxID:373384
Q0VS54	unreviewed	nitrate reductase (quinone)	taxID:393595
Q122R4	unreviewed	nitrate reductase (quinone)	taxID:296591
Q15BQ8	unreviewed	nitrate reductase (quinone)	taxID:1423
Q166T5	unreviewed	nitrate reductase (quinone)	taxID:375451
Q1AWQ7	unreviewed	Nitrate reductase alpha subunit	taxID:266117
Q1EQU4	unreviewed	Nitrate reductase alpha subunit	taxID:1967
Q1LLM3	unreviewed	nitrate reductase (quinone)	taxID:266264
Q1QHW9	unreviewed	nitrate reductase (quinone)	taxID:323097
Q1QJ71	unreviewed	nitrate reductase (quinone)	taxID:323097
Q1QPP1	unreviewed	nitrate reductase (quinone)	taxID:323097
Q1QXX3	unreviewed	nitrate reductase (quinone)	taxID:290398
Q1RBV0	unreviewed	nitrate reductase (quinone)	taxID:364106
Q1RCL1	unreviewed	nitrate reductase (quinone)	taxID:364106
Q21UP9	unreviewed	nitrate reductase (quinone)	taxID:338969
Q251B9	unreviewed	nitrate reductase (quinone)	taxID:138119
Q2FVM1	unreviewed	nitrate reductase (quinone)	taxID:93061
Q2IJW3	unreviewed	nitrate reductase (quinone)	taxID:290397
Q2KJQ0	unreviewed	nitrate reductase (quinone)	taxID:316
Q2SF46	unreviewed	nitrate reductase (quinone)	taxID:349521
Q2SXG4	unreviewed	nitrate reductase (quinone)	taxID:271848
Q2T5V4	unreviewed	nitrate reductase (quinone)	taxID:271848
Q2YJY4	unreviewed	nitrate reductase (quinone)	taxID:359391
Q31ZR8	unreviewed	nitrate reductase (quinone)	taxID:300268
Q32GX8	unreviewed	nitrate reductase (quinone)	taxID:300267
Q39WW2	unreviewed	nitrate reductase (quinone)	taxID:269799
Q39YV2	unreviewed	nitrate reductase (quinone)	taxID:269799
Q3JMC2	unreviewed	nitrate reductase (quinone)	taxID:320372
Q3JQL1	unreviewed	nitrate reductase (quinone)	taxID:320372
Q3KTB0	unreviewed	nitrate reductase (quinone)	taxID:43767
Q3SJ14	unreviewed	4Fe-4S Mo/W bis-MGD-type domain-containing protein	taxID:292415
Q3SQW5	unreviewed	nitrate reductase (quinone)	taxID:323098
Q3SUK2	unreviewed	nitrate reductase (quinone)	taxID:323098
Q3Z0U3	unreviewed	nitrate reductase (quinone)	taxID:300269
Q3Z1L1	unreviewed	nitrate reductase (quinone)	taxID:300269
Q46R84	unreviewed	nitrate reductase (quinone)	taxID:264198
Q4FU43	unreviewed	nitrate reductase (quinone)	taxID:259536
Q4L8R2	unreviewed	nitrate reductase (quinone)	taxID:279808
Q577B4	unreviewed	nitrate reductase (quinone)	taxID:262698
Q57NP7	unreviewed	nitrate reductase (quinone)	taxID:321314
Q5HLK0	unreviewed	nitrate reductase (quinone)	taxID:176279
Q5NUP4	unreviewed	nitrate reductase (quinone)	taxID:150396
Q5NYZ4	unreviewed	nitrate reductase (quinone)	taxID:76114
Q5WK51	unreviewed	nitrate reductase (quinone)	taxID:66692
Q5YQZ1	unreviewed	Nitrate reductase alpha subunit	taxID:247156
Q63C43	unreviewed	nitrate reductase (quinone)	taxID:288681
Q63L49	unreviewed	nitrate reductase (quinone)	taxID:272560
Q63SL1	unreviewed	nitrate reductase (quinone)	taxID:272560
Q65J00	unreviewed	nitrate reductase (quinone)	taxID:279010
Q6AAF3	unreviewed	nitrate reductase (quinone)	taxID:267747
Q6D5K9	unreviewed	nitrate reductase (quinone)	taxID:218491
Q6GUE5	unreviewed	nitrate reductase (quinone)	taxID:117606
Q6HJJ3	unreviewed	nitrate reductase (quinone)	taxID:281309
Q6NJA9	unreviewed	nitrate reductase (quinone)	taxID:257309
Q71RT7	unreviewed	nitrate reductase (quinone)	taxID:29421
Q71RT8	unreviewed	nitrate reductase (quinone)	taxID:913
Q71RT9	unreviewed	4Fe-4S Mo/W bis-MGD-type domain-containing protein	taxID:93980
Q71RU0	unreviewed	nitrate reductase (quinone)	taxID:912
Q73WP0	unreviewed	Nitrate reductase alpha subunit	taxID:262316
Q75TJ6	unreviewed	Nitrate reductase alpha subunit	taxID:1422
Q7NV03	unreviewed	nitrate reductase (quinone)	taxID:243365
Q7UCS0	unreviewed	nitrate reductase (quinone)	taxID:623
Q7WX72	unreviewed	nitrate reductase (quinone)	taxID:381666
Q81E72	unreviewed	nitrate reductase (quinone)	taxID:226900
Q8FQ39	unreviewed	nitrate reductase (quinone)	taxID:196164
Q8GQX4	unreviewed	nitrate reductase (quinone)	taxID:971
Q8KZN7	unreviewed	nitrate reductase (quinone)	taxID:1402
Q8NR68	unreviewed	nitrate reductase (quinone)	taxID:196627
Q8VUK0	unreviewed	nitrate reductase (quinone)	taxID:28252
Q8X9Y2	unreviewed	nitrate reductase (quinone)	taxID:83334
Q8XDC8	unreviewed	nitrate reductase (quinone)	taxID:83334
Q8XR85	unreviewed	nitrate reductase (quinone)	taxID:267608
Q8YBF0	unreviewed	Nitrate reductase alpha chain	taxID:224914
Q8Z732	unreviewed	nitrate reductase (quinone)	taxID:90370
Q8Z7F9	unreviewed	nitrate reductase (quinone)	taxID:90370
Q8ZP37	unreviewed	nitrate reductase (quinone)	taxID:99287
Q8ZPE1	unreviewed	nitrate reductase (quinone)	taxID:99287
Q8ZSS1	unreviewed	nitrate reductase (quinone)	taxID:178306
Q9EWF3	unreviewed	nitrate reductase (quinone)	taxID:100226
Q9F0X7	unreviewed	nitrate reductase (quinone)	taxID:294
Q9RI32	unreviewed	Nitrate reductase alpha subunit	taxID:100226
Q9YCG9	unreviewed	nitrate reductase (quinone)	taxID:272557
Q9ZIF8	unreviewed	nitrate reductase (quinone)	taxID:1281
R4G5J5	unreviewed	nitrate reductase (quinone)	taxID:1315967
R4QZ05	unreviewed	Nitrate reductase alpha subunit	taxID:531310
R5ZYM0	unreviewed	nitrate reductase (quinone)	taxID:1262986
R7APU2	unreviewed	nitrate reductase (quinone)	taxID:1262876
R7INU1	unreviewed	nitrate reductase (quinone)	taxID:1262975
R7WN97	unreviewed	Nitrate reductase alpha subunit	taxID:1273125
R7XK95	unreviewed	nitrate reductase (quinone)	taxID:1229514
R7XZN9	unreviewed	Nitrate reductase alpha subunit	taxID:110319
R7YAT6	unreviewed	nitrate reductase (quinone)	taxID:1316928
R8DFX0	unreviewed	nitrate reductase (quinone)	taxID:1053205
R8HLU1	unreviewed	nitrate reductase (quinone)	taxID:1053224
R8N4U1	unreviewed	nitrate reductase (quinone)	taxID:1053236
R8QI61	unreviewed	nitrate reductase (quinone)	taxID:1053231
R8WU29	unreviewed	nitrate reductase (quinone)	taxID:1169322
R8WWE7	unreviewed	nitrate reductase (quinone)	taxID:1169322
R9LEZ7	unreviewed	nitrate reductase (quinone)	taxID:1235795
R9WGH6	unreviewed	nitrate reductase (quinone)	taxID:1340495
S1PGU1	unreviewed	nitrate reductase (quinone)	taxID:1181728
S1PJC1	unreviewed	nitrate reductase (quinone)	taxID:1181728
S2KXL5	unreviewed	nitrate reductase (quinone)	taxID:1121939
S2WLG9	unreviewed	nitrate reductase (quinone)	taxID:883161
S2X9H2	unreviewed	nitrate reductase (quinone)	taxID:1078083
S2Z3K6	unreviewed	nitrate reductase (quinone)	taxID:1125779
S2ZSV6	unreviewed	nitrate reductase (quinone)	taxID:1203593
S3B277	unreviewed	nitrate reductase (quinone)	taxID:1203592
S3B3A0	unreviewed	Nitrate reductase alpha subunit	taxID:1203592
S3J9B8	unreviewed	nitrate reductase (quinone)	taxID:566551
S3WWF3	unreviewed	nitrate reductase (quinone)	taxID:1203605
S4AV00	unreviewed	Nitrate reductase alpha subunit	taxID:1286094
S4YPZ9	unreviewed	nitrate reductase (quinone)	taxID:1348660
S5AJ72	unreviewed	nitrate reductase (quinone)	taxID:1300253
S5MVU4	unreviewed	nitrate reductase (quinone)	taxID:1197719
S5N5I1	unreviewed	nitrate reductase (quinone)	taxID:1358027
S5N8Y8	unreviewed	nitrate reductase (quinone)	taxID:1197719
S5TI94	unreviewed	nitrate reductase (quinone)	taxID:1224163
S5YWL4	unreviewed	nitrate reductase (quinone)	taxID:1921421
S6A289	unreviewed	nitrate reductase (quinone)	taxID:1921421
S6IIQ7	unreviewed	nitrate reductase (quinone)	taxID:911242
S7JJC7	unreviewed	nitrate reductase (quinone)	taxID:1336752
S7SSX3	unreviewed	Respiratory nitrate reductase alpha chain	taxID:886559
S7VAY0	unreviewed	nitrate reductase (quinone)	taxID:1121405
T0ASE7	unreviewed	nitrate reductase (quinone)	taxID:1348657
T0M4I4	unreviewed	nitrate reductase (quinone)	taxID:667135
T1XL37	unreviewed	nitrate reductase (quinone)	taxID:1246301
T2N070	unreviewed	nitrate reductase (quinone)	taxID:658080
U1Q572	unreviewed	nitrate reductase (quinone)	taxID:1227261
U1QDC0	unreviewed	nitrate reductase (quinone)	taxID:1227262
U1QE67	unreviewed	nitrate reductase (quinone)	taxID:1321775
U1QPI8	unreviewed	nitrate reductase (quinone)	taxID:1321818
U1SY66	unreviewed	nitrate reductase (quinone)	taxID:321846
U2M7W2	unreviewed	nitrate reductase (quinone)	taxID:1321786
U2Q587	unreviewed	nitrate reductase (quinone)	taxID:553198
U2TEP1	unreviewed	4Fe-4S Mo/W bis-MGD-type domain-containing protein	taxID:1321781
U2X4C9	unreviewed	nitrate reductase (quinone)	taxID:1337888
U3B231	unreviewed	nitrate reductase (quinone)	taxID:1215092
U3T9S4	unreviewed	nitrate reductase (quinone)	taxID:1198449
U4T2K0	unreviewed	nitrate reductase (quinone)	taxID:1354303
U5E888	unreviewed	Nitrate reductase alpha subunit	taxID:1110697
U5ENZ7	unreviewed	Nitrate reductase alpha subunit	taxID:1110697
U5WQF4	unreviewed	Nitrate reductase alpha subunit	taxID:557599
U5WWA5	unreviewed	Nitrate reductase alpha subunit	taxID:557599
U6RHS2	unreviewed	nitrate reductase (quinone)	taxID:1078089
U7GSW1	unreviewed	nitrate reductase (quinone)	taxID:1397533
U7KJL9	unreviewed	nitrate reductase (quinone)	taxID:1203619
U7LD60	unreviewed	nitrate reductase (quinone)	taxID:1203562
U7MVZ4	unreviewed	nitrate reductase (quinone)	taxID:1203622
U7NJN2	unreviewed	nitrate reductase (quinone)	taxID:1397528
U7NSZ6	unreviewed	nitrate reductase (quinone)	taxID:1397532
U7P5Y0	unreviewed	nitrate reductase (quinone)	taxID:1396859
U7V7R9	unreviewed	nitrate reductase (quinone)	taxID:888019
V1GRB6	unreviewed	nitrate reductase (quinone)	taxID:1173950
V1H0H0	unreviewed	nitrate reductase (quinone)	taxID:1173950
V2IYP6	unreviewed	nitrate reductase (quinone)	taxID:1217418
V4PLH3	unreviewed	Nitrate reductase A subunit alpha	taxID:1282360
V4R191	unreviewed	nitrate reductase (quinone)	taxID:631454
V5TZ16	unreviewed	nitrate reductase (quinone)	taxID:413503
V6KRX0	unreviewed	nitrate reductase (quinone)	taxID:1352936
V7IBI8	unreviewed	nitrate reductase (quinone)	taxID:1073362
V7IJ52	unreviewed	4Fe-4S Mo/W bis-MGD-type domain-containing protein	taxID:1192560
V7INA3	unreviewed	4Fe-4S Mo/W bis-MGD-type domain-containing protein	taxID:1192560
V8CXJ7	unreviewed	nitrate reductase (quinone)	taxID:1313067
V8QWF0	unreviewed	nitrate reductase (quinone)	taxID:1424334
V9HM24	unreviewed	nitrate reductase (quinone)	taxID:641147
V9WC01	unreviewed	nitrate reductase (quinone)	taxID:697284
V9X7M9	unreviewed	Nitrate reductase alpha subunit	taxID:1435356
W0DMN8	unreviewed	nitrate reductase (quinone)	taxID:713585
W0HRV8	unreviewed	nitrate reductase (quinone)	taxID:1239307
W1DL95	unreviewed	nitrate reductase (quinone)	taxID:1432552
W1DRU3	unreviewed	Respiratory nitrate reductase alpha chain	taxID:1432552
W1EZB7	unreviewed	nitrate reductase (quinone)	taxID:1432555
W1N144	unreviewed	nitrate reductase (quinone)	taxID:1178482
W1N8Z1	unreviewed	nitrate reductase (quinone)	taxID:1178482
W1V4W2	unreviewed	nitrate reductase (quinone)	taxID:1403949
W1X376	unreviewed	nitrate reductase (quinone)	taxID:1403943
W1X799	unreviewed	nitrate reductase (quinone)	taxID:1403943
W2TZR0	unreviewed	nitrate reductase (quinone)	taxID:570924
W2UE17	unreviewed	nitrate reductase (quinone)	taxID:1411685
W3Y5Q8	unreviewed	nitrate reductase (quinone)	taxID:936589
W5TG77	unreviewed	Nitrate reductase alpha subunit	taxID:1415166
W5TII7	unreviewed	Nitrate reductase alpha subunit	taxID:1415166
W5Y5W3	unreviewed	nitrate reductase (quinone)	taxID:1224164
W6K2T1	unreviewed	nitrate reductase (quinone)	taxID:1193182
W6M9R0	unreviewed	nitrate reductase (quinone)	taxID:1400863
W6VCQ8	unreviewed	nitrate reductase (quinone)	taxID:1144708
W7B945	unreviewed	nitrate reductase (quinone)	taxID:1265819
W7DNF9	unreviewed	nitrate reductase (quinone)	taxID:1265822
W7DNG6	unreviewed	nitrate reductase (quinone)	taxID:1265816
W7DU74	unreviewed	nitrate reductase (quinone)	taxID:1208583
W7P460	unreviewed	nitrate reductase (quinone)	taxID:1395580
W7Q0Y2	unreviewed	nitrate reductase (quinone)	taxID:1403540
W7SXF9	unreviewed	Nitrate reductase alpha subunit	taxID:345341
W8UTJ0	unreviewed	nitrate reductase (quinone)	taxID:1420013
W8UZH4	unreviewed	nitrate reductase (quinone)	taxID:1420013
W8X0J2	unreviewed	nitrate reductase (quinone)	taxID:1437824
W8Y2C7	unreviewed	nitrate reductase (quinone)	taxID:1431339
W9G783	unreviewed	nitrate reductase (quinone)	taxID:1386089
W9GMA1	unreviewed	Nitrate reductase alpha subunit	taxID:584657
W9SYU3	unreviewed	nitrate reductase (quinone)	taxID:1439940
W9UQQ4	unreviewed	nitrate reductase (quinone)	taxID:1229521
X0P9I8	unreviewed	4Fe-4S Mo/W bis-MGD-type domain-containing protein	taxID:1423743
X0R6W6	unreviewed	nitrate reductase (quinone)	taxID:1298607
X0RH50	unreviewed	nitrate reductase (quinone)	taxID:1298610
X7YXU5	unreviewed	Nitrate reductase alpha subunit	taxID:1299326
X7ZKP8	unreviewed	Nitrate reductase alpha subunit	taxID:1299326
X8CR35	unreviewed	Nitrate reductase alpha subunit	taxID:1299331
X8H4H6	unreviewed	nitrate reductase (quinone)	taxID:936591
